service,fiscal_year,year,start_year,diagnosis_category,sex,age_group,rate_per_100k,ci_low,ci_high
ED visit,2018-2019,2019,2018,Neurocognitive disorders,Female,Agegroup:5–9years–Rate,6.0,,
ED visit,2018-2019,2019,2018,Neurocognitive disorders,Male,Agegroup:5–9years–Rate,9.0,,
ED visit,2018-2019,2019,2018,Neurocognitive disorders,Total,Agegroup:5–9years–Rate,8.0,,
ED visit,2018-2019,2019,2018,Substance-related disorders,Female,Agegroup:5–9years–Rate,1.0,,
ED visit,2018-2019,2019,2018,Substance-related disorders,Male,Agegroup:5–9years–Rate,2.0,,
ED visit,2018-2019,2019,2018,Substance-related disorders,Total,Agegroup:5–9years–Rate,2.0,,
ED visit,2018-2019,2019,2018,Schizophrenic and psychotic disorders,Female,Agegroup:5–9years–Rate,1.0,,
ED visit,2018-2019,2019,2018,Schizophrenic and psychotic disorders,Male,Agegroup:5–9years–Rate,3.0,,
ED visit,2018-2019,2019,2018,Schizophrenic and psychotic disorders,Total,Agegroup:5–9years–Rate,2.0,,
ED visit,2018-2019,2019,2018,Mood disorders,Female,Agegroup:5–9years–Rate,5.0,,
ED visit,2018-2019,2019,2018,Mood disorders,Male,Agegroup:5–9years–Rate,14.0,,
ED visit,2018-2019,2019,2018,Mood disorders,Total,Agegroup:5–9years–Rate,10.0,,
ED visit,2018-2019,2019,2018,Anxiety disorders,Female,Agegroup:5–9years–Rate,46.0,,
ED visit,2018-2019,2019,2018,Anxiety disorders,Male,Agegroup:5–9years–Rate,44.0,,
ED visit,2018-2019,2019,2018,Anxiety disorders,Total,Agegroup:5–9years–Rate,45.0,,
ED visit,2018-2019,2019,2018,Personality disorders,Female,Agegroup:5–9years–Rate,1.0,,
ED visit,2018-2019,2019,2018,Personality disorders,Male,Agegroup:5–9years–Rate,2.0,,
ED visit,2018-2019,2019,2018,Personality disorders,Total,Agegroup:5–9years–Rate,2.0,,
ED visit,2018-2019,2019,2018,Other disorders,Female,Agegroup:5–9years–Rate,87.0,,
ED visit,2018-2019,2019,2018,Other disorders,Male,Agegroup:5–9years–Rate,204.0,,
ED visit,2018-2019,2019,2018,Other disorders,Total,Agegroup:5–9years–Rate,147.0,,
ED visit,2018-2019,2019,2018,   Trauma- and stressor-related disorders,Female,Agegroup:5–9years–Rate,34.0,,
ED visit,2018-2019,2019,2018,   Trauma- and stressor-related disorders,Male,Agegroup:5–9years–Rate,63.0,,
ED visit,2018-2019,2019,2018,   Trauma- and stressor-related disorders,Total,Agegroup:5–9years–Rate,49.0,,
ED visit,2018-2019,2019,2018,"   Disruptive, impulse control and conduct disorders",Female,Agegroup:5–9years–Rate,20.0,,
ED visit,2018-2019,2019,2018,"   Disruptive, impulse control and conduct disorders",Male,Agegroup:5–9years–Rate,58.0,,
ED visit,2018-2019,2019,2018,"   Disruptive, impulse control and conduct disorders",Total,Agegroup:5–9years–Rate,39.0,,
ED visit,2018-2019,2019,2018,   Eating and feeding disorders,Female,Agegroup:5–9years–Rate,2.0,,
ED visit,2018-2019,2019,2018,   Eating and feeding disorders,Male,Agegroup:5–9years–Rate,3.0,,
ED visit,2018-2019,2019,2018,   Eating and feeding disorders,Total,Agegroup:5–9years–Rate,2.0,,
ED visit,2018-2019,2019,2018,   Tic disorders,Female,Agegroup:5–9years–Rate,9.0,,
ED visit,2018-2019,2019,2018,   Tic disorders,Male,Agegroup:5–9years–Rate,21.0,,
ED visit,2018-2019,2019,2018,   Tic disorders,Total,Agegroup:5–9years–Rate,15.0,,
ED visit,2018-2019,2019,2018,   ADHD,Female,Agegroup:5–9years–Rate,9.0,,
ED visit,2018-2019,2019,2018,   ADHD,Male,Agegroup:5–9years–Rate,36.0,,
ED visit,2018-2019,2019,2018,   ADHD,Total,Agegroup:5–9years–Rate,23.0,,
ED visit,2019-2020,2020,2019,Neurocognitive disorders,Female,Agegroup:5–9years–Rate,6.0,,
ED visit,2019-2020,2020,2019,Neurocognitive disorders,Male,Agegroup:5–9years–Rate,6.0,,
ED visit,2019-2020,2020,2019,Neurocognitive disorders,Total,Agegroup:5–9years–Rate,6.0,,
ED visit,2019-2020,2020,2019,Substance-related disorders,Female,Agegroup:5–9years–Rate,1.0,,
ED visit,2019-2020,2020,2019,Substance-related disorders,Male,Agegroup:5–9years–Rate,2.0,,
ED visit,2019-2020,2020,2019,Substance-related disorders,Total,Agegroup:5–9years–Rate,2.0,,
ED visit,2019-2020,2020,2019,Schizophrenic and psychotic disorders,Female,Agegroup:5–9years–Rate,0.0,,
ED visit,2019-2020,2020,2019,Schizophrenic and psychotic disorders,Male,Agegroup:5–9years–Rate,1.0,,
ED visit,2019-2020,2020,2019,Schizophrenic and psychotic disorders,Total,Agegroup:5–9years–Rate,0.0,,
ED visit,2019-2020,2020,2019,Mood disorders,Female,Agegroup:5–9years–Rate,5.0,,
ED visit,2019-2020,2020,2019,Mood disorders,Male,Agegroup:5–9years–Rate,11.0,,
ED visit,2019-2020,2020,2019,Mood disorders,Total,Agegroup:5–9years–Rate,8.0,,
ED visit,2019-2020,2020,2019,Anxiety disorders,Female,Agegroup:5–9years–Rate,39.0,,
ED visit,2019-2020,2020,2019,Anxiety disorders,Male,Agegroup:5–9years–Rate,37.0,,
ED visit,2019-2020,2020,2019,Anxiety disorders,Total,Agegroup:5–9years–Rate,38.0,,
ED visit,2019-2020,2020,2019,Personality disorders,Female,Agegroup:5–9years–Rate,1.0,,
ED visit,2019-2020,2020,2019,Personality disorders,Male,Agegroup:5–9years–Rate,3.0,,
ED visit,2019-2020,2020,2019,Personality disorders,Total,Agegroup:5–9years–Rate,2.0,,
ED visit,2019-2020,2020,2019,Other disorders,Female,Agegroup:5–9years–Rate,83.0,,
ED visit,2019-2020,2020,2019,Other disorders,Male,Agegroup:5–9years–Rate,197.0,,
ED visit,2019-2020,2020,2019,Other disorders,Total,Agegroup:5–9years–Rate,142.0,,
ED visit,2019-2020,2020,2019,   Trauma- and stressor-related disorders,Female,Agegroup:5–9years–Rate,33.0,,
ED visit,2019-2020,2020,2019,   Trauma- and stressor-related disorders,Male,Agegroup:5–9years–Rate,58.0,,
ED visit,2019-2020,2020,2019,   Trauma- and stressor-related disorders,Total,Agegroup:5–9years–Rate,46.0,,
ED visit,2019-2020,2020,2019,"   Disruptive, impulse control and conduct disorders",Female,Agegroup:5–9years–Rate,21.0,,
ED visit,2019-2020,2020,2019,"   Disruptive, impulse control and conduct disorders",Male,Agegroup:5–9years–Rate,54.0,,
ED visit,2019-2020,2020,2019,"   Disruptive, impulse control and conduct disorders",Total,Agegroup:5–9years–Rate,38.0,,
ED visit,2019-2020,2020,2019,   Eating and feeding disorders,Female,Agegroup:5–9years–Rate,2.0,,
ED visit,2019-2020,2020,2019,   Eating and feeding disorders,Male,Agegroup:5–9years–Rate,2.0,,
ED visit,2019-2020,2020,2019,   Eating and feeding disorders,Total,Agegroup:5–9years–Rate,2.0,,
ED visit,2019-2020,2020,2019,   Tic disorders,Female,Agegroup:5–9years–Rate,8.0,,
ED visit,2019-2020,2020,2019,   Tic disorders,Male,Agegroup:5–9years–Rate,23.0,,
ED visit,2019-2020,2020,2019,   Tic disorders,Total,Agegroup:5–9years–Rate,16.0,,
ED visit,2019-2020,2020,2019,   ADHD,Female,Agegroup:5–9years–Rate,8.0,,
ED visit,2019-2020,2020,2019,   ADHD,Male,Agegroup:5–9years–Rate,39.0,,
ED visit,2019-2020,2020,2019,   ADHD,Total,Agegroup:5–9years–Rate,24.0,,
ED visit,2020-2021,2021,2020,Neurocognitive disorders,Female,Agegroup:5–9years–Rate,3.0,,
ED visit,2020-2021,2021,2020,Neurocognitive disorders,Male,Agegroup:5–9years–Rate,3.0,,
ED visit,2020-2021,2021,2020,Neurocognitive disorders,Total,Agegroup:5–9years–Rate,3.0,,
ED visit,2020-2021,2021,2020,Substance-related disorders,Female,Agegroup:5–9years–Rate,2.0,,
ED visit,2020-2021,2021,2020,Substance-related disorders,Male,Agegroup:5–9years–Rate,1.0,,
ED visit,2020-2021,2021,2020,Substance-related disorders,Total,Agegroup:5–9years–Rate,2.0,,
ED visit,2020-2021,2021,2020,Schizophrenic and psychotic disorders,Female,Agegroup:5–9years–Rate,1.0,,
ED visit,2020-2021,2021,2020,Schizophrenic and psychotic disorders,Male,Agegroup:5–9years–Rate,1.0,,
ED visit,2020-2021,2021,2020,Schizophrenic and psychotic disorders,Total,Agegroup:5–9years–Rate,1.0,,
ED visit,2020-2021,2021,2020,Mood disorders,Female,Agegroup:5–9years–Rate,5.0,,
ED visit,2020-2021,2021,2020,Mood disorders,Male,Agegroup:5–9years–Rate,7.0,,
ED visit,2020-2021,2021,2020,Mood disorders,Total,Agegroup:5–9years–Rate,6.0,,
ED visit,2020-2021,2021,2020,Anxiety disorders,Female,Agegroup:5–9years–Rate,41.0,,
ED visit,2020-2021,2021,2020,Anxiety disorders,Male,Agegroup:5–9years–Rate,32.0,,
ED visit,2020-2021,2021,2020,Anxiety disorders,Total,Agegroup:5–9years–Rate,37.0,,
ED visit,2020-2021,2021,2020,Personality disorders,Female,Agegroup:5–9years–Rate,1.0,,
ED visit,2020-2021,2021,2020,Personality disorders,Male,Agegroup:5–9years–Rate,2.0,,
ED visit,2020-2021,2021,2020,Personality disorders,Total,Agegroup:5–9years–Rate,1.0,,
ED visit,2020-2021,2021,2020,Other disorders,Female,Agegroup:5–9years–Rate,65.0,,
ED visit,2020-2021,2021,2020,Other disorders,Male,Agegroup:5–9years–Rate,132.0,,
ED visit,2020-2021,2021,2020,Other disorders,Total,Agegroup:5–9years–Rate,99.0,,
ED visit,2020-2021,2021,2020,   Trauma- and stressor-related disorders,Female,Agegroup:5–9years–Rate,24.0,,
ED visit,2020-2021,2021,2020,   Trauma- and stressor-related disorders,Male,Agegroup:5–9years–Rate,40.0,,
ED visit,2020-2021,2021,2020,   Trauma- and stressor-related disorders,Total,Agegroup:5–9years–Rate,32.0,,
ED visit,2020-2021,2021,2020,"   Disruptive, impulse control and conduct disorders",Female,Agegroup:5–9years–Rate,13.0,,
ED visit,2020-2021,2021,2020,"   Disruptive, impulse control and conduct disorders",Male,Agegroup:5–9years–Rate,30.0,,
ED visit,2020-2021,2021,2020,"   Disruptive, impulse control and conduct disorders",Total,Agegroup:5–9years–Rate,21.0,,
ED visit,2020-2021,2021,2020,   Eating and feeding disorders,Female,Agegroup:5–9years–Rate,2.0,,
ED visit,2020-2021,2021,2020,   Eating and feeding disorders,Male,Agegroup:5–9years–Rate,1.0,,
ED visit,2020-2021,2021,2020,   Eating and feeding disorders,Total,Agegroup:5–9years–Rate,1.0,,
ED visit,2020-2021,2021,2020,   Tic disorders,Female,Agegroup:5–9years–Rate,12.0,,
ED visit,2020-2021,2021,2020,   Tic disorders,Male,Agegroup:5–9years–Rate,24.0,,
ED visit,2020-2021,2021,2020,   Tic disorders,Total,Agegroup:5–9years–Rate,18.0,,
ED visit,2020-2021,2021,2020,   ADHD,Female,Agegroup:5–9years–Rate,6.0,,
ED visit,2020-2021,2021,2020,   ADHD,Male,Agegroup:5–9years–Rate,23.0,,
ED visit,2020-2021,2021,2020,   ADHD,Total,Agegroup:5–9years–Rate,15.0,,
ED visit,2021-2022,2022,2021,Neurocognitive disorders,Female,Agegroup:5–9years–Rate,3.0,,
ED visit,2021-2022,2022,2021,Neurocognitive disorders,Male,Agegroup:5–9years–Rate,5.0,,
ED visit,2021-2022,2022,2021,Neurocognitive disorders,Total,Agegroup:5–9years–Rate,4.0,,
ED visit,2021-2022,2022,2021,Substance-related disorders,Female,Agegroup:5–9years–Rate,2.0,,
ED visit,2021-2022,2022,2021,Substance-related disorders,Male,Agegroup:5–9years–Rate,2.0,,
ED visit,2021-2022,2022,2021,Substance-related disorders,Total,Agegroup:5–9years–Rate,2.0,,
ED visit,2021-2022,2022,2021,Schizophrenic and psychotic disorders,Female,Agegroup:5–9years–Rate,1.0,,
ED visit,2021-2022,2022,2021,Schizophrenic and psychotic disorders,Male,Agegroup:5–9years–Rate,1.0,,
ED visit,2021-2022,2022,2021,Schizophrenic and psychotic disorders,Total,Agegroup:5–9years–Rate,1.0,,
ED visit,2021-2022,2022,2021,Mood disorders,Female,Agegroup:5–9years–Rate,4.0,,
ED visit,2021-2022,2022,2021,Mood disorders,Male,Agegroup:5–9years–Rate,8.0,,
ED visit,2021-2022,2022,2021,Mood disorders,Total,Agegroup:5–9years–Rate,6.0,,
ED visit,2021-2022,2022,2021,Anxiety disorders,Female,Agegroup:5–9years–Rate,46.0,,
ED visit,2021-2022,2022,2021,Anxiety disorders,Male,Agegroup:5–9years–Rate,36.0,,
ED visit,2021-2022,2022,2021,Anxiety disorders,Total,Agegroup:5–9years–Rate,41.0,,
ED visit,2021-2022,2022,2021,Personality disorders,Female,Agegroup:5–9years–Rate,1.0,,
ED visit,2021-2022,2022,2021,Personality disorders,Male,Agegroup:5–9years–Rate,2.0,,
ED visit,2021-2022,2022,2021,Personality disorders,Total,Agegroup:5–9years–Rate,1.0,,
ED visit,2021-2022,2022,2021,Other disorders,Female,Agegroup:5–9years–Rate,72.0,,
ED visit,2021-2022,2022,2021,Other disorders,Male,Agegroup:5–9years–Rate,152.0,,
ED visit,2021-2022,2022,2021,Other disorders,Total,Agegroup:5–9years–Rate,113.0,,
ED visit,2021-2022,2022,2021,   Trauma- and stressor-related disorders,Female,Agegroup:5–9years–Rate,23.0,,
ED visit,2021-2022,2022,2021,   Trauma- and stressor-related disorders,Male,Agegroup:5–9years–Rate,41.0,,
ED visit,2021-2022,2022,2021,   Trauma- and stressor-related disorders,Total,Agegroup:5–9years–Rate,32.0,,
ED visit,2021-2022,2022,2021,"   Disruptive, impulse control and conduct disorders",Female,Agegroup:5–9years–Rate,14.0,,
ED visit,2021-2022,2022,2021,"   Disruptive, impulse control and conduct disorders",Male,Agegroup:5–9years–Rate,31.0,,
ED visit,2021-2022,2022,2021,"   Disruptive, impulse control and conduct disorders",Total,Agegroup:5–9years–Rate,23.0,,
ED visit,2021-2022,2022,2021,   Eating and feeding disorders,Female,Agegroup:5–9years–Rate,3.0,,
ED visit,2021-2022,2022,2021,   Eating and feeding disorders,Male,Agegroup:5–9years–Rate,2.0,,
ED visit,2021-2022,2022,2021,   Eating and feeding disorders,Total,Agegroup:5–9years–Rate,3.0,,
ED visit,2021-2022,2022,2021,   Tic disorders,Female,Agegroup:5–9years–Rate,11.0,,
ED visit,2021-2022,2022,2021,   Tic disorders,Male,Agegroup:5–9years–Rate,29.0,,
ED visit,2021-2022,2022,2021,   Tic disorders,Total,Agegroup:5–9years–Rate,20.0,,
ED visit,2021-2022,2022,2021,   ADHD,Female,Agegroup:5–9years–Rate,7.0,,
ED visit,2021-2022,2022,2021,   ADHD,Male,Agegroup:5–9years–Rate,27.0,,
ED visit,2021-2022,2022,2021,   ADHD,Total,Agegroup:5–9years–Rate,17.0,,
ED visit,2022-2023,2023,2022,Neurocognitive disorders,Female,Agegroup:5–9years–Rate,4.0,,
ED visit,2022-2023,2023,2022,Neurocognitive disorders,Male,Agegroup:5–9years–Rate,4.0,,
ED visit,2022-2023,2023,2022,Neurocognitive disorders,Total,Agegroup:5–9years–Rate,4.0,,
ED visit,2022-2023,2023,2022,Substance-related disorders,Female,Agegroup:5–9years–Rate,3.0,,
ED visit,2022-2023,2023,2022,Substance-related disorders,Male,Agegroup:5–9years–Rate,5.0,,
ED visit,2022-2023,2023,2022,Substance-related disorders,Total,Agegroup:5–9years–Rate,4.0,,
ED visit,2022-2023,2023,2022,Schizophrenic and psychotic disorders,Female,Agegroup:5–9years–Rate,1.0,,
ED visit,2022-2023,2023,2022,Schizophrenic and psychotic disorders,Male,Agegroup:5–9years–Rate,1.0,,
ED visit,2022-2023,2023,2022,Schizophrenic and psychotic disorders,Total,Agegroup:5–9years–Rate,1.0,,
ED visit,2022-2023,2023,2022,Mood disorders,Female,Agegroup:5–9years–Rate,4.0,,
ED visit,2022-2023,2023,2022,Mood disorders,Male,Agegroup:5–9years–Rate,7.0,,
ED visit,2022-2023,2023,2022,Mood disorders,Total,Agegroup:5–9years–Rate,5.0,,
ED visit,2022-2023,2023,2022,Anxiety disorders,Female,Agegroup:5–9years–Rate,37.0,,
ED visit,2022-2023,2023,2022,Anxiety disorders,Male,Agegroup:5–9years–Rate,28.0,,
ED visit,2022-2023,2023,2022,Anxiety disorders,Total,Agegroup:5–9years–Rate,32.0,,
ED visit,2022-2023,2023,2022,Personality disorders,Female,Agegroup:5–9years–Rate,1.0,,
ED visit,2022-2023,2023,2022,Personality disorders,Male,Agegroup:5–9years–Rate,2.0,,
ED visit,2022-2023,2023,2022,Personality disorders,Total,Agegroup:5–9years–Rate,1.0,,
ED visit,2022-2023,2023,2022,Other disorders,Female,Agegroup:5–9years–Rate,63.0,,
ED visit,2022-2023,2023,2022,Other disorders,Male,Agegroup:5–9years–Rate,141.0,,
ED visit,2022-2023,2023,2022,Other disorders,Total,Agegroup:5–9years–Rate,103.0,,
ED visit,2022-2023,2023,2022,   Trauma- and stressor-related disorders,Female,Agegroup:5–9years–Rate,18.0,,
ED visit,2022-2023,2023,2022,   Trauma- and stressor-related disorders,Male,Agegroup:5–9years–Rate,38.0,,
ED visit,2022-2023,2023,2022,   Trauma- and stressor-related disorders,Total,Agegroup:5–9years–Rate,28.0,,
ED visit,2022-2023,2023,2022,"   Disruptive, impulse control and conduct disorders",Female,Agegroup:5–9years–Rate,15.0,,
ED visit,2022-2023,2023,2022,"   Disruptive, impulse control and conduct disorders",Male,Agegroup:5–9years–Rate,30.0,,
ED visit,2022-2023,2023,2022,"   Disruptive, impulse control and conduct disorders",Total,Agegroup:5–9years–Rate,22.0,,
ED visit,2022-2023,2023,2022,   Eating and feeding disorders,Female,Agegroup:5–9years–Rate,4.0,,
ED visit,2022-2023,2023,2022,   Eating and feeding disorders,Male,Agegroup:5–9years–Rate,3.0,,
ED visit,2022-2023,2023,2022,   Eating and feeding disorders,Total,Agegroup:5–9years–Rate,3.0,,
ED visit,2022-2023,2023,2022,   Tic disorders,Female,Agegroup:5–9years–Rate,8.0,,
ED visit,2022-2023,2023,2022,   Tic disorders,Male,Agegroup:5–9years–Rate,22.0,,
ED visit,2022-2023,2023,2022,   Tic disorders,Total,Agegroup:5–9years–Rate,15.0,,
ED visit,2022-2023,2023,2022,   ADHD,Female,Agegroup:5–9years–Rate,7.0,,
ED visit,2022-2023,2023,2022,   ADHD,Male,Agegroup:5–9years–Rate,25.0,,
ED visit,2022-2023,2023,2022,   ADHD,Total,Agegroup:5–9years–Rate,16.0,,
ED visit,2023-2024,2024,2023,Neurocognitive disorders,Female,Agegroup:5–9years–Rate,4.0,,
ED visit,2023-2024,2024,2023,Neurocognitive disorders,Male,Agegroup:5–9years–Rate,4.0,,
ED visit,2023-2024,2024,2023,Neurocognitive disorders,Total,Agegroup:5–9years–Rate,4.0,,
ED visit,2023-2024,2024,2023,Substance-related disorders,Female,Agegroup:5–9years–Rate,3.0,,
ED visit,2023-2024,2024,2023,Substance-related disorders,Male,Agegroup:5–9years–Rate,3.0,,
ED visit,2023-2024,2024,2023,Substance-related disorders,Total,Agegroup:5–9years–Rate,3.0,,
ED visit,2023-2024,2024,2023,Schizophrenic and psychotic disorders,Female,Agegroup:5–9years–Rate,1.0,,
ED visit,2023-2024,2024,2023,Schizophrenic and psychotic disorders,Male,Agegroup:5–9years–Rate,1.0,,
ED visit,2023-2024,2024,2023,Schizophrenic and psychotic disorders,Total,Agegroup:5–9years–Rate,1.0,,
ED visit,2023-2024,2024,2023,Mood disorders,Female,Agegroup:5–9years–Rate,7.0,,
ED visit,2023-2024,2024,2023,Mood disorders,Male,Agegroup:5–9years–Rate,7.0,,
ED visit,2023-2024,2024,2023,Mood disorders,Total,Agegroup:5–9years–Rate,7.0,,
ED visit,2023-2024,2024,2023,Anxiety disorders,Female,Agegroup:5–9years–Rate,36.0,,
ED visit,2023-2024,2024,2023,Anxiety disorders,Male,Agegroup:5–9years–Rate,26.0,,
ED visit,2023-2024,2024,2023,Anxiety disorders,Total,Agegroup:5–9years–Rate,31.0,,
ED visit,2023-2024,2024,2023,Personality disorders,Female,Agegroup:5–9years–Rate,1.0,,
ED visit,2023-2024,2024,2023,Personality disorders,Male,Agegroup:5–9years–Rate,2.0,,
ED visit,2023-2024,2024,2023,Personality disorders,Total,Agegroup:5–9years–Rate,2.0,,
ED visit,2023-2024,2024,2023,Other disorders,Female,Agegroup:5–9years–Rate,68.0,,
ED visit,2023-2024,2024,2023,Other disorders,Male,Agegroup:5–9years–Rate,131.0,,
ED visit,2023-2024,2024,2023,Other disorders,Total,Agegroup:5–9years–Rate,100.0,,
ED visit,2023-2024,2024,2023,   Trauma- and stressor-related disorders,Female,Agegroup:5–9years–Rate,23.0,,
ED visit,2023-2024,2024,2023,   Trauma- and stressor-related disorders,Male,Agegroup:5–9years–Rate,33.0,,
ED visit,2023-2024,2024,2023,   Trauma- and stressor-related disorders,Total,Agegroup:5–9years–Rate,28.0,,
ED visit,2023-2024,2024,2023,"   Disruptive, impulse control and conduct disorders",Female,Agegroup:5–9years–Rate,14.0,,
ED visit,2023-2024,2024,2023,"   Disruptive, impulse control and conduct disorders",Male,Agegroup:5–9years–Rate,25.0,,
ED visit,2023-2024,2024,2023,"   Disruptive, impulse control and conduct disorders",Total,Agegroup:5–9years–Rate,20.0,,
ED visit,2023-2024,2024,2023,   Eating and feeding disorders,Female,Agegroup:5–9years–Rate,4.0,,
ED visit,2023-2024,2024,2023,   Eating and feeding disorders,Male,Agegroup:5–9years–Rate,2.0,,
ED visit,2023-2024,2024,2023,   Eating and feeding disorders,Total,Agegroup:5–9years–Rate,3.0,,
ED visit,2023-2024,2024,2023,   Tic disorders,Female,Agegroup:5–9years–Rate,9.0,,
ED visit,2023-2024,2024,2023,   Tic disorders,Male,Agegroup:5–9years–Rate,21.0,,
ED visit,2023-2024,2024,2023,   Tic disorders,Total,Agegroup:5–9years–Rate,15.0,,
ED visit,2023-2024,2024,2023,   ADHD,Female,Agegroup:5–9years–Rate,6.0,,
ED visit,2023-2024,2024,2023,   ADHD,Male,Agegroup:5–9years–Rate,22.0,,
ED visit,2023-2024,2024,2023,   ADHD,Total,Agegroup:5–9years–Rate,14.0,,
ED visit,2018-2019,2019,2018,Neurocognitive disorders,Female,Agegroup:5–9years–95%CI,4.0,4.0,8.0
ED visit,2018-2019,2019,2018,Neurocognitive disorders,Male,Agegroup:5–9years–95%CI,7.0,7.0,12.0
ED visit,2018-2019,2019,2018,Neurocognitive disorders,Total,Agegroup:5–9years–95%CI,6.0,6.0,9.0
ED visit,2018-2019,2019,2018,Substance-related disorders,Female,Agegroup:5–9years–95%CI,0.0,0.0,2.0
ED visit,2018-2019,2019,2018,Substance-related disorders,Male,Agegroup:5–9years–95%CI,1.0,1.0,3.0
ED visit,2018-2019,2019,2018,Substance-related disorders,Total,Agegroup:5–9years–95%CI,1.0,1.0,2.0
ED visit,2018-2019,2019,2018,Schizophrenic and psychotic disorders,Female,Agegroup:5–9years–95%CI,0.0,0.0,2.0
ED visit,2018-2019,2019,2018,Schizophrenic and psychotic disorders,Male,Agegroup:5–9years–95%CI,2.0,2.0,4.0
ED visit,2018-2019,2019,2018,Schizophrenic and psychotic disorders,Total,Agegroup:5–9years–95%CI,1.0,1.0,3.0
ED visit,2018-2019,2019,2018,Mood disorders,Female,Agegroup:5–9years–95%CI,3.0,3.0,7.0
ED visit,2018-2019,2019,2018,Mood disorders,Male,Agegroup:5–9years–95%CI,11.0,11.0,17.0
ED visit,2018-2019,2019,2018,Mood disorders,Total,Agegroup:5–9years–95%CI,8.0,8.0,11.0
ED visit,2018-2019,2019,2018,Anxiety disorders,Female,Agegroup:5–9years–95%CI,40.0,40.0,52.0
ED visit,2018-2019,2019,2018,Anxiety disorders,Male,Agegroup:5–9years–95%CI,38.0,38.0,49.0
ED visit,2018-2019,2019,2018,Anxiety disorders,Total,Agegroup:5–9years–95%CI,41.0,41.0,49.0
ED visit,2018-2019,2019,2018,Personality disorders,Female,Agegroup:5–9years–95%CI,0.0,0.0,2.0
ED visit,2018-2019,2019,2018,Personality disorders,Male,Agegroup:5–9years–95%CI,1.0,1.0,4.0
ED visit,2018-2019,2019,2018,Personality disorders,Total,Agegroup:5–9years–95%CI,1.0,1.0,3.0
ED visit,2018-2019,2019,2018,Other disorders,Female,Agegroup:5–9years–95%CI,79.0,79.0,95.0
ED visit,2018-2019,2019,2018,Other disorders,Male,Agegroup:5–9years–95%CI,191.0,191.0,216.0
ED visit,2018-2019,2019,2018,Other disorders,Total,Agegroup:5–9years–95%CI,139.0,139.0,154.0
ED visit,2018-2019,2019,2018,   Trauma- and stressor-related disorders,Female,Agegroup:5–9years–95%CI,29.0,29.0,40.0
ED visit,2018-2019,2019,2018,   Trauma- and stressor-related disorders,Male,Agegroup:5–9years–95%CI,57.0,57.0,70.0
ED visit,2018-2019,2019,2018,   Trauma- and stressor-related disorders,Total,Agegroup:5–9years–95%CI,45.0,45.0,53.0
ED visit,2018-2019,2019,2018,"   Disruptive, impulse control and conduct disorders",Female,Agegroup:5–9years–95%CI,16.0,16.0,23.0
ED visit,2018-2019,2019,2018,"   Disruptive, impulse control and conduct disorders",Male,Agegroup:5–9years–95%CI,52.0,52.0,65.0
ED visit,2018-2019,2019,2018,"   Disruptive, impulse control and conduct disorders",Total,Agegroup:5–9years–95%CI,36.0,36.0,43.0
ED visit,2018-2019,2019,2018,   Eating and feeding disorders,Female,Agegroup:5–9years–95%CI,1.0,1.0,3.0
ED visit,2018-2019,2019,2018,   Eating and feeding disorders,Male,Agegroup:5–9years–95%CI,1.0,1.0,4.0
ED visit,2018-2019,2019,2018,   Eating and feeding disorders,Total,Agegroup:5–9years–95%CI,2.0,2.0,3.0
ED visit,2018-2019,2019,2018,   Tic disorders,Female,Agegroup:5–9years–95%CI,6.0,6.0,11.0
ED visit,2018-2019,2019,2018,   Tic disorders,Male,Agegroup:5–9years–95%CI,17.0,17.0,25.0
ED visit,2018-2019,2019,2018,   Tic disorders,Total,Agegroup:5–9years–95%CI,13.0,13.0,17.0
ED visit,2018-2019,2019,2018,   ADHD,Female,Agegroup:5–9years–95%CI,7.0,7.0,12.0
ED visit,2018-2019,2019,2018,   ADHD,Male,Agegroup:5–9years–95%CI,31.0,31.0,42.0
ED visit,2018-2019,2019,2018,   ADHD,Total,Agegroup:5–9years–95%CI,20.0,20.0,26.0
ED visit,2019-2020,2020,2019,Neurocognitive disorders,Female,Agegroup:5–9years–95%CI,4.0,4.0,8.0
ED visit,2019-2020,2020,2019,Neurocognitive disorders,Male,Agegroup:5–9years–95%CI,4.0,4.0,8.0
ED visit,2019-2020,2020,2019,Neurocognitive disorders,Total,Agegroup:5–9years–95%CI,4.0,4.0,7.0
ED visit,2019-2020,2020,2019,Substance-related disorders,Female,Agegroup:5–9years–95%CI,0.0,0.0,2.0
ED visit,2019-2020,2020,2019,Substance-related disorders,Male,Agegroup:5–9years–95%CI,1.0,1.0,3.0
ED visit,2019-2020,2020,2019,Substance-related disorders,Total,Agegroup:5–9years–95%CI,1.0,1.0,2.0
ED visit,2019-2020,2020,2019,Schizophrenic and psychotic disorders,Female,Agegroup:5–9years–95%CI,0.0,0.0,1.0
ED visit,2019-2020,2020,2019,Schizophrenic and psychotic disorders,Male,Agegroup:5–9years–95%CI,0.0,0.0,1.0
ED visit,2019-2020,2020,2019,Schizophrenic and psychotic disorders,Total,Agegroup:5–9years–95%CI,0.0,0.0,1.0
ED visit,2019-2020,2020,2019,Mood disorders,Female,Agegroup:5–9years–95%CI,3.0,3.0,7.0
ED visit,2019-2020,2020,2019,Mood disorders,Male,Agegroup:5–9years–95%CI,8.0,8.0,13.0
ED visit,2019-2020,2020,2019,Mood disorders,Total,Agegroup:5–9years–95%CI,6.0,6.0,10.0
ED visit,2019-2020,2020,2019,Anxiety disorders,Female,Agegroup:5–9years–95%CI,34.0,34.0,45.0
ED visit,2019-2020,2020,2019,Anxiety disorders,Male,Agegroup:5–9years–95%CI,32.0,32.0,42.0
ED visit,2019-2020,2020,2019,Anxiety disorders,Total,Agegroup:5–9years–95%CI,34.0,34.0,42.0
ED visit,2019-2020,2020,2019,Personality disorders,Female,Agegroup:5–9years–95%CI,0.0,0.0,1.0
ED visit,2019-2020,2020,2019,Personality disorders,Male,Agegroup:5–9years–95%CI,1.0,1.0,4.0
ED visit,2019-2020,2020,2019,Personality disorders,Total,Agegroup:5–9years–95%CI,1.0,1.0,2.0
ED visit,2019-2020,2020,2019,Other disorders,Female,Agegroup:5–9years–95%CI,75.0,75.0,91.0
ED visit,2019-2020,2020,2019,Other disorders,Male,Agegroup:5–9years–95%CI,185.0,185.0,209.0
ED visit,2019-2020,2020,2019,Other disorders,Total,Agegroup:5–9years–95%CI,134.0,134.0,149.0
ED visit,2019-2020,2020,2019,   Trauma- and stressor-related disorders,Female,Agegroup:5–9years–95%CI,28.0,28.0,38.0
ED visit,2019-2020,2020,2019,   Trauma- and stressor-related disorders,Male,Agegroup:5–9years–95%CI,51.0,51.0,64.0
ED visit,2019-2020,2020,2019,   Trauma- and stressor-related disorders,Total,Agegroup:5–9years–95%CI,42.0,42.0,50.0
ED visit,2019-2020,2020,2019,"   Disruptive, impulse control and conduct disorders",Female,Agegroup:5–9years–95%CI,17.0,17.0,25.0
ED visit,2019-2020,2020,2019,"   Disruptive, impulse control and conduct disorders",Male,Agegroup:5–9years–95%CI,48.0,48.0,60.0
ED visit,2019-2020,2020,2019,"   Disruptive, impulse control and conduct disorders",Total,Agegroup:5–9years–95%CI,34.0,34.0,42.0
ED visit,2019-2020,2020,2019,   Eating and feeding disorders,Female,Agegroup:5–9years–95%CI,1.0,1.0,3.0
ED visit,2019-2020,2020,2019,   Eating and feeding disorders,Male,Agegroup:5–9years–95%CI,1.0,1.0,3.0
ED visit,2019-2020,2020,2019,   Eating and feeding disorders,Total,Agegroup:5–9years–95%CI,1.0,1.0,2.0
ED visit,2019-2020,2020,2019,   Tic disorders,Female,Agegroup:5–9years–95%CI,5.0,5.0,10.0
ED visit,2019-2020,2020,2019,   Tic disorders,Male,Agegroup:5–9years–95%CI,19.0,19.0,27.0
ED visit,2019-2020,2020,2019,   Tic disorders,Total,Agegroup:5–9years–95%CI,13.0,13.0,18.0
ED visit,2019-2020,2020,2019,   ADHD,Female,Agegroup:5–9years–95%CI,6.0,6.0,10.0
ED visit,2019-2020,2020,2019,   ADHD,Male,Agegroup:5–9years–95%CI,34.0,34.0,44.0
ED visit,2019-2020,2020,2019,   ADHD,Total,Agegroup:5–9years–95%CI,21.0,21.0,27.0
ED visit,2020-2021,2021,2020,Neurocognitive disorders,Female,Agegroup:5–9years–95%CI,1.0,1.0,4.0
ED visit,2020-2021,2021,2020,Neurocognitive disorders,Male,Agegroup:5–9years–95%CI,1.0,1.0,4.0
ED visit,2020-2021,2021,2020,Neurocognitive disorders,Total,Agegroup:5–9years–95%CI,2.0,2.0,4.0
ED visit,2020-2021,2021,2020,Substance-related disorders,Female,Agegroup:5–9years–95%CI,0.0,0.0,3.0
ED visit,2020-2021,2021,2020,Substance-related disorders,Male,Agegroup:5–9years–95%CI,0.0,0.0,2.0
ED visit,2020-2021,2021,2020,Substance-related disorders,Total,Agegroup:5–9years–95%CI,1.0,1.0,2.0
ED visit,2020-2021,2021,2020,Schizophrenic and psychotic disorders,Female,Agegroup:5–9years–95%CI,0.0,0.0,2.0
ED visit,2020-2021,2021,2020,Schizophrenic and psychotic disorders,Male,Agegroup:5–9years–95%CI,0.0,0.0,2.0
ED visit,2020-2021,2021,2020,Schizophrenic and psychotic disorders,Total,Agegroup:5–9years–95%CI,0.0,0.0,2.0
ED visit,2020-2021,2021,2020,Mood disorders,Female,Agegroup:5–9years–95%CI,3.0,3.0,7.0
ED visit,2020-2021,2021,2020,Mood disorders,Male,Agegroup:5–9years–95%CI,4.0,4.0,9.0
ED visit,2020-2021,2021,2020,Mood disorders,Total,Agegroup:5–9years–95%CI,4.0,4.0,7.0
ED visit,2020-2021,2021,2020,Anxiety disorders,Female,Agegroup:5–9years–95%CI,36.0,36.0,47.0
ED visit,2020-2021,2021,2020,Anxiety disorders,Male,Agegroup:5–9years–95%CI,27.0,27.0,37.0
ED visit,2020-2021,2021,2020,Anxiety disorders,Total,Agegroup:5–9years–95%CI,33.0,33.0,40.0
ED visit,2020-2021,2021,2020,Personality disorders,Female,Agegroup:5–9years–95%CI,0.0,0.0,1.0
ED visit,2020-2021,2021,2020,Personality disorders,Male,Agegroup:5–9years–95%CI,1.0,1.0,3.0
ED visit,2020-2021,2021,2020,Personality disorders,Total,Agegroup:5–9years–95%CI,1.0,1.0,2.0
ED visit,2020-2021,2021,2020,Other disorders,Female,Agegroup:5–9years–95%CI,58.0,58.0,72.0
ED visit,2020-2021,2021,2020,Other disorders,Male,Agegroup:5–9years–95%CI,122.0,122.0,141.0
ED visit,2020-2021,2021,2020,Other disorders,Total,Agegroup:5–9years–95%CI,93.0,93.0,105.0
ED visit,2020-2021,2021,2020,   Trauma- and stressor-related disorders,Female,Agegroup:5–9years–95%CI,20.0,20.0,28.0
ED visit,2020-2021,2021,2020,   Trauma- and stressor-related disorders,Male,Agegroup:5–9years–95%CI,34.0,34.0,45.0
ED visit,2020-2021,2021,2020,   Trauma- and stressor-related disorders,Total,Agegroup:5–9years–95%CI,29.0,29.0,35.0
ED visit,2020-2021,2021,2020,"   Disruptive, impulse control and conduct disorders",Female,Agegroup:5–9years–95%CI,10.0,10.0,16.0
ED visit,2020-2021,2021,2020,"   Disruptive, impulse control and conduct disorders",Male,Agegroup:5–9years–95%CI,25.0,25.0,34.0
ED visit,2020-2021,2021,2020,"   Disruptive, impulse control and conduct disorders",Total,Agegroup:5–9years–95%CI,19.0,19.0,24.0
ED visit,2020-2021,2021,2020,   Eating and feeding disorders,Female,Agegroup:5–9years–95%CI,1.0,1.0,3.0
ED visit,2020-2021,2021,2020,   Eating and feeding disorders,Male,Agegroup:5–9years–95%CI,0.0,0.0,1.0
ED visit,2020-2021,2021,2020,   Eating and feeding disorders,Total,Agegroup:5–9years–95%CI,1.0,1.0,2.0
ED visit,2020-2021,2021,2020,   Tic disorders,Female,Agegroup:5–9years–95%CI,9.0,9.0,15.0
ED visit,2020-2021,2021,2020,   Tic disorders,Male,Agegroup:5–9years–95%CI,20.0,20.0,28.0
ED visit,2020-2021,2021,2020,   Tic disorders,Total,Agegroup:5–9years–95%CI,16.0,16.0,21.0
ED visit,2020-2021,2021,2020,   ADHD,Female,Agegroup:5–9years–95%CI,4.0,4.0,8.0
ED visit,2020-2021,2021,2020,   ADHD,Male,Agegroup:5–9years–95%CI,19.0,19.0,27.0
ED visit,2020-2021,2021,2020,   ADHD,Total,Agegroup:5–9years–95%CI,12.0,12.0,17.0
ED visit,2021-2022,2022,2021,Neurocognitive disorders,Female,Agegroup:5–9years–95%CI,1.0,1.0,4.0
ED visit,2021-2022,2022,2021,Neurocognitive disorders,Male,Agegroup:5–9years–95%CI,3.0,3.0,7.0
ED visit,2021-2022,2022,2021,Neurocognitive disorders,Total,Agegroup:5–9years–95%CI,3.0,3.0,5.0
ED visit,2021-2022,2022,2021,Substance-related disorders,Female,Agegroup:5–9years–95%CI,1.0,1.0,3.0
ED visit,2021-2022,2022,2021,Substance-related disorders,Male,Agegroup:5–9years–95%CI,1.0,1.0,3.0
ED visit,2021-2022,2022,2021,Substance-related disorders,Total,Agegroup:5–9years–95%CI,1.0,1.0,3.0
ED visit,2021-2022,2022,2021,Schizophrenic and psychotic disorders,Female,Agegroup:5–9years–95%CI,0.0,0.0,2.0
ED visit,2021-2022,2022,2021,Schizophrenic and psychotic disorders,Male,Agegroup:5–9years–95%CI,0.0,0.0,1.0
ED visit,2021-2022,2022,2021,Schizophrenic and psychotic disorders,Total,Agegroup:5–9years–95%CI,0.0,0.0,1.0
ED visit,2021-2022,2022,2021,Mood disorders,Female,Agegroup:5–9years–95%CI,2.0,2.0,5.0
ED visit,2021-2022,2022,2021,Mood disorders,Male,Agegroup:5–9years–95%CI,5.0,5.0,10.0
ED visit,2021-2022,2022,2021,Mood disorders,Total,Agegroup:5–9years–95%CI,4.0,4.0,7.0
ED visit,2021-2022,2022,2021,Anxiety disorders,Female,Agegroup:5–9years–95%CI,40.0,40.0,52.0
ED visit,2021-2022,2022,2021,Anxiety disorders,Male,Agegroup:5–9years–95%CI,31.0,31.0,41.0
ED visit,2021-2022,2022,2021,Anxiety disorders,Total,Agegroup:5–9years–95%CI,37.0,37.0,45.0
ED visit,2021-2022,2022,2021,Personality disorders,Female,Agegroup:5–9years–95%CI,0.0,0.0,2.0
ED visit,2021-2022,2022,2021,Personality disorders,Male,Agegroup:5–9years–95%CI,1.0,1.0,3.0
ED visit,2021-2022,2022,2021,Personality disorders,Total,Agegroup:5–9years–95%CI,1.0,1.0,2.0
ED visit,2021-2022,2022,2021,Other disorders,Female,Agegroup:5–9years–95%CI,65.0,65.0,79.0
ED visit,2021-2022,2022,2021,Other disorders,Male,Agegroup:5–9years–95%CI,141.0,141.0,162.0
ED visit,2021-2022,2022,2021,Other disorders,Total,Agegroup:5–9years–95%CI,107.0,107.0,119.0
ED visit,2021-2022,2022,2021,   Trauma- and stressor-related disorders,Female,Agegroup:5–9years–95%CI,18.0,18.0,27.0
ED visit,2021-2022,2022,2021,   Trauma- and stressor-related disorders,Male,Agegroup:5–9years–95%CI,35.0,35.0,46.0
ED visit,2021-2022,2022,2021,   Trauma- and stressor-related disorders,Total,Agegroup:5–9years–95%CI,28.0,28.0,35.0
ED visit,2021-2022,2022,2021,"   Disruptive, impulse control and conduct disorders",Female,Agegroup:5–9years–95%CI,11.0,11.0,17.0
ED visit,2021-2022,2022,2021,"   Disruptive, impulse control and conduct disorders",Male,Agegroup:5–9years–95%CI,26.0,26.0,36.0
ED visit,2021-2022,2022,2021,"   Disruptive, impulse control and conduct disorders",Total,Agegroup:5–9years–95%CI,20.0,20.0,26.0
ED visit,2021-2022,2022,2021,   Eating and feeding disorders,Female,Agegroup:5–9years–95%CI,2.0,2.0,5.0
ED visit,2021-2022,2022,2021,   Eating and feeding disorders,Male,Agegroup:5–9years–95%CI,1.0,1.0,4.0
ED visit,2021-2022,2022,2021,   Eating and feeding disorders,Total,Agegroup:5–9years–95%CI,2.0,2.0,4.0
ED visit,2021-2022,2022,2021,   Tic disorders,Female,Agegroup:5–9years–95%CI,8.0,8.0,13.0
ED visit,2021-2022,2022,2021,   Tic disorders,Male,Agegroup:5–9years–95%CI,24.0,24.0,33.0
ED visit,2021-2022,2022,2021,   Tic disorders,Total,Agegroup:5–9years–95%CI,17.0,17.0,23.0
ED visit,2021-2022,2022,2021,   ADHD,Female,Agegroup:5–9years–95%CI,5.0,5.0,9.0
ED visit,2021-2022,2022,2021,   ADHD,Male,Agegroup:5–9years–95%CI,23.0,23.0,31.0
ED visit,2021-2022,2022,2021,   ADHD,Total,Agegroup:5–9years–95%CI,15.0,15.0,20.0
ED visit,2022-2023,2023,2022,Neurocognitive disorders,Female,Agegroup:5–9years–95%CI,2.0,2.0,5.0
ED visit,2022-2023,2023,2022,Neurocognitive disorders,Male,Agegroup:5–9years–95%CI,2.0,2.0,5.0
ED visit,2022-2023,2023,2022,Neurocognitive disorders,Total,Agegroup:5–9years–95%CI,3.0,3.0,5.0
ED visit,2022-2023,2023,2022,Substance-related disorders,Female,Agegroup:5–9years–95%CI,1.0,1.0,4.0
ED visit,2022-2023,2023,2022,Substance-related disorders,Male,Agegroup:5–9years–95%CI,3.0,3.0,7.0
ED visit,2022-2023,2023,2022,Substance-related disorders,Total,Agegroup:5–9years–95%CI,3.0,3.0,5.0
ED visit,2022-2023,2023,2022,Schizophrenic and psychotic disorders,Female,Agegroup:5–9years–95%CI,0.0,0.0,2.0
ED visit,2022-2023,2023,2022,Schizophrenic and psychotic disorders,Male,Agegroup:5–9years–95%CI,0.0,0.0,2.0
ED visit,2022-2023,2023,2022,Schizophrenic and psychotic disorders,Total,Agegroup:5–9years–95%CI,1.0,1.0,2.0
ED visit,2022-2023,2023,2022,Mood disorders,Female,Agegroup:5–9years–95%CI,2.0,2.0,5.0
ED visit,2022-2023,2023,2022,Mood disorders,Male,Agegroup:5–9years–95%CI,5.0,5.0,9.0
ED visit,2022-2023,2023,2022,Mood disorders,Total,Agegroup:5–9years–95%CI,4.0,4.0,7.0
ED visit,2022-2023,2023,2022,Anxiety disorders,Female,Agegroup:5–9years–95%CI,31.0,31.0,42.0
ED visit,2022-2023,2023,2022,Anxiety disorders,Male,Agegroup:5–9years–95%CI,24.0,24.0,33.0
ED visit,2022-2023,2023,2022,Anxiety disorders,Total,Agegroup:5–9years–95%CI,29.0,29.0,36.0
ED visit,2022-2023,2023,2022,Personality disorders,Female,Agegroup:5–9years–95%CI,0.0,0.0,2.0
ED visit,2022-2023,2023,2022,Personality disorders,Male,Agegroup:5–9years–95%CI,1.0,1.0,3.0
ED visit,2022-2023,2023,2022,Personality disorders,Total,Agegroup:5–9years–95%CI,1.0,1.0,2.0
ED visit,2022-2023,2023,2022,Other disorders,Female,Agegroup:5–9years–95%CI,56.0,56.0,70.0
ED visit,2022-2023,2023,2022,Other disorders,Male,Agegroup:5–9years–95%CI,132.0,132.0,151.0
ED visit,2022-2023,2023,2022,Other disorders,Total,Agegroup:5–9years–95%CI,97.0,97.0,109.0
ED visit,2022-2023,2023,2022,   Trauma- and stressor-related disorders,Female,Agegroup:5–9years–95%CI,14.0,14.0,21.0
ED visit,2022-2023,2023,2022,   Trauma- and stressor-related disorders,Male,Agegroup:5–9years–95%CI,33.0,33.0,43.0
ED visit,2022-2023,2023,2022,   Trauma- and stressor-related disorders,Total,Agegroup:5–9years–95%CI,25.0,25.0,31.0
ED visit,2022-2023,2023,2022,"   Disruptive, impulse control and conduct disorders",Female,Agegroup:5–9years–95%CI,11.0,11.0,18.0
ED visit,2022-2023,2023,2022,"   Disruptive, impulse control and conduct disorders",Male,Agegroup:5–9years–95%CI,25.0,25.0,34.0
ED visit,2022-2023,2023,2022,"   Disruptive, impulse control and conduct disorders",Total,Agegroup:5–9years–95%CI,20.0,20.0,25.0
ED visit,2022-2023,2023,2022,   Eating and feeding disorders,Female,Agegroup:5–9years–95%CI,2.0,2.0,6.0
ED visit,2022-2023,2023,2022,   Eating and feeding disorders,Male,Agegroup:5–9years–95%CI,1.0,1.0,4.0
ED visit,2022-2023,2023,2022,   Eating and feeding disorders,Total,Agegroup:5–9years–95%CI,2.0,2.0,4.0
ED visit,2022-2023,2023,2022,   Tic disorders,Female,Agegroup:5–9years–95%CI,5.0,5.0,10.0
ED visit,2022-2023,2023,2022,   Tic disorders,Male,Agegroup:5–9years–95%CI,18.0,18.0,26.0
ED visit,2022-2023,2023,2022,   Tic disorders,Total,Agegroup:5–9years–95%CI,13.0,13.0,17.0
ED visit,2022-2023,2023,2022,   ADHD,Female,Agegroup:5–9years–95%CI,5.0,5.0,9.0
ED visit,2022-2023,2023,2022,   ADHD,Male,Agegroup:5–9years–95%CI,21.0,21.0,29.0
ED visit,2022-2023,2023,2022,   ADHD,Total,Agegroup:5–9years–95%CI,14.0,14.0,19.0
ED visit,2023-2024,2024,2023,Neurocognitive disorders,Female,Agegroup:5–9years–95%CI,2.0,2.0,6.0
ED visit,2023-2024,2024,2023,Neurocognitive disorders,Male,Agegroup:5–9years–95%CI,2.0,2.0,6.0
ED visit,2023-2024,2024,2023,Neurocognitive disorders,Total,Agegroup:5–9years–95%CI,3.0,3.0,5.0
ED visit,2023-2024,2024,2023,Substance-related disorders,Female,Agegroup:5–9years–95%CI,1.0,1.0,4.0
ED visit,2023-2024,2024,2023,Substance-related disorders,Male,Agegroup:5–9years–95%CI,1.0,1.0,4.0
ED visit,2023-2024,2024,2023,Substance-related disorders,Total,Agegroup:5–9years–95%CI,2.0,2.0,4.0
ED visit,2023-2024,2024,2023,Schizophrenic and psychotic disorders,Female,Agegroup:5–9years–95%CI,0.0,0.0,1.0
ED visit,2023-2024,2024,2023,Schizophrenic and psychotic disorders,Male,Agegroup:5–9years–95%CI,0.0,0.0,2.0
ED visit,2023-2024,2024,2023,Schizophrenic and psychotic disorders,Total,Agegroup:5–9years–95%CI,0.0,0.0,2.0
ED visit,2023-2024,2024,2023,Mood disorders,Female,Agegroup:5–9years–95%CI,5.0,5.0,9.0
ED visit,2023-2024,2024,2023,Mood disorders,Male,Agegroup:5–9years–95%CI,5.0,5.0,9.0
ED visit,2023-2024,2024,2023,Mood disorders,Total,Agegroup:5–9years–95%CI,5.0,5.0,9.0
ED visit,2023-2024,2024,2023,Anxiety disorders,Female,Agegroup:5–9years–95%CI,31.0,31.0,41.0
ED visit,2023-2024,2024,2023,Anxiety disorders,Male,Agegroup:5–9years–95%CI,22.0,22.0,30.0
ED visit,2023-2024,2024,2023,Anxiety disorders,Total,Agegroup:5–9years–95%CI,27.0,27.0,34.0
ED visit,2023-2024,2024,2023,Personality disorders,Female,Agegroup:5–9years–95%CI,0.0,0.0,2.0
ED visit,2023-2024,2024,2023,Personality disorders,Male,Agegroup:5–9years–95%CI,1.0,1.0,4.0
ED visit,2023-2024,2024,2023,Personality disorders,Total,Agegroup:5–9years–95%CI,1.0,1.0,3.0
ED visit,2023-2024,2024,2023,Other disorders,Female,Agegroup:5–9years–95%CI,61.0,61.0,75.0
ED visit,2023-2024,2024,2023,Other disorders,Male,Agegroup:5–9years–95%CI,122.0,122.0,141.0
ED visit,2023-2024,2024,2023,Other disorders,Total,Agegroup:5–9years–95%CI,94.0,94.0,106.0
ED visit,2023-2024,2024,2023,   Trauma- and stressor-related disorders,Female,Agegroup:5–9years–95%CI,19.0,19.0,27.0
ED visit,2023-2024,2024,2023,   Trauma- and stressor-related disorders,Male,Agegroup:5–9years–95%CI,29.0,29.0,38.0
ED visit,2023-2024,2024,2023,   Trauma- and stressor-related disorders,Total,Agegroup:5–9years–95%CI,25.0,25.0,31.0
ED visit,2023-2024,2024,2023,"   Disruptive, impulse control and conduct disorders",Female,Agegroup:5–9years–95%CI,11.0,11.0,17.0
ED visit,2023-2024,2024,2023,"   Disruptive, impulse control and conduct disorders",Male,Agegroup:5–9years–95%CI,21.0,21.0,29.0
ED visit,2023-2024,2024,2023,"   Disruptive, impulse control and conduct disorders",Total,Agegroup:5–9years–95%CI,17.0,17.0,22.0
ED visit,2023-2024,2024,2023,   Eating and feeding disorders,Female,Agegroup:5–9years–95%CI,2.0,2.0,5.0
ED visit,2023-2024,2024,2023,   Eating and feeding disorders,Male,Agegroup:5–9years–95%CI,1.0,1.0,3.0
ED visit,2023-2024,2024,2023,   Eating and feeding disorders,Total,Agegroup:5–9years–95%CI,2.0,2.0,4.0
ED visit,2023-2024,2024,2023,   Tic disorders,Female,Agegroup:5–9years–95%CI,6.0,6.0,11.0
ED visit,2023-2024,2024,2023,   Tic disorders,Male,Agegroup:5–9years–95%CI,17.0,17.0,24.0
ED visit,2023-2024,2024,2023,   Tic disorders,Total,Agegroup:5–9years–95%CI,13.0,13.0,17.0
ED visit,2023-2024,2024,2023,   ADHD,Female,Agegroup:5–9years–95%CI,4.0,4.0,8.0
ED visit,2023-2024,2024,2023,   ADHD,Male,Agegroup:5–9years–95%CI,18.0,18.0,26.0
ED visit,2023-2024,2024,2023,   ADHD,Total,Agegroup:5–9years–95%CI,12.0,12.0,17.0
ED visit,2018-2019,2019,2018,Neurocognitive disorders,Female,Agegroup:10–14years–Rate,21.0,,
ED visit,2018-2019,2019,2018,Neurocognitive disorders,Male,Agegroup:10–14years–Rate,17.0,,
ED visit,2018-2019,2019,2018,Neurocognitive disorders,Total,Agegroup:10–14years–Rate,19.0,,
ED visit,2018-2019,2019,2018,Substance-related disorders,Female,Agegroup:10–14years–Rate,74.0,,
ED visit,2018-2019,2019,2018,Substance-related disorders,Male,Agegroup:10–14years–Rate,64.0,,
ED visit,2018-2019,2019,2018,Substance-related disorders,Total,Agegroup:10–14years–Rate,69.0,,
ED visit,2018-2019,2019,2018,Schizophrenic and psychotic disorders,Female,Agegroup:10–14years–Rate,14.0,,
ED visit,2018-2019,2019,2018,Schizophrenic and psychotic disorders,Male,Agegroup:10–14years–Rate,12.0,,
ED visit,2018-2019,2019,2018,Schizophrenic and psychotic disorders,Total,Agegroup:10–14years–Rate,13.0,,
ED visit,2018-2019,2019,2018,Mood disorders,Female,Agegroup:10–14years–Rate,369.0,,
ED visit,2018-2019,2019,2018,Mood disorders,Male,Agegroup:10–14years–Rate,134.0,,
ED visit,2018-2019,2019,2018,Mood disorders,Total,Agegroup:10–14years–Rate,249.0,,
ED visit,2018-2019,2019,2018,Anxiety disorders,Female,Agegroup:10–14years–Rate,302.0,,
ED visit,2018-2019,2019,2018,Anxiety disorders,Male,Agegroup:10–14years–Rate,135.0,,
ED visit,2018-2019,2019,2018,Anxiety disorders,Total,Agegroup:10–14years–Rate,216.0,,
ED visit,2018-2019,2019,2018,Personality disorders,Female,Agegroup:10–14years–Rate,15.0,,
ED visit,2018-2019,2019,2018,Personality disorders,Male,Agegroup:10–14years–Rate,6.0,,
ED visit,2018-2019,2019,2018,Personality disorders,Total,Agegroup:10–14years–Rate,10.0,,
ED visit,2018-2019,2019,2018,Other disorders,Female,Agegroup:10–14years–Rate,529.0,,
ED visit,2018-2019,2019,2018,Other disorders,Male,Agegroup:10–14years–Rate,384.0,,
ED visit,2018-2019,2019,2018,Other disorders,Total,Agegroup:10–14years–Rate,455.0,,
ED visit,2018-2019,2019,2018,   Trauma- and stressor-related disorders,Female,Agegroup:10–14years–Rate,405.0,,
ED visit,2018-2019,2019,2018,   Trauma- and stressor-related disorders,Male,Agegroup:10–14years–Rate,224.0,,
ED visit,2018-2019,2019,2018,   Trauma- and stressor-related disorders,Total,Agegroup:10–14years–Rate,312.0,,
ED visit,2018-2019,2019,2018,"   Disruptive, impulse control and conduct disorders",Female,Agegroup:10–14years–Rate,52.0,,
ED visit,2018-2019,2019,2018,"   Disruptive, impulse control and conduct disorders",Male,Agegroup:10–14years–Rate,71.0,,
ED visit,2018-2019,2019,2018,"   Disruptive, impulse control and conduct disorders",Total,Agegroup:10–14years–Rate,62.0,,
ED visit,2018-2019,2019,2018,   Eating and feeding disorders,Female,Agegroup:10–14years–Rate,25.0,,
ED visit,2018-2019,2019,2018,   Eating and feeding disorders,Male,Agegroup:10–14years–Rate,4.0,,
ED visit,2018-2019,2019,2018,   Eating and feeding disorders,Total,Agegroup:10–14years–Rate,14.0,,
ED visit,2018-2019,2019,2018,   Tic disorders,Female,Agegroup:10–14years–Rate,6.0,,
ED visit,2018-2019,2019,2018,   Tic disorders,Male,Agegroup:10–14years–Rate,9.0,,
ED visit,2018-2019,2019,2018,   Tic disorders,Total,Agegroup:10–14years–Rate,8.0,,
ED visit,2018-2019,2019,2018,   ADHD,Female,Agegroup:10–14years–Rate,18.0,,
ED visit,2018-2019,2019,2018,   ADHD,Male,Agegroup:10–14years–Rate,44.0,,
ED visit,2018-2019,2019,2018,   ADHD,Total,Agegroup:10–14years–Rate,31.0,,
ED visit,2019-2020,2020,2019,Neurocognitive disorders,Female,Agegroup:10–14years–Rate,19.0,,
ED visit,2019-2020,2020,2019,Neurocognitive disorders,Male,Agegroup:10–14years–Rate,15.0,,
ED visit,2019-2020,2020,2019,Neurocognitive disorders,Total,Agegroup:10–14years–Rate,17.0,,
ED visit,2019-2020,2020,2019,Substance-related disorders,Female,Agegroup:10–14years–Rate,80.0,,
ED visit,2019-2020,2020,2019,Substance-related disorders,Male,Agegroup:10–14years–Rate,65.0,,
ED visit,2019-2020,2020,2019,Substance-related disorders,Total,Agegroup:10–14years–Rate,72.0,,
ED visit,2019-2020,2020,2019,Schizophrenic and psychotic disorders,Female,Agegroup:10–14years–Rate,13.0,,
ED visit,2019-2020,2020,2019,Schizophrenic and psychotic disorders,Male,Agegroup:10–14years–Rate,9.0,,
ED visit,2019-2020,2020,2019,Schizophrenic and psychotic disorders,Total,Agegroup:10–14years–Rate,11.0,,
ED visit,2019-2020,2020,2019,Mood disorders,Female,Agegroup:10–14years–Rate,356.0,,
ED visit,2019-2020,2020,2019,Mood disorders,Male,Agegroup:10–14years–Rate,126.0,,
ED visit,2019-2020,2020,2019,Mood disorders,Total,Agegroup:10–14years–Rate,238.0,,
ED visit,2019-2020,2020,2019,Anxiety disorders,Female,Agegroup:10–14years–Rate,303.0,,
ED visit,2019-2020,2020,2019,Anxiety disorders,Male,Agegroup:10–14years–Rate,139.0,,
ED visit,2019-2020,2020,2019,Anxiety disorders,Total,Agegroup:10–14years–Rate,219.0,,
ED visit,2019-2020,2020,2019,Personality disorders,Female,Agegroup:10–14years–Rate,16.0,,
ED visit,2019-2020,2020,2019,Personality disorders,Male,Agegroup:10–14years–Rate,5.0,,
ED visit,2019-2020,2020,2019,Personality disorders,Total,Agegroup:10–14years–Rate,10.0,,
ED visit,2019-2020,2020,2019,Other disorders,Female,Agegroup:10–14years–Rate,525.0,,
ED visit,2019-2020,2020,2019,Other disorders,Male,Agegroup:10–14years–Rate,372.0,,
ED visit,2019-2020,2020,2019,Other disorders,Total,Agegroup:10–14years–Rate,447.0,,
ED visit,2019-2020,2020,2019,   Trauma- and stressor-related disorders,Female,Agegroup:10–14years–Rate,397.0,,
ED visit,2019-2020,2020,2019,   Trauma- and stressor-related disorders,Male,Agegroup:10–14years–Rate,222.0,,
ED visit,2019-2020,2020,2019,   Trauma- and stressor-related disorders,Total,Agegroup:10–14years–Rate,307.0,,
ED visit,2019-2020,2020,2019,"   Disruptive, impulse control and conduct disorders",Female,Agegroup:10–14years–Rate,53.0,,
ED visit,2019-2020,2020,2019,"   Disruptive, impulse control and conduct disorders",Male,Agegroup:10–14years–Rate,76.0,,
ED visit,2019-2020,2020,2019,"   Disruptive, impulse control and conduct disorders",Total,Agegroup:10–14years–Rate,65.0,,
ED visit,2019-2020,2020,2019,   Eating and feeding disorders,Female,Agegroup:10–14years–Rate,25.0,,
ED visit,2019-2020,2020,2019,   Eating and feeding disorders,Male,Agegroup:10–14years–Rate,4.0,,
ED visit,2019-2020,2020,2019,   Eating and feeding disorders,Total,Agegroup:10–14years–Rate,14.0,,
ED visit,2019-2020,2020,2019,   Tic disorders,Female,Agegroup:10–14years–Rate,7.0,,
ED visit,2019-2020,2020,2019,   Tic disorders,Male,Agegroup:10–14years–Rate,9.0,,
ED visit,2019-2020,2020,2019,   Tic disorders,Total,Agegroup:10–14years–Rate,8.0,,
ED visit,2019-2020,2020,2019,   ADHD,Female,Agegroup:10–14years–Rate,20.0,,
ED visit,2019-2020,2020,2019,   ADHD,Male,Agegroup:10–14years–Rate,45.0,,
ED visit,2019-2020,2020,2019,   ADHD,Total,Agegroup:10–14years–Rate,33.0,,
ED visit,2020-2021,2021,2020,Neurocognitive disorders,Female,Agegroup:10–14years–Rate,6.0,,
ED visit,2020-2021,2021,2020,Neurocognitive disorders,Male,Agegroup:10–14years–Rate,4.0,,
ED visit,2020-2021,2021,2020,Neurocognitive disorders,Total,Agegroup:10–14years–Rate,5.0,,
ED visit,2020-2021,2021,2020,Substance-related disorders,Female,Agegroup:10–14years–Rate,54.0,,
ED visit,2020-2021,2021,2020,Substance-related disorders,Male,Agegroup:10–14years–Rate,41.0,,
ED visit,2020-2021,2021,2020,Substance-related disorders,Total,Agegroup:10–14years–Rate,47.0,,
ED visit,2020-2021,2021,2020,Schizophrenic and psychotic disorders,Female,Agegroup:10–14years–Rate,17.0,,
ED visit,2020-2021,2021,2020,Schizophrenic and psychotic disorders,Male,Agegroup:10–14years–Rate,10.0,,
ED visit,2020-2021,2021,2020,Schizophrenic and psychotic disorders,Total,Agegroup:10–14years–Rate,13.0,,
ED visit,2020-2021,2021,2020,Mood disorders,Female,Agegroup:10–14years–Rate,355.0,,
ED visit,2020-2021,2021,2020,Mood disorders,Male,Agegroup:10–14years–Rate,88.0,,
ED visit,2020-2021,2021,2020,Mood disorders,Total,Agegroup:10–14years–Rate,217.0,,
ED visit,2020-2021,2021,2020,Anxiety disorders,Female,Agegroup:10–14years–Rate,310.0,,
ED visit,2020-2021,2021,2020,Anxiety disorders,Male,Agegroup:10–14years–Rate,101.0,,
ED visit,2020-2021,2021,2020,Anxiety disorders,Total,Agegroup:10–14years–Rate,203.0,,
ED visit,2020-2021,2021,2020,Personality disorders,Female,Agegroup:10–14years–Rate,18.0,,
ED visit,2020-2021,2021,2020,Personality disorders,Male,Agegroup:10–14years–Rate,5.0,,
ED visit,2020-2021,2021,2020,Personality disorders,Total,Agegroup:10–14years–Rate,12.0,,
ED visit,2020-2021,2021,2020,Other disorders,Female,Agegroup:10–14years–Rate,496.0,,
ED visit,2020-2021,2021,2020,Other disorders,Male,Agegroup:10–14years–Rate,251.0,,
ED visit,2020-2021,2021,2020,Other disorders,Total,Agegroup:10–14years–Rate,370.0,,
ED visit,2020-2021,2021,2020,   Trauma- and stressor-related disorders,Female,Agegroup:10–14years–Rate,333.0,,
ED visit,2020-2021,2021,2020,   Trauma- and stressor-related disorders,Male,Agegroup:10–14years–Rate,142.0,,
ED visit,2020-2021,2021,2020,   Trauma- and stressor-related disorders,Total,Agegroup:10–14years–Rate,235.0,,
ED visit,2020-2021,2021,2020,"   Disruptive, impulse control and conduct disorders",Female,Agegroup:10–14years–Rate,40.0,,
ED visit,2020-2021,2021,2020,"   Disruptive, impulse control and conduct disorders",Male,Agegroup:10–14years–Rate,51.0,,
ED visit,2020-2021,2021,2020,"   Disruptive, impulse control and conduct disorders",Total,Agegroup:10–14years–Rate,45.0,,
ED visit,2020-2021,2021,2020,   Eating and feeding disorders,Female,Agegroup:10–14years–Rate,57.0,,
ED visit,2020-2021,2021,2020,   Eating and feeding disorders,Male,Agegroup:10–14years–Rate,4.0,,
ED visit,2020-2021,2021,2020,   Eating and feeding disorders,Total,Agegroup:10–14years–Rate,30.0,,
ED visit,2020-2021,2021,2020,   Tic disorders,Female,Agegroup:10–14years–Rate,30.0,,
ED visit,2020-2021,2021,2020,   Tic disorders,Male,Agegroup:10–14years–Rate,10.0,,
ED visit,2020-2021,2021,2020,   Tic disorders,Total,Agegroup:10–14years–Rate,20.0,,
ED visit,2020-2021,2021,2020,   ADHD,Female,Agegroup:10–14years–Rate,20.0,,
ED visit,2020-2021,2021,2020,   ADHD,Male,Agegroup:10–14years–Rate,29.0,,
ED visit,2020-2021,2021,2020,   ADHD,Total,Agegroup:10–14years–Rate,24.0,,
ED visit,2021-2022,2022,2021,Neurocognitive disorders,Female,Agegroup:10–14years–Rate,9.0,,
ED visit,2021-2022,2022,2021,Neurocognitive disorders,Male,Agegroup:10–14years–Rate,8.0,,
ED visit,2021-2022,2022,2021,Neurocognitive disorders,Total,Agegroup:10–14years–Rate,9.0,,
ED visit,2021-2022,2022,2021,Substance-related disorders,Female,Agegroup:10–14years–Rate,80.0,,
ED visit,2021-2022,2022,2021,Substance-related disorders,Male,Agegroup:10–14years–Rate,45.0,,
ED visit,2021-2022,2022,2021,Substance-related disorders,Total,Agegroup:10–14years–Rate,62.0,,
ED visit,2021-2022,2022,2021,Schizophrenic and psychotic disorders,Female,Agegroup:10–14years–Rate,16.0,,
ED visit,2021-2022,2022,2021,Schizophrenic and psychotic disorders,Male,Agegroup:10–14years–Rate,9.0,,
ED visit,2021-2022,2022,2021,Schizophrenic and psychotic disorders,Total,Agegroup:10–14years–Rate,12.0,,
ED visit,2021-2022,2022,2021,Mood disorders,Female,Agegroup:10–14years–Rate,443.0,,
ED visit,2021-2022,2022,2021,Mood disorders,Male,Agegroup:10–14years–Rate,111.0,,
ED visit,2021-2022,2022,2021,Mood disorders,Total,Agegroup:10–14years–Rate,271.0,,
ED visit,2021-2022,2022,2021,Anxiety disorders,Female,Agegroup:10–14years–Rate,381.0,,
ED visit,2021-2022,2022,2021,Anxiety disorders,Male,Agegroup:10–14years–Rate,111.0,,
ED visit,2021-2022,2022,2021,Anxiety disorders,Total,Agegroup:10–14years–Rate,242.0,,
ED visit,2021-2022,2022,2021,Personality disorders,Female,Agegroup:10–14years–Rate,27.0,,
ED visit,2021-2022,2022,2021,Personality disorders,Male,Agegroup:10–14years–Rate,6.0,,
ED visit,2021-2022,2022,2021,Personality disorders,Total,Agegroup:10–14years–Rate,16.0,,
ED visit,2021-2022,2022,2021,Other disorders,Female,Agegroup:10–14years–Rate,618.0,,
ED visit,2021-2022,2022,2021,Other disorders,Male,Agegroup:10–14years–Rate,303.0,,
ED visit,2021-2022,2022,2021,Other disorders,Total,Agegroup:10–14years–Rate,455.0,,
ED visit,2021-2022,2022,2021,   Trauma- and stressor-related disorders,Female,Agegroup:10–14years–Rate,420.0,,
ED visit,2021-2022,2022,2021,   Trauma- and stressor-related disorders,Male,Agegroup:10–14years–Rate,172.0,,
ED visit,2021-2022,2022,2021,   Trauma- and stressor-related disorders,Total,Agegroup:10–14years–Rate,292.0,,
ED visit,2021-2022,2022,2021,"   Disruptive, impulse control and conduct disorders",Female,Agegroup:10–14years–Rate,45.0,,
ED visit,2021-2022,2022,2021,"   Disruptive, impulse control and conduct disorders",Male,Agegroup:10–14years–Rate,60.0,,
ED visit,2021-2022,2022,2021,"   Disruptive, impulse control and conduct disorders",Total,Agegroup:10–14years–Rate,53.0,,
ED visit,2021-2022,2022,2021,   Eating and feeding disorders,Female,Agegroup:10–14years–Rate,74.0,,
ED visit,2021-2022,2022,2021,   Eating and feeding disorders,Male,Agegroup:10–14years–Rate,6.0,,
ED visit,2021-2022,2022,2021,   Eating and feeding disorders,Total,Agegroup:10–14years–Rate,39.0,,
ED visit,2021-2022,2022,2021,   Tic disorders,Female,Agegroup:10–14years–Rate,26.0,,
ED visit,2021-2022,2022,2021,   Tic disorders,Male,Agegroup:10–14years–Rate,11.0,,
ED visit,2021-2022,2022,2021,   Tic disorders,Total,Agegroup:10–14years–Rate,18.0,,
ED visit,2021-2022,2022,2021,   ADHD,Female,Agegroup:10–14years–Rate,25.0,,
ED visit,2021-2022,2022,2021,   ADHD,Male,Agegroup:10–14years–Rate,39.0,,
ED visit,2021-2022,2022,2021,   ADHD,Total,Agegroup:10–14years–Rate,32.0,,
ED visit,2022-2023,2023,2022,Neurocognitive disorders,Female,Agegroup:10–14years–Rate,9.0,,
ED visit,2022-2023,2023,2022,Neurocognitive disorders,Male,Agegroup:10–14years–Rate,7.0,,
ED visit,2022-2023,2023,2022,Neurocognitive disorders,Total,Agegroup:10–14years–Rate,8.0,,
ED visit,2022-2023,2023,2022,Substance-related disorders,Female,Agegroup:10–14years–Rate,89.0,,
ED visit,2022-2023,2023,2022,Substance-related disorders,Male,Agegroup:10–14years–Rate,45.0,,
ED visit,2022-2023,2023,2022,Substance-related disorders,Total,Agegroup:10–14years–Rate,66.0,,
ED visit,2022-2023,2023,2022,Schizophrenic and psychotic disorders,Female,Agegroup:10–14years–Rate,11.0,,
ED visit,2022-2023,2023,2022,Schizophrenic and psychotic disorders,Male,Agegroup:10–14years–Rate,12.0,,
ED visit,2022-2023,2023,2022,Schizophrenic and psychotic disorders,Total,Agegroup:10–14years–Rate,11.0,,
ED visit,2022-2023,2023,2022,Mood disorders,Female,Agegroup:10–14years–Rate,355.0,,
ED visit,2022-2023,2023,2022,Mood disorders,Male,Agegroup:10–14years–Rate,95.0,,
ED visit,2022-2023,2023,2022,Mood disorders,Total,Agegroup:10–14years–Rate,221.0,,
ED visit,2022-2023,2023,2022,Anxiety disorders,Female,Agegroup:10–14years–Rate,317.0,,
ED visit,2022-2023,2023,2022,Anxiety disorders,Male,Agegroup:10–14years–Rate,112.0,,
ED visit,2022-2023,2023,2022,Anxiety disorders,Total,Agegroup:10–14years–Rate,211.0,,
ED visit,2022-2023,2023,2022,Personality disorders,Female,Agegroup:10–14years–Rate,24.0,,
ED visit,2022-2023,2023,2022,Personality disorders,Male,Agegroup:10–14years–Rate,6.0,,
ED visit,2022-2023,2023,2022,Personality disorders,Total,Agegroup:10–14years–Rate,15.0,,
ED visit,2022-2023,2023,2022,Other disorders,Female,Agegroup:10–14years–Rate,527.0,,
ED visit,2022-2023,2023,2022,Other disorders,Male,Agegroup:10–14years–Rate,292.0,,
ED visit,2022-2023,2023,2022,Other disorders,Total,Agegroup:10–14years–Rate,406.0,,
ED visit,2022-2023,2023,2022,   Trauma- and stressor-related disorders,Female,Agegroup:10–14years–Rate,372.0,,
ED visit,2022-2023,2023,2022,   Trauma- and stressor-related disorders,Male,Agegroup:10–14years–Rate,157.0,,
ED visit,2022-2023,2023,2022,   Trauma- and stressor-related disorders,Total,Agegroup:10–14years–Rate,261.0,,
ED visit,2022-2023,2023,2022,"   Disruptive, impulse control and conduct disorders",Female,Agegroup:10–14years–Rate,43.0,,
ED visit,2022-2023,2023,2022,"   Disruptive, impulse control and conduct disorders",Male,Agegroup:10–14years–Rate,54.0,,
ED visit,2022-2023,2023,2022,"   Disruptive, impulse control and conduct disorders",Total,Agegroup:10–14years–Rate,49.0,,
ED visit,2022-2023,2023,2022,   Eating and feeding disorders,Female,Agegroup:10–14years–Rate,52.0,,
ED visit,2022-2023,2023,2022,   Eating and feeding disorders,Male,Agegroup:10–14years–Rate,6.0,,
ED visit,2022-2023,2023,2022,   Eating and feeding disorders,Total,Agegroup:10–14years–Rate,28.0,,
ED visit,2022-2023,2023,2022,   Tic disorders,Female,Agegroup:10–14years–Rate,12.0,,
ED visit,2022-2023,2023,2022,   Tic disorders,Male,Agegroup:10–14years–Rate,10.0,,
ED visit,2022-2023,2023,2022,   Tic disorders,Total,Agegroup:10–14years–Rate,11.0,,
ED visit,2022-2023,2023,2022,   ADHD,Female,Agegroup:10–14years–Rate,22.0,,
ED visit,2022-2023,2023,2022,   ADHD,Male,Agegroup:10–14years–Rate,32.0,,
ED visit,2022-2023,2023,2022,   ADHD,Total,Agegroup:10–14years–Rate,27.0,,
ED visit,2023-2024,2024,2023,Neurocognitive disorders,Female,Agegroup:10–14years–Rate,9.0,,
ED visit,2023-2024,2024,2023,Neurocognitive disorders,Male,Agegroup:10–14years–Rate,8.0,,
ED visit,2023-2024,2024,2023,Neurocognitive disorders,Total,Agegroup:10–14years–Rate,9.0,,
ED visit,2023-2024,2024,2023,Substance-related disorders,Female,Agegroup:10–14years–Rate,94.0,,
ED visit,2023-2024,2024,2023,Substance-related disorders,Male,Agegroup:10–14years–Rate,52.0,,
ED visit,2023-2024,2024,2023,Substance-related disorders,Total,Agegroup:10–14years–Rate,72.0,,
ED visit,2023-2024,2024,2023,Schizophrenic and psychotic disorders,Female,Agegroup:10–14years–Rate,13.0,,
ED visit,2023-2024,2024,2023,Schizophrenic and psychotic disorders,Male,Agegroup:10–14years–Rate,9.0,,
ED visit,2023-2024,2024,2023,Schizophrenic and psychotic disorders,Total,Agegroup:10–14years–Rate,11.0,,
ED visit,2023-2024,2024,2023,Mood disorders,Female,Agegroup:10–14years–Rate,278.0,,
ED visit,2023-2024,2024,2023,Mood disorders,Male,Agegroup:10–14years–Rate,86.0,,
ED visit,2023-2024,2024,2023,Mood disorders,Total,Agegroup:10–14years–Rate,179.0,,
ED visit,2023-2024,2024,2023,Anxiety disorders,Female,Agegroup:10–14years–Rate,261.0,,
ED visit,2023-2024,2024,2023,Anxiety disorders,Male,Agegroup:10–14years–Rate,107.0,,
ED visit,2023-2024,2024,2023,Anxiety disorders,Total,Agegroup:10–14years–Rate,182.0,,
ED visit,2023-2024,2024,2023,Personality disorders,Female,Agegroup:10–14years–Rate,21.0,,
ED visit,2023-2024,2024,2023,Personality disorders,Male,Agegroup:10–14years–Rate,6.0,,
ED visit,2023-2024,2024,2023,Personality disorders,Total,Agegroup:10–14years–Rate,13.0,,
ED visit,2023-2024,2024,2023,Other disorders,Female,Agegroup:10–14years–Rate,440.0,,
ED visit,2023-2024,2024,2023,Other disorders,Male,Agegroup:10–14years–Rate,274.0,,
ED visit,2023-2024,2024,2023,Other disorders,Total,Agegroup:10–14years–Rate,355.0,,
ED visit,2023-2024,2024,2023,   Trauma- and stressor-related disorders,Female,Agegroup:10–14years–Rate,311.0,,
ED visit,2023-2024,2024,2023,   Trauma- and stressor-related disorders,Male,Agegroup:10–14years–Rate,152.0,,
ED visit,2023-2024,2024,2023,   Trauma- and stressor-related disorders,Total,Agegroup:10–14years–Rate,229.0,,
ED visit,2023-2024,2024,2023,"   Disruptive, impulse control and conduct disorders",Female,Agegroup:10–14years–Rate,42.0,,
ED visit,2023-2024,2024,2023,"   Disruptive, impulse control and conduct disorders",Male,Agegroup:10–14years–Rate,48.0,,
ED visit,2023-2024,2024,2023,"   Disruptive, impulse control and conduct disorders",Total,Agegroup:10–14years–Rate,45.0,,
ED visit,2023-2024,2024,2023,   Eating and feeding disorders,Female,Agegroup:10–14years–Rate,41.0,,
ED visit,2023-2024,2024,2023,   Eating and feeding disorders,Male,Agegroup:10–14years–Rate,4.0,,
ED visit,2023-2024,2024,2023,   Eating and feeding disorders,Total,Agegroup:10–14years–Rate,22.0,,
ED visit,2023-2024,2024,2023,   Tic disorders,Female,Agegroup:10–14years–Rate,8.0,,
ED visit,2023-2024,2024,2023,   Tic disorders,Male,Agegroup:10–14years–Rate,7.0,,
ED visit,2023-2024,2024,2023,   Tic disorders,Total,Agegroup:10–14years–Rate,7.0,,
ED visit,2023-2024,2024,2023,   ADHD,Female,Agegroup:10–14years–Rate,17.0,,
ED visit,2023-2024,2024,2023,   ADHD,Male,Agegroup:10–14years–Rate,31.0,,
ED visit,2023-2024,2024,2023,   ADHD,Total,Agegroup:10–14years–Rate,24.0,,
ED visit,2018-2019,2019,2018,Neurocognitive disorders,Female,Agegroup:10–14years–95%CI,17.0,17.0,25.0
ED visit,2018-2019,2019,2018,Neurocognitive disorders,Male,Agegroup:10–14years–95%CI,13.0,13.0,20.0
ED visit,2018-2019,2019,2018,Neurocognitive disorders,Total,Agegroup:10–14years–95%CI,16.0,16.0,21.0
ED visit,2018-2019,2019,2018,Substance-related disorders,Female,Agegroup:10–14years–95%CI,66.0,66.0,81.0
ED visit,2018-2019,2019,2018,Substance-related disorders,Male,Agegroup:10–14years–95%CI,57.0,57.0,71.0
ED visit,2018-2019,2019,2018,Substance-related disorders,Total,Agegroup:10–14years–95%CI,64.0,64.0,74.0
ED visit,2018-2019,2019,2018,Schizophrenic and psychotic disorders,Female,Agegroup:10–14years–95%CI,11.0,11.0,17.0
ED visit,2018-2019,2019,2018,Schizophrenic and psychotic disorders,Male,Agegroup:10–14years–95%CI,9.0,9.0,15.0
ED visit,2018-2019,2019,2018,Schizophrenic and psychotic disorders,Total,Agegroup:10–14years–95%CI,11.0,11.0,15.0
ED visit,2018-2019,2019,2018,Mood disorders,Female,Agegroup:10–14years–95%CI,353.0,353.0,386.0
ED visit,2018-2019,2019,2018,Mood disorders,Male,Agegroup:10–14years–95%CI,124.0,124.0,144.0
ED visit,2018-2019,2019,2018,Mood disorders,Total,Agegroup:10–14years–95%CI,239.0,239.0,258.0
ED visit,2018-2019,2019,2018,Anxiety disorders,Female,Agegroup:10–14years–95%CI,287.0,287.0,317.0
ED visit,2018-2019,2019,2018,Anxiety disorders,Male,Agegroup:10–14years–95%CI,125.0,125.0,145.0
ED visit,2018-2019,2019,2018,Anxiety disorders,Total,Agegroup:10–14years–95%CI,208.0,208.0,225.0
ED visit,2018-2019,2019,2018,Personality disorders,Female,Agegroup:10–14years–95%CI,12.0,12.0,18.0
ED visit,2018-2019,2019,2018,Personality disorders,Male,Agegroup:10–14years–95%CI,4.0,4.0,8.0
ED visit,2018-2019,2019,2018,Personality disorders,Total,Agegroup:10–14years–95%CI,8.0,8.0,12.0
ED visit,2018-2019,2019,2018,Other disorders,Female,Agegroup:10–14years–95%CI,510.0,510.0,549.0
ED visit,2018-2019,2019,2018,Other disorders,Male,Agegroup:10–14years–95%CI,368.0,368.0,401.0
ED visit,2018-2019,2019,2018,Other disorders,Total,Agegroup:10–14years–95%CI,442.0,442.0,468.0
ED visit,2018-2019,2019,2018,   Trauma- and stressor-related disorders,Female,Agegroup:10–14years–95%CI,387.0,387.0,422.0
ED visit,2018-2019,2019,2018,   Trauma- and stressor-related disorders,Male,Agegroup:10–14years–95%CI,212.0,212.0,237.0
ED visit,2018-2019,2019,2018,   Trauma- and stressor-related disorders,Total,Agegroup:10–14years–95%CI,301.0,301.0,323.0
ED visit,2018-2019,2019,2018,"   Disruptive, impulse control and conduct disorders",Female,Agegroup:10–14years–95%CI,46.0,46.0,58.0
ED visit,2018-2019,2019,2018,"   Disruptive, impulse control and conduct disorders",Male,Agegroup:10–14years–95%CI,64.0,64.0,78.0
ED visit,2018-2019,2019,2018,"   Disruptive, impulse control and conduct disorders",Total,Agegroup:10–14years–95%CI,57.0,57.0,67.0
ED visit,2018-2019,2019,2018,   Eating and feeding disorders,Female,Agegroup:10–14years–95%CI,21.0,21.0,30.0
ED visit,2018-2019,2019,2018,   Eating and feeding disorders,Male,Agegroup:10–14years–95%CI,2.0,2.0,6.0
ED visit,2018-2019,2019,2018,   Eating and feeding disorders,Total,Agegroup:10–14years–95%CI,12.0,12.0,17.0
ED visit,2018-2019,2019,2018,   Tic disorders,Female,Agegroup:10–14years–95%CI,4.0,4.0,8.0
ED visit,2018-2019,2019,2018,   Tic disorders,Male,Agegroup:10–14years–95%CI,7.0,7.0,12.0
ED visit,2018-2019,2019,2018,   Tic disorders,Total,Agegroup:10–14years–95%CI,6.0,6.0,9.0
ED visit,2018-2019,2019,2018,   ADHD,Female,Agegroup:10–14years–95%CI,15.0,15.0,22.0
ED visit,2018-2019,2019,2018,   ADHD,Male,Agegroup:10–14years–95%CI,38.0,38.0,49.0
ED visit,2018-2019,2019,2018,   ADHD,Total,Agegroup:10–14years–95%CI,28.0,28.0,35.0
ED visit,2019-2020,2020,2019,Neurocognitive disorders,Female,Agegroup:10–14years–95%CI,15.0,15.0,22.0
ED visit,2019-2020,2020,2019,Neurocognitive disorders,Male,Agegroup:10–14years–95%CI,12.0,12.0,19.0
ED visit,2019-2020,2020,2019,Neurocognitive disorders,Total,Agegroup:10–14years–95%CI,15.0,15.0,19.0
ED visit,2019-2020,2020,2019,Substance-related disorders,Female,Agegroup:10–14years–95%CI,73.0,73.0,88.0
ED visit,2019-2020,2020,2019,Substance-related disorders,Male,Agegroup:10–14years–95%CI,58.0,58.0,72.0
ED visit,2019-2020,2020,2019,Substance-related disorders,Total,Agegroup:10–14years–95%CI,67.0,67.0,77.0
ED visit,2019-2020,2020,2019,Schizophrenic and psychotic disorders,Female,Agegroup:10–14years–95%CI,10.0,10.0,16.0
ED visit,2019-2020,2020,2019,Schizophrenic and psychotic disorders,Male,Agegroup:10–14years–95%CI,6.0,6.0,11.0
ED visit,2019-2020,2020,2019,Schizophrenic and psychotic disorders,Total,Agegroup:10–14years–95%CI,9.0,9.0,13.0
ED visit,2019-2020,2020,2019,Mood disorders,Female,Agegroup:10–14years–95%CI,340.0,340.0,373.0
ED visit,2019-2020,2020,2019,Mood disorders,Male,Agegroup:10–14years–95%CI,117.0,117.0,136.0
ED visit,2019-2020,2020,2019,Mood disorders,Total,Agegroup:10–14years–95%CI,229.0,229.0,247.0
ED visit,2019-2020,2020,2019,Anxiety disorders,Female,Agegroup:10–14years–95%CI,288.0,288.0,318.0
ED visit,2019-2020,2020,2019,Anxiety disorders,Male,Agegroup:10–14years–95%CI,129.0,129.0,149.0
ED visit,2019-2020,2020,2019,Anxiety disorders,Total,Agegroup:10–14years–95%CI,210.0,210.0,228.0
ED visit,2019-2020,2020,2019,Personality disorders,Female,Agegroup:10–14years–95%CI,13.0,13.0,20.0
ED visit,2019-2020,2020,2019,Personality disorders,Male,Agegroup:10–14years–95%CI,3.0,3.0,7.0
ED visit,2019-2020,2020,2019,Personality disorders,Total,Agegroup:10–14years–95%CI,8.0,8.0,12.0
ED visit,2019-2020,2020,2019,Other disorders,Female,Agegroup:10–14years–95%CI,505.0,505.0,545.0
ED visit,2019-2020,2020,2019,Other disorders,Male,Agegroup:10–14years–95%CI,356.0,356.0,388.0
ED visit,2019-2020,2020,2019,Other disorders,Total,Agegroup:10–14years–95%CI,434.0,434.0,459.0
ED visit,2019-2020,2020,2019,   Trauma- and stressor-related disorders,Female,Agegroup:10–14years–95%CI,379.0,379.0,414.0
ED visit,2019-2020,2020,2019,   Trauma- and stressor-related disorders,Male,Agegroup:10–14years–95%CI,210.0,210.0,234.0
ED visit,2019-2020,2020,2019,   Trauma- and stressor-related disorders,Total,Agegroup:10–14years–95%CI,296.0,296.0,317.0
ED visit,2019-2020,2020,2019,"   Disruptive, impulse control and conduct disorders",Female,Agegroup:10–14years–95%CI,46.0,46.0,59.0
ED visit,2019-2020,2020,2019,"   Disruptive, impulse control and conduct disorders",Male,Agegroup:10–14years–95%CI,69.0,69.0,83.0
ED visit,2019-2020,2020,2019,"   Disruptive, impulse control and conduct disorders",Total,Agegroup:10–14years–95%CI,60.0,60.0,70.0
ED visit,2019-2020,2020,2019,   Eating and feeding disorders,Female,Agegroup:10–14years–95%CI,21.0,21.0,29.0
ED visit,2019-2020,2020,2019,   Eating and feeding disorders,Male,Agegroup:10–14years–95%CI,2.0,2.0,6.0
ED visit,2019-2020,2020,2019,   Eating and feeding disorders,Total,Agegroup:10–14years–95%CI,12.0,12.0,16.0
ED visit,2019-2020,2020,2019,   Tic disorders,Female,Agegroup:10–14years–95%CI,5.0,5.0,9.0
ED visit,2019-2020,2020,2019,   Tic disorders,Male,Agegroup:10–14years–95%CI,6.0,6.0,11.0
ED visit,2019-2020,2020,2019,   Tic disorders,Total,Agegroup:10–14years–95%CI,6.0,6.0,10.0
ED visit,2019-2020,2020,2019,   ADHD,Female,Agegroup:10–14years–95%CI,16.0,16.0,24.0
ED visit,2019-2020,2020,2019,   ADHD,Male,Agegroup:10–14years–95%CI,40.0,40.0,51.0
ED visit,2019-2020,2020,2019,   ADHD,Total,Agegroup:10–14years–95%CI,29.0,29.0,36.0
ED visit,2020-2021,2021,2020,Neurocognitive disorders,Female,Agegroup:10–14years–95%CI,4.0,4.0,8.0
ED visit,2020-2021,2021,2020,Neurocognitive disorders,Male,Agegroup:10–14years–95%CI,2.0,2.0,6.0
ED visit,2020-2021,2021,2020,Neurocognitive disorders,Total,Agegroup:10–14years–95%CI,4.0,4.0,7.0
ED visit,2020-2021,2021,2020,Substance-related disorders,Female,Agegroup:10–14years–95%CI,48.0,48.0,61.0
ED visit,2020-2021,2021,2020,Substance-related disorders,Male,Agegroup:10–14years–95%CI,35.0,35.0,46.0
ED visit,2020-2021,2021,2020,Substance-related disorders,Total,Agegroup:10–14years–95%CI,43.0,43.0,51.0
ED visit,2020-2021,2021,2020,Schizophrenic and psychotic disorders,Female,Agegroup:10–14years–95%CI,14.0,14.0,21.0
ED visit,2020-2021,2021,2020,Schizophrenic and psychotic disorders,Male,Agegroup:10–14years–95%CI,7.0,7.0,12.0
ED visit,2020-2021,2021,2020,Schizophrenic and psychotic disorders,Total,Agegroup:10–14years–95%CI,11.0,11.0,15.0
ED visit,2020-2021,2021,2020,Mood disorders,Female,Agegroup:10–14years–95%CI,338.0,338.0,371.0
ED visit,2020-2021,2021,2020,Mood disorders,Male,Agegroup:10–14years–95%CI,81.0,81.0,96.0
ED visit,2020-2021,2021,2020,Mood disorders,Total,Agegroup:10–14years–95%CI,209.0,209.0,226.0
ED visit,2020-2021,2021,2020,Anxiety disorders,Female,Agegroup:10–14years–95%CI,295.0,295.0,325.0
ED visit,2020-2021,2021,2020,Anxiety disorders,Male,Agegroup:10–14years–95%CI,93.0,93.0,110.0
ED visit,2020-2021,2021,2020,Anxiety disorders,Total,Agegroup:10–14years–95%CI,194.0,194.0,211.0
ED visit,2020-2021,2021,2020,Personality disorders,Female,Agegroup:10–14years–95%CI,15.0,15.0,22.0
ED visit,2020-2021,2021,2020,Personality disorders,Male,Agegroup:10–14years–95%CI,3.0,3.0,7.0
ED visit,2020-2021,2021,2020,Personality disorders,Total,Agegroup:10–14years–95%CI,10.0,10.0,14.0
ED visit,2020-2021,2021,2020,Other disorders,Female,Agegroup:10–14years–95%CI,477.0,477.0,515.0
ED visit,2020-2021,2021,2020,Other disorders,Male,Agegroup:10–14years–95%CI,238.0,238.0,264.0
ED visit,2020-2021,2021,2020,Other disorders,Total,Agegroup:10–14years–95%CI,358.0,358.0,381.0
ED visit,2020-2021,2021,2020,   Trauma- and stressor-related disorders,Female,Agegroup:10–14years–95%CI,318.0,318.0,349.0
ED visit,2020-2021,2021,2020,   Trauma- and stressor-related disorders,Male,Agegroup:10–14years–95%CI,132.0,132.0,152.0
ED visit,2020-2021,2021,2020,   Trauma- and stressor-related disorders,Total,Agegroup:10–14years–95%CI,226.0,226.0,244.0
ED visit,2020-2021,2021,2020,"   Disruptive, impulse control and conduct disorders",Female,Agegroup:10–14years–95%CI,34.0,34.0,45.0
ED visit,2020-2021,2021,2020,"   Disruptive, impulse control and conduct disorders",Male,Agegroup:10–14years–95%CI,45.0,45.0,57.0
ED visit,2020-2021,2021,2020,"   Disruptive, impulse control and conduct disorders",Total,Agegroup:10–14years–95%CI,41.0,41.0,49.0
ED visit,2020-2021,2021,2020,   Eating and feeding disorders,Female,Agegroup:10–14years–95%CI,51.0,51.0,63.0
ED visit,2020-2021,2021,2020,   Eating and feeding disorders,Male,Agegroup:10–14years–95%CI,3.0,3.0,6.0
ED visit,2020-2021,2021,2020,   Eating and feeding disorders,Total,Agegroup:10–14years–95%CI,27.0,27.0,33.0
ED visit,2020-2021,2021,2020,   Tic disorders,Female,Agegroup:10–14years–95%CI,26.0,26.0,35.0
ED visit,2020-2021,2021,2020,   Tic disorders,Male,Agegroup:10–14years–95%CI,7.0,7.0,12.0
ED visit,2020-2021,2021,2020,   Tic disorders,Total,Agegroup:10–14years–95%CI,17.0,17.0,22.0
ED visit,2020-2021,2021,2020,   ADHD,Female,Agegroup:10–14years–95%CI,16.0,16.0,24.0
ED visit,2020-2021,2021,2020,   ADHD,Male,Agegroup:10–14years–95%CI,24.0,24.0,33.0
ED visit,2020-2021,2021,2020,   ADHD,Total,Agegroup:10–14years–95%CI,22.0,22.0,27.0
ED visit,2021-2022,2022,2021,Neurocognitive disorders,Female,Agegroup:10–14years–95%CI,7.0,7.0,12.0
ED visit,2021-2022,2022,2021,Neurocognitive disorders,Male,Agegroup:10–14years–95%CI,6.0,6.0,11.0
ED visit,2021-2022,2022,2021,Neurocognitive disorders,Total,Agegroup:10–14years–95%CI,7.0,7.0,11.0
ED visit,2021-2022,2022,2021,Substance-related disorders,Female,Agegroup:10–14years–95%CI,72.0,72.0,88.0
ED visit,2021-2022,2022,2021,Substance-related disorders,Male,Agegroup:10–14years–95%CI,39.0,39.0,51.0
ED visit,2021-2022,2022,2021,Substance-related disorders,Total,Agegroup:10–14years–95%CI,57.0,57.0,67.0
ED visit,2021-2022,2022,2021,Schizophrenic and psychotic disorders,Female,Agegroup:10–14years–95%CI,12.0,12.0,19.0
ED visit,2021-2022,2022,2021,Schizophrenic and psychotic disorders,Male,Agegroup:10–14years–95%CI,7.0,7.0,12.0
ED visit,2021-2022,2022,2021,Schizophrenic and psychotic disorders,Total,Agegroup:10–14years–95%CI,10.0,10.0,14.0
ED visit,2021-2022,2022,2021,Mood disorders,Female,Agegroup:10–14years–95%CI,425.0,425.0,461.0
ED visit,2021-2022,2022,2021,Mood disorders,Male,Agegroup:10–14years–95%CI,102.0,102.0,119.0
ED visit,2021-2022,2022,2021,Mood disorders,Total,Agegroup:10–14years–95%CI,262.0,262.0,281.0
ED visit,2021-2022,2022,2021,Anxiety disorders,Female,Agegroup:10–14years–95%CI,365.0,365.0,398.0
ED visit,2021-2022,2022,2021,Anxiety disorders,Male,Agegroup:10–14years–95%CI,102.0,102.0,119.0
ED visit,2021-2022,2022,2021,Anxiety disorders,Total,Agegroup:10–14years–95%CI,232.0,232.0,251.0
ED visit,2021-2022,2022,2021,Personality disorders,Female,Agegroup:10–14years–95%CI,22.0,22.0,31.0
ED visit,2021-2022,2022,2021,Personality disorders,Male,Agegroup:10–14years–95%CI,4.0,4.0,8.0
ED visit,2021-2022,2022,2021,Personality disorders,Total,Agegroup:10–14years–95%CI,14.0,14.0,18.0
ED visit,2021-2022,2022,2021,Other disorders,Female,Agegroup:10–14years–95%CI,597.0,597.0,639.0
ED visit,2021-2022,2022,2021,Other disorders,Male,Agegroup:10–14years–95%CI,288.0,288.0,317.0
ED visit,2021-2022,2022,2021,Other disorders,Total,Agegroup:10–14years–95%CI,443.0,443.0,468.0
ED visit,2021-2022,2022,2021,   Trauma- and stressor-related disorders,Female,Agegroup:10–14years–95%CI,403.0,403.0,438.0
ED visit,2021-2022,2022,2021,   Trauma- and stressor-related disorders,Male,Agegroup:10–14years–95%CI,161.0,161.0,183.0
ED visit,2021-2022,2022,2021,   Trauma- and stressor-related disorders,Total,Agegroup:10–14years–95%CI,282.0,282.0,302.0
ED visit,2021-2022,2022,2021,"   Disruptive, impulse control and conduct disorders",Female,Agegroup:10–14years–95%CI,39.0,39.0,51.0
ED visit,2021-2022,2022,2021,"   Disruptive, impulse control and conduct disorders",Male,Agegroup:10–14years–95%CI,53.0,53.0,66.0
ED visit,2021-2022,2022,2021,"   Disruptive, impulse control and conduct disorders",Total,Agegroup:10–14years–95%CI,48.0,48.0,57.0
ED visit,2021-2022,2022,2021,   Eating and feeding disorders,Female,Agegroup:10–14years–95%CI,67.0,67.0,82.0
ED visit,2021-2022,2022,2021,   Eating and feeding disorders,Male,Agegroup:10–14years–95%CI,4.0,4.0,8.0
ED visit,2021-2022,2022,2021,   Eating and feeding disorders,Total,Agegroup:10–14years–95%CI,36.0,36.0,43.0
ED visit,2021-2022,2022,2021,   Tic disorders,Female,Agegroup:10–14years–95%CI,22.0,22.0,31.0
ED visit,2021-2022,2022,2021,   Tic disorders,Male,Agegroup:10–14years–95%CI,8.0,8.0,14.0
ED visit,2021-2022,2022,2021,   Tic disorders,Total,Agegroup:10–14years–95%CI,16.0,16.0,21.0
ED visit,2021-2022,2022,2021,   ADHD,Female,Agegroup:10–14years–95%CI,21.0,21.0,29.0
ED visit,2021-2022,2022,2021,   ADHD,Male,Agegroup:10–14years–95%CI,34.0,34.0,44.0
ED visit,2021-2022,2022,2021,   ADHD,Total,Agegroup:10–14years–95%CI,29.0,29.0,36.0
ED visit,2022-2023,2023,2022,Neurocognitive disorders,Female,Agegroup:10–14years–95%CI,7.0,7.0,12.0
ED visit,2022-2023,2023,2022,Neurocognitive disorders,Male,Agegroup:10–14years–95%CI,5.0,5.0,9.0
ED visit,2022-2023,2023,2022,Neurocognitive disorders,Total,Agegroup:10–14years–95%CI,6.0,6.0,10.0
ED visit,2022-2023,2023,2022,Substance-related disorders,Female,Agegroup:10–14years–95%CI,81.0,81.0,97.0
ED visit,2022-2023,2023,2022,Substance-related disorders,Male,Agegroup:10–14years–95%CI,39.0,39.0,50.0
ED visit,2022-2023,2023,2022,Substance-related disorders,Total,Agegroup:10–14years–95%CI,61.0,61.0,71.0
ED visit,2022-2023,2023,2022,Schizophrenic and psychotic disorders,Female,Agegroup:10–14years–95%CI,8.0,8.0,14.0
ED visit,2022-2023,2023,2022,Schizophrenic and psychotic disorders,Male,Agegroup:10–14years–95%CI,9.0,9.0,14.0
ED visit,2022-2023,2023,2022,Schizophrenic and psychotic disorders,Total,Agegroup:10–14years–95%CI,9.0,9.0,13.0
ED visit,2022-2023,2023,2022,Mood disorders,Female,Agegroup:10–14years–95%CI,339.0,339.0,371.0
ED visit,2022-2023,2023,2022,Mood disorders,Male,Agegroup:10–14years–95%CI,87.0,87.0,103.0
ED visit,2022-2023,2023,2022,Mood disorders,Total,Agegroup:10–14years–95%CI,212.0,212.0,229.0
ED visit,2022-2023,2023,2022,Anxiety disorders,Female,Agegroup:10–14years–95%CI,302.0,302.0,332.0
ED visit,2022-2023,2023,2022,Anxiety disorders,Male,Agegroup:10–14years–95%CI,103.0,103.0,121.0
ED visit,2022-2023,2023,2022,Anxiety disorders,Total,Agegroup:10–14years–95%CI,203.0,203.0,220.0
ED visit,2022-2023,2023,2022,Personality disorders,Female,Agegroup:10–14years–95%CI,20.0,20.0,28.0
ED visit,2022-2023,2023,2022,Personality disorders,Male,Agegroup:10–14years–95%CI,4.0,4.0,8.0
ED visit,2022-2023,2023,2022,Personality disorders,Total,Agegroup:10–14years–95%CI,12.0,12.0,17.0
ED visit,2022-2023,2023,2022,Other disorders,Female,Agegroup:10–14years–95%CI,508.0,508.0,547.0
ED visit,2022-2023,2023,2022,Other disorders,Male,Agegroup:10–14years–95%CI,278.0,278.0,306.0
ED visit,2022-2023,2023,2022,Other disorders,Total,Agegroup:10–14years–95%CI,394.0,394.0,418.0
ED visit,2022-2023,2023,2022,   Trauma- and stressor-related disorders,Female,Agegroup:10–14years–95%CI,355.0,355.0,388.0
ED visit,2022-2023,2023,2022,   Trauma- and stressor-related disorders,Male,Agegroup:10–14years–95%CI,146.0,146.0,167.0
ED visit,2022-2023,2023,2022,   Trauma- and stressor-related disorders,Total,Agegroup:10–14years–95%CI,251.0,251.0,270.0
ED visit,2022-2023,2023,2022,"   Disruptive, impulse control and conduct disorders",Female,Agegroup:10–14years–95%CI,37.0,37.0,49.0
ED visit,2022-2023,2023,2022,"   Disruptive, impulse control and conduct disorders",Male,Agegroup:10–14years–95%CI,48.0,48.0,60.0
ED visit,2022-2023,2023,2022,"   Disruptive, impulse control and conduct disorders",Total,Agegroup:10–14years–95%CI,45.0,45.0,53.0
ED visit,2022-2023,2023,2022,   Eating and feeding disorders,Female,Agegroup:10–14years–95%CI,46.0,46.0,58.0
ED visit,2022-2023,2023,2022,   Eating and feeding disorders,Male,Agegroup:10–14years–95%CI,4.0,4.0,8.0
ED visit,2022-2023,2023,2022,   Eating and feeding disorders,Total,Agegroup:10–14years–95%CI,25.0,25.0,32.0
ED visit,2022-2023,2023,2022,   Tic disorders,Female,Agegroup:10–14years–95%CI,9.0,9.0,15.0
ED visit,2022-2023,2023,2022,   Tic disorders,Male,Agegroup:10–14years–95%CI,7.0,7.0,13.0
ED visit,2022-2023,2023,2022,   Tic disorders,Total,Agegroup:10–14years–95%CI,9.0,9.0,13.0
ED visit,2022-2023,2023,2022,   ADHD,Female,Agegroup:10–14years–95%CI,18.0,18.0,26.0
ED visit,2022-2023,2023,2022,   ADHD,Male,Agegroup:10–14years–95%CI,27.0,27.0,36.0
ED visit,2022-2023,2023,2022,   ADHD,Total,Agegroup:10–14years–95%CI,24.0,24.0,30.0
ED visit,2023-2024,2024,2023,Neurocognitive disorders,Female,Agegroup:10–14years–95%CI,7.0,7.0,12.0
ED visit,2023-2024,2024,2023,Neurocognitive disorders,Male,Agegroup:10–14years–95%CI,6.0,6.0,10.0
ED visit,2023-2024,2024,2023,Neurocognitive disorders,Total,Agegroup:10–14years–95%CI,7.0,7.0,10.0
ED visit,2023-2024,2024,2023,Substance-related disorders,Female,Agegroup:10–14years–95%CI,85.0,85.0,102.0
ED visit,2023-2024,2024,2023,Substance-related disorders,Male,Agegroup:10–14years–95%CI,46.0,46.0,58.0
ED visit,2023-2024,2024,2023,Substance-related disorders,Total,Agegroup:10–14years–95%CI,67.0,67.0,77.0
ED visit,2023-2024,2024,2023,Schizophrenic and psychotic disorders,Female,Agegroup:10–14years–95%CI,10.0,10.0,16.0
ED visit,2023-2024,2024,2023,Schizophrenic and psychotic disorders,Male,Agegroup:10–14years–95%CI,7.0,7.0,11.0
ED visit,2023-2024,2024,2023,Schizophrenic and psychotic disorders,Total,Agegroup:10–14years–95%CI,9.0,9.0,13.0
ED visit,2023-2024,2024,2023,Mood disorders,Female,Agegroup:10–14years–95%CI,264.0,264.0,292.0
ED visit,2023-2024,2024,2023,Mood disorders,Male,Agegroup:10–14years–95%CI,79.0,79.0,94.0
ED visit,2023-2024,2024,2023,Mood disorders,Total,Agegroup:10–14years–95%CI,172.0,172.0,187.0
ED visit,2023-2024,2024,2023,Anxiety disorders,Female,Agegroup:10–14years–95%CI,248.0,248.0,275.0
ED visit,2023-2024,2024,2023,Anxiety disorders,Male,Agegroup:10–14years–95%CI,99.0,99.0,115.0
ED visit,2023-2024,2024,2023,Anxiety disorders,Total,Agegroup:10–14years–95%CI,174.0,174.0,190.0
ED visit,2023-2024,2024,2023,Personality disorders,Female,Agegroup:10–14years–95%CI,17.0,17.0,25.0
ED visit,2023-2024,2024,2023,Personality disorders,Male,Agegroup:10–14years–95%CI,4.0,4.0,7.0
ED visit,2023-2024,2024,2023,Personality disorders,Total,Agegroup:10–14years–95%CI,11.0,11.0,15.0
ED visit,2023-2024,2024,2023,Other disorders,Female,Agegroup:10–14years–95%CI,422.0,422.0,458.0
ED visit,2023-2024,2024,2023,Other disorders,Male,Agegroup:10–14years–95%CI,261.0,261.0,288.0
ED visit,2023-2024,2024,2023,Other disorders,Total,Agegroup:10–14years–95%CI,344.0,344.0,366.0
ED visit,2023-2024,2024,2023,   Trauma- and stressor-related disorders,Female,Agegroup:10–14years–95%CI,296.0,296.0,326.0
ED visit,2023-2024,2024,2023,   Trauma- and stressor-related disorders,Male,Agegroup:10–14years–95%CI,142.0,142.0,162.0
ED visit,2023-2024,2024,2023,   Trauma- and stressor-related disorders,Total,Agegroup:10–14years–95%CI,220.0,220.0,238.0
ED visit,2023-2024,2024,2023,"   Disruptive, impulse control and conduct disorders",Female,Agegroup:10–14years–95%CI,36.0,36.0,47.0
ED visit,2023-2024,2024,2023,"   Disruptive, impulse control and conduct disorders",Male,Agegroup:10–14years–95%CI,43.0,43.0,54.0
ED visit,2023-2024,2024,2023,"   Disruptive, impulse control and conduct disorders",Total,Agegroup:10–14years–95%CI,41.0,41.0,49.0
ED visit,2023-2024,2024,2023,   Eating and feeding disorders,Female,Agegroup:10–14years–95%CI,35.0,35.0,46.0
ED visit,2023-2024,2024,2023,   Eating and feeding disorders,Male,Agegroup:10–14years–95%CI,3.0,3.0,6.0
ED visit,2023-2024,2024,2023,   Eating and feeding disorders,Total,Agegroup:10–14years–95%CI,19.0,19.0,25.0
ED visit,2023-2024,2024,2023,   Tic disorders,Female,Agegroup:10–14years–95%CI,6.0,6.0,10.0
ED visit,2023-2024,2024,2023,   Tic disorders,Male,Agegroup:10–14years–95%CI,4.0,4.0,9.0
ED visit,2023-2024,2024,2023,   Tic disorders,Total,Agegroup:10–14years–95%CI,6.0,6.0,9.0
ED visit,2023-2024,2024,2023,   ADHD,Female,Agegroup:10–14years–95%CI,14.0,14.0,21.0
ED visit,2023-2024,2024,2023,   ADHD,Male,Agegroup:10–14years–95%CI,26.0,26.0,36.0
ED visit,2023-2024,2024,2023,   ADHD,Total,Agegroup:10–14years–95%CI,21.0,21.0,27.0
ED visit,2018-2019,2019,2018,Neurocognitive disorders,Female,Agegroup:15–17years–Rate,52.0,,
ED visit,2018-2019,2019,2018,Neurocognitive disorders,Male,Agegroup:15–17years–Rate,31.0,,
ED visit,2018-2019,2019,2018,Neurocognitive disorders,Total,Agegroup:15–17years–Rate,41.0,,
ED visit,2018-2019,2019,2018,Substance-related disorders,Female,Agegroup:15–17years–Rate,513.0,,
ED visit,2018-2019,2019,2018,Substance-related disorders,Male,Agegroup:15–17years–Rate,539.0,,
ED visit,2018-2019,2019,2018,Substance-related disorders,Total,Agegroup:15–17years–Rate,526.0,,
ED visit,2018-2019,2019,2018,Schizophrenic and psychotic disorders,Female,Agegroup:15–17years–Rate,67.0,,
ED visit,2018-2019,2019,2018,Schizophrenic and psychotic disorders,Male,Agegroup:15–17years–Rate,93.0,,
ED visit,2018-2019,2019,2018,Schizophrenic and psychotic disorders,Total,Agegroup:15–17years–Rate,81.0,,
ED visit,2018-2019,2019,2018,Mood disorders,Female,Agegroup:15–17years–Rate,1149.0,,
ED visit,2018-2019,2019,2018,Mood disorders,Male,Agegroup:15–17years–Rate,514.0,,
ED visit,2018-2019,2019,2018,Mood disorders,Total,Agegroup:15–17years–Rate,824.0,,
ED visit,2018-2019,2019,2018,Anxiety disorders,Female,Agegroup:15–17years–Rate,784.0,,
ED visit,2018-2019,2019,2018,Anxiety disorders,Male,Agegroup:15–17years–Rate,390.0,,
ED visit,2018-2019,2019,2018,Anxiety disorders,Total,Agegroup:15–17years–Rate,583.0,,
ED visit,2018-2019,2019,2018,Personality disorders,Female,Agegroup:15–17years–Rate,98.0,,
ED visit,2018-2019,2019,2018,Personality disorders,Male,Agegroup:15–17years–Rate,18.0,,
ED visit,2018-2019,2019,2018,Personality disorders,Total,Agegroup:15–17years–Rate,57.0,,
ED visit,2018-2019,2019,2018,Other disorders,Female,Agegroup:15–17years–Rate,1102.0,,
ED visit,2018-2019,2019,2018,Other disorders,Male,Agegroup:15–17years–Rate,636.0,,
ED visit,2018-2019,2019,2018,Other disorders,Total,Agegroup:15–17years–Rate,864.0,,
ED visit,2018-2019,2019,2018,   Trauma- and stressor-related disorders,Female,Agegroup:15–17years–Rate,926.0,,
ED visit,2018-2019,2019,2018,   Trauma- and stressor-related disorders,Male,Agegroup:15–17years–Rate,475.0,,
ED visit,2018-2019,2019,2018,   Trauma- and stressor-related disorders,Total,Agegroup:15–17years–Rate,695.0,,
ED visit,2018-2019,2019,2018,"   Disruptive, impulse control and conduct disorders",Female,Agegroup:15–17years–Rate,49.0,,
ED visit,2018-2019,2019,2018,"   Disruptive, impulse control and conduct disorders",Male,Agegroup:15–17years–Rate,73.0,,
ED visit,2018-2019,2019,2018,"   Disruptive, impulse control and conduct disorders",Total,Agegroup:15–17years–Rate,62.0,,
ED visit,2018-2019,2019,2018,   Eating and feeding disorders,Female,Agegroup:15–17years–Rate,54.0,,
ED visit,2018-2019,2019,2018,   Eating and feeding disorders,Male,Agegroup:15–17years–Rate,4.0,,
ED visit,2018-2019,2019,2018,   Eating and feeding disorders,Total,Agegroup:15–17years–Rate,29.0,,
ED visit,2018-2019,2019,2018,   Tic disorders,Female,Agegroup:15–17years–Rate,4.0,,
ED visit,2018-2019,2019,2018,   Tic disorders,Male,Agegroup:15–17years–Rate,2.0,,
ED visit,2018-2019,2019,2018,   Tic disorders,Total,Agegroup:15–17years–Rate,3.0,,
ED visit,2018-2019,2019,2018,   ADHD,Female,Agegroup:15–17years–Rate,18.0,,
ED visit,2018-2019,2019,2018,   ADHD,Male,Agegroup:15–17years–Rate,32.0,,
ED visit,2018-2019,2019,2018,   ADHD,Total,Agegroup:15–17years–Rate,25.0,,
ED visit,2019-2020,2020,2019,Neurocognitive disorders,Female,Agegroup:15–17years–Rate,42.0,,
ED visit,2019-2020,2020,2019,Neurocognitive disorders,Male,Agegroup:15–17years–Rate,27.0,,
ED visit,2019-2020,2020,2019,Neurocognitive disorders,Total,Agegroup:15–17years–Rate,34.0,,
ED visit,2019-2020,2020,2019,Substance-related disorders,Female,Agegroup:15–17years–Rate,472.0,,
ED visit,2019-2020,2020,2019,Substance-related disorders,Male,Agegroup:15–17years–Rate,527.0,,
ED visit,2019-2020,2020,2019,Substance-related disorders,Total,Agegroup:15–17years–Rate,500.0,,
ED visit,2019-2020,2020,2019,Schizophrenic and psychotic disorders,Female,Agegroup:15–17years–Rate,56.0,,
ED visit,2019-2020,2020,2019,Schizophrenic and psychotic disorders,Male,Agegroup:15–17years–Rate,77.0,,
ED visit,2019-2020,2020,2019,Schizophrenic and psychotic disorders,Total,Agegroup:15–17years–Rate,67.0,,
ED visit,2019-2020,2020,2019,Mood disorders,Female,Agegroup:15–17years–Rate,1023.0,,
ED visit,2019-2020,2020,2019,Mood disorders,Male,Agegroup:15–17years–Rate,492.0,,
ED visit,2019-2020,2020,2019,Mood disorders,Total,Agegroup:15–17years–Rate,751.0,,
ED visit,2019-2020,2020,2019,Anxiety disorders,Female,Agegroup:15–17years–Rate,798.0,,
ED visit,2019-2020,2020,2019,Anxiety disorders,Male,Agegroup:15–17years–Rate,378.0,,
ED visit,2019-2020,2020,2019,Anxiety disorders,Total,Agegroup:15–17years–Rate,583.0,,
ED visit,2019-2020,2020,2019,Personality disorders,Female,Agegroup:15–17years–Rate,78.0,,
ED visit,2019-2020,2020,2019,Personality disorders,Male,Agegroup:15–17years–Rate,16.0,,
ED visit,2019-2020,2020,2019,Personality disorders,Total,Agegroup:15–17years–Rate,46.0,,
ED visit,2019-2020,2020,2019,Other disorders,Female,Agegroup:15–17years–Rate,1027.0,,
ED visit,2019-2020,2020,2019,Other disorders,Male,Agegroup:15–17years–Rate,611.0,,
ED visit,2019-2020,2020,2019,Other disorders,Total,Agegroup:15–17years–Rate,814.0,,
ED visit,2019-2020,2020,2019,   Trauma- and stressor-related disorders,Female,Agegroup:15–17years–Rate,843.0,,
ED visit,2019-2020,2020,2019,   Trauma- and stressor-related disorders,Male,Agegroup:15–17years–Rate,463.0,,
ED visit,2019-2020,2020,2019,   Trauma- and stressor-related disorders,Total,Agegroup:15–17years–Rate,648.0,,
ED visit,2019-2020,2020,2019,"   Disruptive, impulse control and conduct disorders",Female,Agegroup:15–17years–Rate,42.0,,
ED visit,2019-2020,2020,2019,"   Disruptive, impulse control and conduct disorders",Male,Agegroup:15–17years–Rate,64.0,,
ED visit,2019-2020,2020,2019,"   Disruptive, impulse control and conduct disorders",Total,Agegroup:15–17years–Rate,53.0,,
ED visit,2019-2020,2020,2019,   Eating and feeding disorders,Female,Agegroup:15–17years–Rate,53.0,,
ED visit,2019-2020,2020,2019,   Eating and feeding disorders,Male,Agegroup:15–17years–Rate,6.0,,
ED visit,2019-2020,2020,2019,   Eating and feeding disorders,Total,Agegroup:15–17years–Rate,29.0,,
ED visit,2019-2020,2020,2019,   Tic disorders,Female,Agegroup:15–17years–Rate,9.0,,
ED visit,2019-2020,2020,2019,   Tic disorders,Male,Agegroup:15–17years–Rate,4.0,,
ED visit,2019-2020,2020,2019,   Tic disorders,Total,Agegroup:15–17years–Rate,6.0,,
ED visit,2019-2020,2020,2019,   ADHD,Female,Agegroup:15–17years–Rate,20.0,,
ED visit,2019-2020,2020,2019,   ADHD,Male,Agegroup:15–17years–Rate,36.0,,
ED visit,2019-2020,2020,2019,   ADHD,Total,Agegroup:15–17years–Rate,28.0,,
ED visit,2020-2021,2021,2020,Neurocognitive disorders,Female,Agegroup:15–17years–Rate,18.0,,
ED visit,2020-2021,2021,2020,Neurocognitive disorders,Male,Agegroup:15–17years–Rate,11.0,,
ED visit,2020-2021,2021,2020,Neurocognitive disorders,Total,Agegroup:15–17years–Rate,14.0,,
ED visit,2020-2021,2021,2020,Substance-related disorders,Female,Agegroup:15–17years–Rate,326.0,,
ED visit,2020-2021,2021,2020,Substance-related disorders,Male,Agegroup:15–17years–Rate,331.0,,
ED visit,2020-2021,2021,2020,Substance-related disorders,Total,Agegroup:15–17years–Rate,329.0,,
ED visit,2020-2021,2021,2020,Schizophrenic and psychotic disorders,Female,Agegroup:15–17years–Rate,61.0,,
ED visit,2020-2021,2021,2020,Schizophrenic and psychotic disorders,Male,Agegroup:15–17years–Rate,84.0,,
ED visit,2020-2021,2021,2020,Schizophrenic and psychotic disorders,Total,Agegroup:15–17years–Rate,73.0,,
ED visit,2020-2021,2021,2020,Mood disorders,Female,Agegroup:15–17years–Rate,797.0,,
ED visit,2020-2021,2021,2020,Mood disorders,Male,Agegroup:15–17years–Rate,326.0,,
ED visit,2020-2021,2021,2020,Mood disorders,Total,Agegroup:15–17years–Rate,555.0,,
ED visit,2020-2021,2021,2020,Anxiety disorders,Female,Agegroup:15–17years–Rate,679.0,,
ED visit,2020-2021,2021,2020,Anxiety disorders,Male,Agegroup:15–17years–Rate,315.0,,
ED visit,2020-2021,2021,2020,Anxiety disorders,Total,Agegroup:15–17years–Rate,492.0,,
ED visit,2020-2021,2021,2020,Personality disorders,Female,Agegroup:15–17years–Rate,66.0,,
ED visit,2020-2021,2021,2020,Personality disorders,Male,Agegroup:15–17years–Rate,14.0,,
ED visit,2020-2021,2021,2020,Personality disorders,Total,Agegroup:15–17years–Rate,39.0,,
ED visit,2020-2021,2021,2020,Other disorders,Female,Agegroup:15–17years–Rate,849.0,,
ED visit,2020-2021,2021,2020,Other disorders,Male,Agegroup:15–17years–Rate,432.0,,
ED visit,2020-2021,2021,2020,Other disorders,Total,Agegroup:15–17years–Rate,635.0,,
ED visit,2020-2021,2021,2020,   Trauma- and stressor-related disorders,Female,Agegroup:15–17years–Rate,616.0,,
ED visit,2020-2021,2021,2020,   Trauma- and stressor-related disorders,Male,Agegroup:15–17years–Rate,306.0,,
ED visit,2020-2021,2021,2020,   Trauma- and stressor-related disorders,Total,Agegroup:15–17years–Rate,457.0,,
ED visit,2020-2021,2021,2020,"   Disruptive, impulse control and conduct disorders",Female,Agegroup:15–17years–Rate,32.0,,
ED visit,2020-2021,2021,2020,"   Disruptive, impulse control and conduct disorders",Male,Agegroup:15–17years–Rate,43.0,,
ED visit,2020-2021,2021,2020,"   Disruptive, impulse control and conduct disorders",Total,Agegroup:15–17years–Rate,38.0,,
ED visit,2020-2021,2021,2020,   Eating and feeding disorders,Female,Agegroup:15–17years–Rate,107.0,,
ED visit,2020-2021,2021,2020,   Eating and feeding disorders,Male,Agegroup:15–17years–Rate,8.0,,
ED visit,2020-2021,2021,2020,   Eating and feeding disorders,Total,Agegroup:15–17years–Rate,56.0,,
ED visit,2020-2021,2021,2020,   Tic disorders,Female,Agegroup:15–17years–Rate,25.0,,
ED visit,2020-2021,2021,2020,   Tic disorders,Male,Agegroup:15–17years–Rate,4.0,,
ED visit,2020-2021,2021,2020,   Tic disorders,Total,Agegroup:15–17years–Rate,14.0,,
ED visit,2020-2021,2021,2020,   ADHD,Female,Agegroup:15–17years–Rate,21.0,,
ED visit,2020-2021,2021,2020,   ADHD,Male,Agegroup:15–17years–Rate,30.0,,
ED visit,2020-2021,2021,2020,   ADHD,Total,Agegroup:15–17years–Rate,25.0,,
ED visit,2021-2022,2022,2021,Neurocognitive disorders,Female,Agegroup:15–17years–Rate,19.0,,
ED visit,2021-2022,2022,2021,Neurocognitive disorders,Male,Agegroup:15–17years–Rate,11.0,,
ED visit,2021-2022,2022,2021,Neurocognitive disorders,Total,Agegroup:15–17years–Rate,15.0,,
ED visit,2021-2022,2022,2021,Substance-related disorders,Female,Agegroup:15–17years–Rate,363.0,,
ED visit,2021-2022,2022,2021,Substance-related disorders,Male,Agegroup:15–17years–Rate,316.0,,
ED visit,2021-2022,2022,2021,Substance-related disorders,Total,Agegroup:15–17years–Rate,338.0,,
ED visit,2021-2022,2022,2021,Schizophrenic and psychotic disorders,Female,Agegroup:15–17years–Rate,65.0,,
ED visit,2021-2022,2022,2021,Schizophrenic and psychotic disorders,Male,Agegroup:15–17years–Rate,87.0,,
ED visit,2021-2022,2022,2021,Schizophrenic and psychotic disorders,Total,Agegroup:15–17years–Rate,77.0,,
ED visit,2021-2022,2022,2021,Mood disorders,Female,Agegroup:15–17years–Rate,1035.0,,
ED visit,2021-2022,2022,2021,Mood disorders,Male,Agegroup:15–17years–Rate,398.0,,
ED visit,2021-2022,2022,2021,Mood disorders,Total,Agegroup:15–17years–Rate,706.0,,
ED visit,2021-2022,2022,2021,Anxiety disorders,Female,Agegroup:15–17years–Rate,807.0,,
ED visit,2021-2022,2022,2021,Anxiety disorders,Male,Agegroup:15–17years–Rate,337.0,,
ED visit,2021-2022,2022,2021,Anxiety disorders,Total,Agegroup:15–17years–Rate,564.0,,
ED visit,2021-2022,2022,2021,Personality disorders,Female,Agegroup:15–17years–Rate,107.0,,
ED visit,2021-2022,2022,2021,Personality disorders,Male,Agegroup:15–17years–Rate,15.0,,
ED visit,2021-2022,2022,2021,Personality disorders,Total,Agegroup:15–17years–Rate,59.0,,
ED visit,2021-2022,2022,2021,Other disorders,Female,Agegroup:15–17years–Rate,1080.0,,
ED visit,2021-2022,2022,2021,Other disorders,Male,Agegroup:15–17years–Rate,505.0,,
ED visit,2021-2022,2022,2021,Other disorders,Total,Agegroup:15–17years–Rate,783.0,,
ED visit,2021-2022,2022,2021,   Trauma- and stressor-related disorders,Female,Agegroup:15–17years–Rate,788.0,,
ED visit,2021-2022,2022,2021,   Trauma- and stressor-related disorders,Male,Agegroup:15–17years–Rate,374.0,,
ED visit,2021-2022,2022,2021,   Trauma- and stressor-related disorders,Total,Agegroup:15–17years–Rate,574.0,,
ED visit,2021-2022,2022,2021,"   Disruptive, impulse control and conduct disorders",Female,Agegroup:15–17years–Rate,41.0,,
ED visit,2021-2022,2022,2021,"   Disruptive, impulse control and conduct disorders",Male,Agegroup:15–17years–Rate,40.0,,
ED visit,2021-2022,2022,2021,"   Disruptive, impulse control and conduct disorders",Total,Agegroup:15–17years–Rate,40.0,,
ED visit,2021-2022,2022,2021,   Eating and feeding disorders,Female,Agegroup:15–17years–Rate,139.0,,
ED visit,2021-2022,2022,2021,   Eating and feeding disorders,Male,Agegroup:15–17years–Rate,11.0,,
ED visit,2021-2022,2022,2021,   Eating and feeding disorders,Total,Agegroup:15–17years–Rate,73.0,,
ED visit,2021-2022,2022,2021,   Tic disorders,Female,Agegroup:15–17years–Rate,26.0,,
ED visit,2021-2022,2022,2021,   Tic disorders,Male,Agegroup:15–17years–Rate,5.0,,
ED visit,2021-2022,2022,2021,   Tic disorders,Total,Agegroup:15–17years–Rate,15.0,,
ED visit,2021-2022,2022,2021,   ADHD,Female,Agegroup:15–17years–Rate,22.0,,
ED visit,2021-2022,2022,2021,   ADHD,Male,Agegroup:15–17years–Rate,28.0,,
ED visit,2021-2022,2022,2021,   ADHD,Total,Agegroup:15–17years–Rate,25.0,,
ED visit,2022-2023,2023,2022,Neurocognitive disorders,Female,Agegroup:15–17years–Rate,19.0,,
ED visit,2022-2023,2023,2022,Neurocognitive disorders,Male,Agegroup:15–17years–Rate,9.0,,
ED visit,2022-2023,2023,2022,Neurocognitive disorders,Total,Agegroup:15–17years–Rate,14.0,,
ED visit,2022-2023,2023,2022,Substance-related disorders,Female,Agegroup:15–17years–Rate,378.0,,
ED visit,2022-2023,2023,2022,Substance-related disorders,Male,Agegroup:15–17years–Rate,318.0,,
ED visit,2022-2023,2023,2022,Substance-related disorders,Total,Agegroup:15–17years–Rate,347.0,,
ED visit,2022-2023,2023,2022,Schizophrenic and psychotic disorders,Female,Agegroup:15–17years–Rate,60.0,,
ED visit,2022-2023,2023,2022,Schizophrenic and psychotic disorders,Male,Agegroup:15–17years–Rate,75.0,,
ED visit,2022-2023,2023,2022,Schizophrenic and psychotic disorders,Total,Agegroup:15–17years–Rate,68.0,,
ED visit,2022-2023,2023,2022,Mood disorders,Female,Agegroup:15–17years–Rate,832.0,,
ED visit,2022-2023,2023,2022,Mood disorders,Male,Agegroup:15–17years–Rate,352.0,,
ED visit,2022-2023,2023,2022,Mood disorders,Total,Agegroup:15–17years–Rate,584.0,,
ED visit,2022-2023,2023,2022,Anxiety disorders,Female,Agegroup:15–17years–Rate,698.0,,
ED visit,2022-2023,2023,2022,Anxiety disorders,Male,Agegroup:15–17years–Rate,289.0,,
ED visit,2022-2023,2023,2022,Anxiety disorders,Total,Agegroup:15–17years–Rate,487.0,,
ED visit,2022-2023,2023,2022,Personality disorders,Female,Agegroup:15–17years–Rate,86.0,,
ED visit,2022-2023,2023,2022,Personality disorders,Male,Agegroup:15–17years–Rate,16.0,,
ED visit,2022-2023,2023,2022,Personality disorders,Total,Agegroup:15–17years–Rate,50.0,,
ED visit,2022-2023,2023,2022,Other disorders,Female,Agegroup:15–17years–Rate,902.0,,
ED visit,2022-2023,2023,2022,Other disorders,Male,Agegroup:15–17years–Rate,454.0,,
ED visit,2022-2023,2023,2022,Other disorders,Total,Agegroup:15–17years–Rate,671.0,,
ED visit,2022-2023,2023,2022,   Trauma- and stressor-related disorders,Female,Agegroup:15–17years–Rate,688.0,,
ED visit,2022-2023,2023,2022,   Trauma- and stressor-related disorders,Male,Agegroup:15–17years–Rate,332.0,,
ED visit,2022-2023,2023,2022,   Trauma- and stressor-related disorders,Total,Agegroup:15–17years–Rate,504.0,,
ED visit,2022-2023,2023,2022,"   Disruptive, impulse control and conduct disorders",Female,Agegroup:15–17years–Rate,31.0,,
ED visit,2022-2023,2023,2022,"   Disruptive, impulse control and conduct disorders",Male,Agegroup:15–17years–Rate,39.0,,
ED visit,2022-2023,2023,2022,"   Disruptive, impulse control and conduct disorders",Total,Agegroup:15–17years–Rate,35.0,,
ED visit,2022-2023,2023,2022,   Eating and feeding disorders,Female,Agegroup:15–17years–Rate,78.0,,
ED visit,2022-2023,2023,2022,   Eating and feeding disorders,Male,Agegroup:15–17years–Rate,9.0,,
ED visit,2022-2023,2023,2022,   Eating and feeding disorders,Total,Agegroup:15–17years–Rate,42.0,,
ED visit,2022-2023,2023,2022,   Tic disorders,Female,Agegroup:15–17years–Rate,10.0,,
ED visit,2022-2023,2023,2022,   Tic disorders,Male,Agegroup:15–17years–Rate,2.0,,
ED visit,2022-2023,2023,2022,   Tic disorders,Total,Agegroup:15–17years–Rate,6.0,,
ED visit,2022-2023,2023,2022,   ADHD,Female,Agegroup:15–17years–Rate,20.0,,
ED visit,2022-2023,2023,2022,   ADHD,Male,Agegroup:15–17years–Rate,25.0,,
ED visit,2022-2023,2023,2022,   ADHD,Total,Agegroup:15–17years–Rate,23.0,,
ED visit,2023-2024,2024,2023,Neurocognitive disorders,Female,Agegroup:15–17years–Rate,20.0,,
ED visit,2023-2024,2024,2023,Neurocognitive disorders,Male,Agegroup:15–17years–Rate,18.0,,
ED visit,2023-2024,2024,2023,Neurocognitive disorders,Total,Agegroup:15–17years–Rate,19.0,,
ED visit,2023-2024,2024,2023,Substance-related disorders,Female,Agegroup:15–17years–Rate,392.0,,
ED visit,2023-2024,2024,2023,Substance-related disorders,Male,Agegroup:15–17years–Rate,339.0,,
ED visit,2023-2024,2024,2023,Substance-related disorders,Total,Agegroup:15–17years–Rate,365.0,,
ED visit,2023-2024,2024,2023,Schizophrenic and psychotic disorders,Female,Agegroup:15–17years–Rate,56.0,,
ED visit,2023-2024,2024,2023,Schizophrenic and psychotic disorders,Male,Agegroup:15–17years–Rate,84.0,,
ED visit,2023-2024,2024,2023,Schizophrenic and psychotic disorders,Total,Agegroup:15–17years–Rate,70.0,,
ED visit,2023-2024,2024,2023,Mood disorders,Female,Agegroup:15–17years–Rate,663.0,,
ED visit,2023-2024,2024,2023,Mood disorders,Male,Agegroup:15–17years–Rate,306.0,,
ED visit,2023-2024,2024,2023,Mood disorders,Total,Agegroup:15–17years–Rate,479.0,,
ED visit,2023-2024,2024,2023,Anxiety disorders,Female,Agegroup:15–17years–Rate,582.0,,
ED visit,2023-2024,2024,2023,Anxiety disorders,Male,Agegroup:15–17years–Rate,255.0,,
ED visit,2023-2024,2024,2023,Anxiety disorders,Total,Agegroup:15–17years–Rate,413.0,,
ED visit,2023-2024,2024,2023,Personality disorders,Female,Agegroup:15–17years–Rate,84.0,,
ED visit,2023-2024,2024,2023,Personality disorders,Male,Agegroup:15–17years–Rate,16.0,,
ED visit,2023-2024,2024,2023,Personality disorders,Total,Agegroup:15–17years–Rate,48.0,,
ED visit,2023-2024,2024,2023,Other disorders,Female,Agegroup:15–17years–Rate,824.0,,
ED visit,2023-2024,2024,2023,Other disorders,Male,Agegroup:15–17years–Rate,428.0,,
ED visit,2023-2024,2024,2023,Other disorders,Total,Agegroup:15–17years–Rate,619.0,,
ED visit,2023-2024,2024,2023,   Trauma- and stressor-related disorders,Female,Agegroup:15–17years–Rate,628.0,,
ED visit,2023-2024,2024,2023,   Trauma- and stressor-related disorders,Male,Agegroup:15–17years–Rate,298.0,,
ED visit,2023-2024,2024,2023,   Trauma- and stressor-related disorders,Total,Agegroup:15–17years–Rate,458.0,,
ED visit,2023-2024,2024,2023,"   Disruptive, impulse control and conduct disorders",Female,Agegroup:15–17years–Rate,33.0,,
ED visit,2023-2024,2024,2023,"   Disruptive, impulse control and conduct disorders",Male,Agegroup:15–17years–Rate,39.0,,
ED visit,2023-2024,2024,2023,"   Disruptive, impulse control and conduct disorders",Total,Agegroup:15–17years–Rate,36.0,,
ED visit,2023-2024,2024,2023,   Eating and feeding disorders,Female,Agegroup:15–17years–Rate,80.0,,
ED visit,2023-2024,2024,2023,   Eating and feeding disorders,Male,Agegroup:15–17years–Rate,8.0,,
ED visit,2023-2024,2024,2023,   Eating and feeding disorders,Total,Agegroup:15–17years–Rate,43.0,,
ED visit,2023-2024,2024,2023,   Tic disorders,Female,Agegroup:15–17years–Rate,8.0,,
ED visit,2023-2024,2024,2023,   Tic disorders,Male,Agegroup:15–17years–Rate,3.0,,
ED visit,2023-2024,2024,2023,   Tic disorders,Total,Agegroup:15–17years–Rate,6.0,,
ED visit,2023-2024,2024,2023,   ADHD,Female,Agegroup:15–17years–Rate,22.0,,
ED visit,2023-2024,2024,2023,   ADHD,Male,Agegroup:15–17years–Rate,31.0,,
ED visit,2023-2024,2024,2023,   ADHD,Total,Agegroup:15–17years–Rate,27.0,,
ED visit,2018-2019,2019,2018,Neurocognitive disorders,Female,Agegroup:15–17years–95%CI,44.0,44.0,60.0
ED visit,2018-2019,2019,2018,Neurocognitive disorders,Male,Agegroup:15–17years–95%CI,25.0,25.0,37.0
ED visit,2018-2019,2019,2018,Neurocognitive disorders,Total,Agegroup:15–17years–95%CI,36.0,36.0,46.0
ED visit,2018-2019,2019,2018,Substance-related disorders,Female,Agegroup:15–17years–95%CI,488.0,488.0,538.0
ED visit,2018-2019,2019,2018,Substance-related disorders,Male,Agegroup:15–17years–95%CI,513.0,513.0,564.0
ED visit,2018-2019,2019,2018,Substance-related disorders,Total,Agegroup:15–17years–95%CI,508.0,508.0,544.0
ED visit,2018-2019,2019,2018,Schizophrenic and psychotic disorders,Female,Agegroup:15–17years–95%CI,58.0,58.0,76.0
ED visit,2018-2019,2019,2018,Schizophrenic and psychotic disorders,Male,Agegroup:15–17years–95%CI,83.0,83.0,104.0
ED visit,2018-2019,2019,2018,Schizophrenic and psychotic disorders,Total,Agegroup:15–17years–95%CI,74.0,74.0,88.0
ED visit,2018-2019,2019,2018,Mood disorders,Female,Agegroup:15–17years–95%CI,111.0,111.0,1.0
ED visit,2018-2019,2019,2018,Mood disorders,Male,Agegroup:15–17years–95%CI,489.0,489.0,539.0
ED visit,2018-2019,2019,2018,Mood disorders,Total,Agegroup:15–17years–95%CI,802.0,802.0,847.0
ED visit,2018-2019,2019,2018,Anxiety disorders,Female,Agegroup:15–17years–95%CI,753.0,753.0,816.0
ED visit,2018-2019,2019,2018,Anxiety disorders,Male,Agegroup:15–17years–95%CI,369.0,369.0,412.0
ED visit,2018-2019,2019,2018,Anxiety disorders,Total,Agegroup:15–17years–95%CI,564.0,564.0,602.0
ED visit,2018-2019,2019,2018,Personality disorders,Female,Agegroup:15–17years–95%CI,87.0,87.0,109.0
ED visit,2018-2019,2019,2018,Personality disorders,Male,Agegroup:15–17years–95%CI,13.0,13.0,22.0
ED visit,2018-2019,2019,2018,Personality disorders,Total,Agegroup:15–17years–95%CI,51.0,51.0,63.0
ED visit,2018-2019,2019,2018,Other disorders,Female,Agegroup:15–17years–95%CI,65.0,65.0,1.0
ED visit,2018-2019,2019,2018,Other disorders,Male,Agegroup:15–17years–95%CI,608.0,608.0,663.0
ED visit,2018-2019,2019,2018,Other disorders,Total,Agegroup:15–17years–95%CI,841.0,841.0,887.0
ED visit,2018-2019,2019,2018,   Trauma- and stressor-related disorders,Female,Agegroup:15–17years–95%CI,892.0,892.0,960.0
ED visit,2018-2019,2019,2018,   Trauma- and stressor-related disorders,Male,Agegroup:15–17years–95%CI,451.0,451.0,499.0
ED visit,2018-2019,2019,2018,   Trauma- and stressor-related disorders,Total,Agegroup:15–17years–95%CI,675.0,675.0,716.0
ED visit,2018-2019,2019,2018,"   Disruptive, impulse control and conduct disorders",Female,Agegroup:15–17years–95%CI,41.0,41.0,57.0
ED visit,2018-2019,2019,2018,"   Disruptive, impulse control and conduct disorders",Male,Agegroup:15–17years–95%CI,64.0,64.0,83.0
ED visit,2018-2019,2019,2018,"   Disruptive, impulse control and conduct disorders",Total,Agegroup:15–17years–95%CI,55.0,55.0,68.0
ED visit,2018-2019,2019,2018,   Eating and feeding disorders,Female,Agegroup:15–17years–95%CI,46.0,46.0,62.0
ED visit,2018-2019,2019,2018,   Eating and feeding disorders,Male,Agegroup:15–17years–95%CI,2.0,2.0,7.0
ED visit,2018-2019,2019,2018,   Eating and feeding disorders,Total,Agegroup:15–17years–95%CI,24.0,24.0,33.0
ED visit,2018-2019,2019,2018,   Tic disorders,Female,Agegroup:15–17years–95%CI,2.0,2.0,7.0
ED visit,2018-2019,2019,2018,   Tic disorders,Male,Agegroup:15–17years–95%CI,1.0,1.0,4.0
ED visit,2018-2019,2019,2018,   Tic disorders,Total,Agegroup:15–17years–95%CI,2.0,2.0,5.0
ED visit,2018-2019,2019,2018,   ADHD,Female,Agegroup:15–17years–95%CI,14.0,14.0,23.0
ED visit,2018-2019,2019,2018,   ADHD,Male,Agegroup:15–17years–95%CI,26.0,26.0,38.0
ED visit,2018-2019,2019,2018,   ADHD,Total,Agegroup:15–17years–95%CI,22.0,22.0,29.0
ED visit,2019-2020,2020,2019,Neurocognitive disorders,Female,Agegroup:15–17years–95%CI,35.0,35.0,50.0
ED visit,2019-2020,2020,2019,Neurocognitive disorders,Male,Agegroup:15–17years–95%CI,21.0,21.0,32.0
ED visit,2019-2020,2020,2019,Neurocognitive disorders,Total,Agegroup:15–17years–95%CI,30.0,30.0,39.0
ED visit,2019-2020,2020,2019,Substance-related disorders,Female,Agegroup:15–17years–95%CI,448.0,448.0,496.0
ED visit,2019-2020,2020,2019,Substance-related disorders,Male,Agegroup:15–17years–95%CI,502.0,502.0,552.0
ED visit,2019-2020,2020,2019,Substance-related disorders,Total,Agegroup:15–17years–95%CI,483.0,483.0,517.0
ED visit,2019-2020,2020,2019,Schizophrenic and psychotic disorders,Female,Agegroup:15–17years–95%CI,48.0,48.0,65.0
ED visit,2019-2020,2020,2019,Schizophrenic and psychotic disorders,Male,Agegroup:15–17years–95%CI,68.0,68.0,87.0
ED visit,2019-2020,2020,2019,Schizophrenic and psychotic disorders,Total,Agegroup:15–17years–95%CI,61.0,61.0,74.0
ED visit,2019-2020,2020,2019,Mood disorders,Female,Agegroup:15–17years–95%CI,988.0,988.0,1.0
ED visit,2019-2020,2020,2019,Mood disorders,Male,Agegroup:15–17years–95%CI,468.0,468.0,516.0
ED visit,2019-2020,2020,2019,Mood disorders,Total,Agegroup:15–17years–95%CI,730.0,730.0,772.0
ED visit,2019-2020,2020,2019,Anxiety disorders,Female,Agegroup:15–17years–95%CI,767.0,767.0,830.0
ED visit,2019-2020,2020,2019,Anxiety disorders,Male,Agegroup:15–17years–95%CI,357.0,357.0,399.0
ED visit,2019-2020,2020,2019,Anxiety disorders,Total,Agegroup:15–17years–95%CI,564.0,564.0,601.0
ED visit,2019-2020,2020,2019,Personality disorders,Female,Agegroup:15–17years–95%CI,69.0,69.0,88.0
ED visit,2019-2020,2020,2019,Personality disorders,Male,Agegroup:15–17years–95%CI,12.0,12.0,20.0
ED visit,2019-2020,2020,2019,Personality disorders,Total,Agegroup:15–17years–95%CI,41.0,41.0,52.0
ED visit,2019-2020,2020,2019,Other disorders,Female,Agegroup:15–17years–95%CI,991.0,991.0,1.0
ED visit,2019-2020,2020,2019,Other disorders,Male,Agegroup:15–17years–95%CI,584.0,584.0,638.0
ED visit,2019-2020,2020,2019,Other disorders,Total,Agegroup:15–17years–95%CI,791.0,791.0,836.0
ED visit,2019-2020,2020,2019,   Trauma- and stressor-related disorders,Female,Agegroup:15–17years–95%CI,810.0,810.0,875.0
ED visit,2019-2020,2020,2019,   Trauma- and stressor-related disorders,Male,Agegroup:15–17years–95%CI,440.0,440.0,487.0
ED visit,2019-2020,2020,2019,   Trauma- and stressor-related disorders,Total,Agegroup:15–17years–95%CI,628.0,628.0,668.0
ED visit,2019-2020,2020,2019,"   Disruptive, impulse control and conduct disorders",Female,Agegroup:15–17years–95%CI,35.0,35.0,49.0
ED visit,2019-2020,2020,2019,"   Disruptive, impulse control and conduct disorders",Male,Agegroup:15–17years–95%CI,55.0,55.0,72.0
ED visit,2019-2020,2020,2019,"   Disruptive, impulse control and conduct disorders",Total,Agegroup:15–17years–95%CI,48.0,48.0,59.0
ED visit,2019-2020,2020,2019,   Eating and feeding disorders,Female,Agegroup:15–17years–95%CI,45.0,45.0,61.0
ED visit,2019-2020,2020,2019,   Eating and feeding disorders,Male,Agegroup:15–17years–95%CI,3.0,3.0,8.0
ED visit,2019-2020,2020,2019,   Eating and feeding disorders,Total,Agegroup:15–17years–95%CI,24.0,24.0,33.0
ED visit,2019-2020,2020,2019,   Tic disorders,Female,Agegroup:15–17years–95%CI,5.0,5.0,12.0
ED visit,2019-2020,2020,2019,   Tic disorders,Male,Agegroup:15–17years–95%CI,2.0,2.0,6.0
ED visit,2019-2020,2020,2019,   Tic disorders,Total,Agegroup:15–17years–95%CI,4.0,4.0,8.0
ED visit,2019-2020,2020,2019,   ADHD,Female,Agegroup:15–17years–95%CI,15.0,15.0,25.0
ED visit,2019-2020,2020,2019,   ADHD,Male,Agegroup:15–17years–95%CI,30.0,30.0,43.0
ED visit,2019-2020,2020,2019,   ADHD,Total,Agegroup:15–17years–95%CI,24.0,24.0,32.0
ED visit,2020-2021,2021,2020,Neurocognitive disorders,Female,Agegroup:15–17years–95%CI,13.0,13.0,23.0
ED visit,2020-2021,2021,2020,Neurocognitive disorders,Male,Agegroup:15–17years–95%CI,8.0,8.0,15.0
ED visit,2020-2021,2021,2020,Neurocognitive disorders,Total,Agegroup:15–17years–95%CI,12.0,12.0,17.0
ED visit,2020-2021,2021,2020,Substance-related disorders,Female,Agegroup:15–17years–95%CI,306.0,306.0,346.0
ED visit,2020-2021,2021,2020,Substance-related disorders,Male,Agegroup:15–17years–95%CI,312.0,312.0,351.0
ED visit,2020-2021,2021,2020,Substance-related disorders,Total,Agegroup:15–17years–95%CI,315.0,315.0,343.0
ED visit,2020-2021,2021,2020,Schizophrenic and psychotic disorders,Female,Agegroup:15–17years–95%CI,52.0,52.0,70.0
ED visit,2020-2021,2021,2020,Schizophrenic and psychotic disorders,Male,Agegroup:15–17years–95%CI,75.0,75.0,94.0
ED visit,2020-2021,2021,2020,Schizophrenic and psychotic disorders,Total,Agegroup:15–17years–95%CI,66.0,66.0,80.0
ED visit,2020-2021,2021,2020,Mood disorders,Female,Agegroup:15–17years–95%CI,766.0,766.0,828.0
ED visit,2020-2021,2021,2020,Mood disorders,Male,Agegroup:15–17years–95%CI,307.0,307.0,346.0
ED visit,2020-2021,2021,2020,Mood disorders,Total,Agegroup:15–17years–95%CI,537.0,537.0,573.0
ED visit,2020-2021,2021,2020,Anxiety disorders,Female,Agegroup:15–17years–95%CI,650.0,650.0,708.0
ED visit,2020-2021,2021,2020,Anxiety disorders,Male,Agegroup:15–17years–95%CI,296.0,296.0,334.0
ED visit,2020-2021,2021,2020,Anxiety disorders,Total,Agegroup:15–17years–95%CI,475.0,475.0,509.0
ED visit,2020-2021,2021,2020,Personality disorders,Female,Agegroup:15–17years–95%CI,57.0,57.0,75.0
ED visit,2020-2021,2021,2020,Personality disorders,Male,Agegroup:15–17years–95%CI,10.0,10.0,18.0
ED visit,2020-2021,2021,2020,Personality disorders,Total,Agegroup:15–17years–95%CI,35.0,35.0,44.0
ED visit,2020-2021,2021,2020,Other disorders,Female,Agegroup:15–17years–95%CI,817.0,817.0,882.0
ED visit,2020-2021,2021,2020,Other disorders,Male,Agegroup:15–17years–95%CI,410.0,410.0,455.0
ED visit,2020-2021,2021,2020,Other disorders,Total,Agegroup:15–17years–95%CI,615.0,615.0,654.0
ED visit,2020-2021,2021,2020,   Trauma- and stressor-related disorders,Female,Agegroup:15–17years–95%CI,589.0,589.0,644.0
ED visit,2020-2021,2021,2020,   Trauma- and stressor-related disorders,Male,Agegroup:15–17years–95%CI,287.0,287.0,325.0
ED visit,2020-2021,2021,2020,   Trauma- and stressor-related disorders,Total,Agegroup:15–17years–95%CI,440.0,440.0,473.0
ED visit,2020-2021,2021,2020,"   Disruptive, impulse control and conduct disorders",Female,Agegroup:15–17years–95%CI,26.0,26.0,39.0
ED visit,2020-2021,2021,2020,"   Disruptive, impulse control and conduct disorders",Male,Agegroup:15–17years–95%CI,36.0,36.0,50.0
ED visit,2020-2021,2021,2020,"   Disruptive, impulse control and conduct disorders",Total,Agegroup:15–17years–95%CI,33.0,33.0,43.0
ED visit,2020-2021,2021,2020,   Eating and feeding disorders,Female,Agegroup:15–17years–95%CI,95.0,95.0,118.0
ED visit,2020-2021,2021,2020,   Eating and feeding disorders,Male,Agegroup:15–17years–95%CI,5.0,5.0,11.0
ED visit,2020-2021,2021,2020,   Eating and feeding disorders,Total,Agegroup:15–17years–95%CI,50.0,50.0,62.0
ED visit,2020-2021,2021,2020,   Tic disorders,Female,Agegroup:15–17years–95%CI,20.0,20.0,31.0
ED visit,2020-2021,2021,2020,   Tic disorders,Male,Agegroup:15–17years–95%CI,2.0,2.0,6.0
ED visit,2020-2021,2021,2020,   Tic disorders,Total,Agegroup:15–17years–95%CI,11.0,11.0,17.0
ED visit,2020-2021,2021,2020,   ADHD,Female,Agegroup:15–17years–95%CI,16.0,16.0,26.0
ED visit,2020-2021,2021,2020,   ADHD,Male,Agegroup:15–17years–95%CI,24.0,24.0,36.0
ED visit,2020-2021,2021,2020,   ADHD,Total,Agegroup:15–17years–95%CI,21.0,21.0,29.0
ED visit,2021-2022,2022,2021,Neurocognitive disorders,Female,Agegroup:15–17years–95%CI,14.0,14.0,23.0
ED visit,2021-2022,2022,2021,Neurocognitive disorders,Male,Agegroup:15–17years–95%CI,8.0,8.0,15.0
ED visit,2021-2022,2022,2021,Neurocognitive disorders,Total,Agegroup:15–17years–95%CI,12.0,12.0,18.0
ED visit,2021-2022,2022,2021,Substance-related disorders,Female,Agegroup:15–17years–95%CI,342.0,342.0,384.0
ED visit,2021-2022,2022,2021,Substance-related disorders,Male,Agegroup:15–17years–95%CI,296.0,296.0,335.0
ED visit,2021-2022,2022,2021,Substance-related disorders,Total,Agegroup:15–17years–95%CI,324.0,324.0,353.0
ED visit,2021-2022,2022,2021,Schizophrenic and psychotic disorders,Female,Agegroup:15–17years–95%CI,56.0,56.0,74.0
ED visit,2021-2022,2022,2021,Schizophrenic and psychotic disorders,Male,Agegroup:15–17years–95%CI,77.0,77.0,97.0
ED visit,2021-2022,2022,2021,Schizophrenic and psychotic disorders,Total,Agegroup:15–17years–95%CI,70.0,70.0,84.0
ED visit,2021-2022,2022,2021,Mood disorders,Female,Agegroup:15–17years–95%CI,999.0,999.0,1.0
ED visit,2021-2022,2022,2021,Mood disorders,Male,Agegroup:15–17years–95%CI,377.0,377.0,420.0
ED visit,2021-2022,2022,2021,Mood disorders,Total,Agegroup:15–17years–95%CI,685.0,685.0,726.0
ED visit,2021-2022,2022,2021,Anxiety disorders,Female,Agegroup:15–17years–95%CI,775.0,775.0,838.0
ED visit,2021-2022,2022,2021,Anxiety disorders,Male,Agegroup:15–17years–95%CI,317.0,317.0,356.0
ED visit,2021-2022,2022,2021,Anxiety disorders,Total,Agegroup:15–17years–95%CI,545.0,545.0,582.0
ED visit,2021-2022,2022,2021,Personality disorders,Female,Agegroup:15–17years–95%CI,95.0,95.0,118.0
ED visit,2021-2022,2022,2021,Personality disorders,Male,Agegroup:15–17years–95%CI,11.0,11.0,19.0
ED visit,2021-2022,2022,2021,Personality disorders,Total,Agegroup:15–17years–95%CI,53.0,53.0,65.0
ED visit,2021-2022,2022,2021,Other disorders,Female,Agegroup:15–17years–95%CI,43.0,43.0,1.0
ED visit,2021-2022,2022,2021,Other disorders,Male,Agegroup:15–17years–95%CI,481.0,481.0,529.0
ED visit,2021-2022,2022,2021,Other disorders,Total,Agegroup:15–17years–95%CI,761.0,761.0,804.0
ED visit,2021-2022,2022,2021,   Trauma- and stressor-related disorders,Female,Agegroup:15–17years–95%CI,757.0,757.0,820.0
ED visit,2021-2022,2022,2021,   Trauma- and stressor-related disorders,Male,Agegroup:15–17years–95%CI,353.0,353.0,395.0
ED visit,2021-2022,2022,2021,   Trauma- and stressor-related disorders,Total,Agegroup:15–17years–95%CI,556.0,556.0,593.0
ED visit,2021-2022,2022,2021,"   Disruptive, impulse control and conduct disorders",Female,Agegroup:15–17years–95%CI,33.0,33.0,48.0
ED visit,2021-2022,2022,2021,"   Disruptive, impulse control and conduct disorders",Male,Agegroup:15–17years–95%CI,33.0,33.0,47.0
ED visit,2021-2022,2022,2021,"   Disruptive, impulse control and conduct disorders",Total,Agegroup:15–17years–95%CI,35.0,35.0,45.0
ED visit,2021-2022,2022,2021,   Eating and feeding disorders,Female,Agegroup:15–17years–95%CI,126.0,126.0,152.0
ED visit,2021-2022,2022,2021,   Eating and feeding disorders,Male,Agegroup:15–17years–95%CI,7.0,7.0,14.0
ED visit,2021-2022,2022,2021,   Eating and feeding disorders,Total,Agegroup:15–17years–95%CI,66.0,66.0,79.0
ED visit,2021-2022,2022,2021,   Tic disorders,Female,Agegroup:15–17years–95%CI,21.0,21.0,32.0
ED visit,2021-2022,2022,2021,   Tic disorders,Male,Agegroup:15–17years–95%CI,2.0,2.0,7.0
ED visit,2021-2022,2022,2021,   Tic disorders,Total,Agegroup:15–17years–95%CI,12.0,12.0,18.0
ED visit,2021-2022,2022,2021,   ADHD,Female,Agegroup:15–17years–95%CI,17.0,17.0,27.0
ED visit,2021-2022,2022,2021,   ADHD,Male,Agegroup:15–17years–95%CI,23.0,23.0,34.0
ED visit,2021-2022,2022,2021,   ADHD,Total,Agegroup:15–17years–95%CI,21.0,21.0,29.0
ED visit,2022-2023,2023,2022,Neurocognitive disorders,Female,Agegroup:15–17years–95%CI,14.0,14.0,23.0
ED visit,2022-2023,2023,2022,Neurocognitive disorders,Male,Agegroup:15–17years–95%CI,6.0,6.0,13.0
ED visit,2022-2023,2023,2022,Neurocognitive disorders,Total,Agegroup:15–17years–95%CI,11.0,11.0,17.0
ED visit,2022-2023,2023,2022,Substance-related disorders,Female,Agegroup:15–17years–95%CI,357.0,357.0,399.0
ED visit,2022-2023,2023,2022,Substance-related disorders,Male,Agegroup:15–17years–95%CI,299.0,299.0,337.0
ED visit,2022-2023,2023,2022,Substance-related disorders,Total,Agegroup:15–17years–95%CI,333.0,333.0,361.0
ED visit,2022-2023,2023,2022,Schizophrenic and psychotic disorders,Female,Agegroup:15–17years–95%CI,52.0,52.0,69.0
ED visit,2022-2023,2023,2022,Schizophrenic and psychotic disorders,Male,Agegroup:15–17years–95%CI,66.0,66.0,85.0
ED visit,2022-2023,2023,2022,Schizophrenic and psychotic disorders,Total,Agegroup:15–17years–95%CI,62.0,62.0,74.0
ED visit,2022-2023,2023,2022,Mood disorders,Female,Agegroup:15–17years–95%CI,800.0,800.0,863.0
ED visit,2022-2023,2023,2022,Mood disorders,Male,Agegroup:15–17years–95%CI,332.0,332.0,372.0
ED visit,2022-2023,2023,2022,Mood disorders,Total,Agegroup:15–17years–95%CI,566.0,566.0,602.0
ED visit,2022-2023,2023,2022,Anxiety disorders,Female,Agegroup:15–17years–95%CI,669.0,669.0,727.0
ED visit,2022-2023,2023,2022,Anxiety disorders,Male,Agegroup:15–17years–95%CI,271.0,271.0,307.0
ED visit,2022-2023,2023,2022,Anxiety disorders,Total,Agegroup:15–17years–95%CI,470.0,470.0,503.0
ED visit,2022-2023,2023,2022,Personality disorders,Female,Agegroup:15–17years–95%CI,76.0,76.0,96.0
ED visit,2022-2023,2023,2022,Personality disorders,Male,Agegroup:15–17years–95%CI,12.0,12.0,20.0
ED visit,2022-2023,2023,2022,Personality disorders,Total,Agegroup:15–17years–95%CI,45.0,45.0,55.0
ED visit,2022-2023,2023,2022,Other disorders,Female,Agegroup:15–17years–95%CI,869.0,869.0,935.0
ED visit,2022-2023,2023,2022,Other disorders,Male,Agegroup:15–17years–95%CI,431.0,431.0,477.0
ED visit,2022-2023,2023,2022,Other disorders,Total,Agegroup:15–17years–95%CI,651.0,651.0,691.0
ED visit,2022-2023,2023,2022,   Trauma- and stressor-related disorders,Female,Agegroup:15–17years–95%CI,660.0,660.0,717.0
ED visit,2022-2023,2023,2022,   Trauma- and stressor-related disorders,Male,Agegroup:15–17years–95%CI,313.0,313.0,351.0
ED visit,2022-2023,2023,2022,   Trauma- and stressor-related disorders,Total,Agegroup:15–17years–95%CI,487.0,487.0,521.0
ED visit,2022-2023,2023,2022,"   Disruptive, impulse control and conduct disorders",Female,Agegroup:15–17years–95%CI,25.0,25.0,37.0
ED visit,2022-2023,2023,2022,"   Disruptive, impulse control and conduct disorders",Male,Agegroup:15–17years–95%CI,32.0,32.0,46.0
ED visit,2022-2023,2023,2022,"   Disruptive, impulse control and conduct disorders",Total,Agegroup:15–17years–95%CI,30.0,30.0,40.0
ED visit,2022-2023,2023,2022,   Eating and feeding disorders,Female,Agegroup:15–17years–95%CI,68.0,68.0,88.0
ED visit,2022-2023,2023,2022,   Eating and feeding disorders,Male,Agegroup:15–17years–95%CI,6.0,6.0,12.0
ED visit,2022-2023,2023,2022,   Eating and feeding disorders,Total,Agegroup:15–17years–95%CI,37.0,37.0,47.0
ED visit,2022-2023,2023,2022,   Tic disorders,Female,Agegroup:15–17years–95%CI,6.0,6.0,13.0
ED visit,2022-2023,2023,2022,   Tic disorders,Male,Agegroup:15–17years–95%CI,1.0,1.0,4.0
ED visit,2022-2023,2023,2022,   Tic disorders,Total,Agegroup:15–17years–95%CI,4.0,4.0,8.0
ED visit,2022-2023,2023,2022,   ADHD,Female,Agegroup:15–17years–95%CI,15.0,15.0,25.0
ED visit,2022-2023,2023,2022,   ADHD,Male,Agegroup:15–17years–95%CI,19.0,19.0,30.0
ED visit,2022-2023,2023,2022,   ADHD,Total,Agegroup:15–17years–95%CI,19.0,19.0,26.0
ED visit,2023-2024,2024,2023,Neurocognitive disorders,Female,Agegroup:15–17years–95%CI,15.0,15.0,25.0
ED visit,2023-2024,2024,2023,Neurocognitive disorders,Male,Agegroup:15–17years–95%CI,13.0,13.0,22.0
ED visit,2023-2024,2024,2023,Neurocognitive disorders,Total,Agegroup:15–17years–95%CI,16.0,16.0,22.0
ED visit,2023-2024,2024,2023,Substance-related disorders,Female,Agegroup:15–17years–95%CI,371.0,371.0,414.0
ED visit,2023-2024,2024,2023,Substance-related disorders,Male,Agegroup:15–17years–95%CI,320.0,320.0,358.0
ED visit,2023-2024,2024,2023,Substance-related disorders,Total,Agegroup:15–17years–95%CI,350.0,350.0,379.0
ED visit,2023-2024,2024,2023,Schizophrenic and psychotic disorders,Female,Agegroup:15–17years–95%CI,48.0,48.0,65.0
ED visit,2023-2024,2024,2023,Schizophrenic and psychotic disorders,Male,Agegroup:15–17years–95%CI,74.0,74.0,93.0
ED visit,2023-2024,2024,2023,Schizophrenic and psychotic disorders,Total,Agegroup:15–17years–95%CI,64.0,64.0,77.0
ED visit,2023-2024,2024,2023,Mood disorders,Female,Agegroup:15–17years–95%CI,635.0,635.0,690.0
ED visit,2023-2024,2024,2023,Mood disorders,Male,Agegroup:15–17years–95%CI,288.0,288.0,325.0
ED visit,2023-2024,2024,2023,Mood disorders,Total,Agegroup:15–17years–95%CI,462.0,462.0,495.0
ED visit,2023-2024,2024,2023,Anxiety disorders,Female,Agegroup:15–17years–95%CI,556.0,556.0,608.0
ED visit,2023-2024,2024,2023,Anxiety disorders,Male,Agegroup:15–17years–95%CI,238.0,238.0,272.0
ED visit,2023-2024,2024,2023,Anxiety disorders,Total,Agegroup:15–17years–95%CI,398.0,398.0,428.0
ED visit,2023-2024,2024,2023,Personality disorders,Female,Agegroup:15–17years–95%CI,74.0,74.0,93.0
ED visit,2023-2024,2024,2023,Personality disorders,Male,Agegroup:15–17years–95%CI,12.0,12.0,20.0
ED visit,2023-2024,2024,2023,Personality disorders,Total,Agegroup:15–17years–95%CI,43.0,43.0,54.0
ED visit,2023-2024,2024,2023,Other disorders,Female,Agegroup:15–17years–95%CI,793.0,793.0,855.0
ED visit,2023-2024,2024,2023,Other disorders,Male,Agegroup:15–17years–95%CI,407.0,407.0,450.0
ED visit,2023-2024,2024,2023,Other disorders,Total,Agegroup:15–17years–95%CI,601.0,601.0,638.0
ED visit,2023-2024,2024,2023,   Trauma- and stressor-related disorders,Female,Agegroup:15–17years–95%CI,601.0,601.0,655.0
ED visit,2023-2024,2024,2023,   Trauma- and stressor-related disorders,Male,Agegroup:15–17years–95%CI,280.0,280.0,316.0
ED visit,2023-2024,2024,2023,   Trauma- and stressor-related disorders,Total,Agegroup:15–17years–95%CI,442.0,442.0,474.0
ED visit,2023-2024,2024,2023,"   Disruptive, impulse control and conduct disorders",Female,Agegroup:15–17years–95%CI,26.0,26.0,39.0
ED visit,2023-2024,2024,2023,"   Disruptive, impulse control and conduct disorders",Male,Agegroup:15–17years–95%CI,33.0,33.0,46.0
ED visit,2023-2024,2024,2023,"   Disruptive, impulse control and conduct disorders",Total,Agegroup:15–17years–95%CI,31.0,31.0,40.0
ED visit,2023-2024,2024,2023,   Eating and feeding disorders,Female,Agegroup:15–17years–95%CI,71.0,71.0,90.0
ED visit,2023-2024,2024,2023,   Eating and feeding disorders,Male,Agegroup:15–17years–95%CI,5.0,5.0,11.0
ED visit,2023-2024,2024,2023,   Eating and feeding disorders,Total,Agegroup:15–17years–95%CI,38.0,38.0,48.0
ED visit,2023-2024,2024,2023,   Tic disorders,Female,Agegroup:15–17years–95%CI,5.0,5.0,11.0
ED visit,2023-2024,2024,2023,   Tic disorders,Male,Agegroup:15–17years–95%CI,1.0,1.0,5.0
ED visit,2023-2024,2024,2023,   Tic disorders,Total,Agegroup:15–17years–95%CI,4.0,4.0,8.0
ED visit,2023-2024,2024,2023,   ADHD,Female,Agegroup:15–17years–95%CI,17.0,17.0,27.0
ED visit,2023-2024,2024,2023,   ADHD,Male,Agegroup:15–17years–95%CI,26.0,26.0,37.0
ED visit,2023-2024,2024,2023,   ADHD,Total,Agegroup:15–17years–95%CI,23.0,23.0,31.0
ED visit,2018-2019,2019,2018,Neurocognitive disorders,Female,Agegroup:18–24years–Rate,35.0,,
ED visit,2018-2019,2019,2018,Neurocognitive disorders,Male,Agegroup:18–24years–Rate,23.0,,
ED visit,2018-2019,2019,2018,Neurocognitive disorders,Total,Agegroup:18–24years–Rate,29.0,,
ED visit,2018-2019,2019,2018,Substance-related disorders,Female,Agegroup:18–24years–Rate,738.0,,
ED visit,2018-2019,2019,2018,Substance-related disorders,Male,Agegroup:18–24years–Rate,892.0,,
ED visit,2018-2019,2019,2018,Substance-related disorders,Total,Agegroup:18–24years–Rate,818.0,,
ED visit,2018-2019,2019,2018,Schizophrenic and psychotic disorders,Female,Agegroup:18–24years–Rate,117.0,,
ED visit,2018-2019,2019,2018,Schizophrenic and psychotic disorders,Male,Agegroup:18–24years–Rate,289.0,,
ED visit,2018-2019,2019,2018,Schizophrenic and psychotic disorders,Total,Agegroup:18–24years–Rate,207.0,,
ED visit,2018-2019,2019,2018,Mood disorders,Female,Agegroup:18–24years–Rate,764.0,,
ED visit,2018-2019,2019,2018,Mood disorders,Male,Agegroup:18–24years–Rate,503.0,,
ED visit,2018-2019,2019,2018,Mood disorders,Total,Agegroup:18–24years–Rate,628.0,,
ED visit,2018-2019,2019,2018,Anxiety disorders,Female,Agegroup:18–24years–Rate,807.0,,
ED visit,2018-2019,2019,2018,Anxiety disorders,Male,Agegroup:18–24years–Rate,528.0,,
ED visit,2018-2019,2019,2018,Anxiety disorders,Total,Agegroup:18–24years–Rate,662.0,,
ED visit,2018-2019,2019,2018,Personality disorders,Female,Agegroup:18–24years–Rate,161.0,,
ED visit,2018-2019,2019,2018,Personality disorders,Male,Agegroup:18–24years–Rate,49.0,,
ED visit,2018-2019,2019,2018,Personality disorders,Total,Agegroup:18–24years–Rate,102.0,,
ED visit,2018-2019,2019,2018,Other disorders,Female,Agegroup:18–24years–Rate,702.0,,
ED visit,2018-2019,2019,2018,Other disorders,Male,Agegroup:18–24years–Rate,488.0,,
ED visit,2018-2019,2019,2018,Other disorders,Total,Agegroup:18–24years–Rate,590.0,,
ED visit,2018-2019,2019,2018,   Trauma- and stressor-related disorders,Female,Agegroup:18–24years–Rate,607.0,,
ED visit,2018-2019,2019,2018,   Trauma- and stressor-related disorders,Male,Agegroup:18–24years–Rate,409.0,,
ED visit,2018-2019,2019,2018,   Trauma- and stressor-related disorders,Total,Agegroup:18–24years–Rate,504.0,,
ED visit,2018-2019,2019,2018,"   Disruptive, impulse control and conduct disorders",Female,Agegroup:18–24years–Rate,11.0,,
ED visit,2018-2019,2019,2018,"   Disruptive, impulse control and conduct disorders",Male,Agegroup:18–24years–Rate,14.0,,
ED visit,2018-2019,2019,2018,"   Disruptive, impulse control and conduct disorders",Total,Agegroup:18–24years–Rate,13.0,,
ED visit,2018-2019,2019,2018,   Eating and feeding disorders,Female,Agegroup:18–24years–Rate,19.0,,
ED visit,2018-2019,2019,2018,   Eating and feeding disorders,Male,Agegroup:18–24years–Rate,2.0,,
ED visit,2018-2019,2019,2018,   Eating and feeding disorders,Total,Agegroup:18–24years–Rate,10.0,,
ED visit,2018-2019,2019,2018,   Tic disorders,Female,Agegroup:18–24years–Rate,1.0,,
ED visit,2018-2019,2019,2018,   Tic disorders,Male,Agegroup:18–24years–Rate,1.0,,
ED visit,2018-2019,2019,2018,   Tic disorders,Total,Agegroup:18–24years–Rate,1.0,,
ED visit,2018-2019,2019,2018,   ADHD,Female,Agegroup:18–24years–Rate,6.0,,
ED visit,2018-2019,2019,2018,   ADHD,Male,Agegroup:18–24years–Rate,11.0,,
ED visit,2018-2019,2019,2018,   ADHD,Total,Agegroup:18–24years–Rate,9.0,,
ED visit,2019-2020,2020,2019,Neurocognitive disorders,Female,Agegroup:18–24years–Rate,29.0,,
ED visit,2019-2020,2020,2019,Neurocognitive disorders,Male,Agegroup:18–24years–Rate,20.0,,
ED visit,2019-2020,2020,2019,Neurocognitive disorders,Total,Agegroup:18–24years–Rate,24.0,,
ED visit,2019-2020,2020,2019,Substance-related disorders,Female,Agegroup:18–24years–Rate,699.0,,
ED visit,2019-2020,2020,2019,Substance-related disorders,Male,Agegroup:18–24years–Rate,810.0,,
ED visit,2019-2020,2020,2019,Substance-related disorders,Total,Agegroup:18–24years–Rate,757.0,,
ED visit,2019-2020,2020,2019,Schizophrenic and psychotic disorders,Female,Agegroup:18–24years–Rate,114.0,,
ED visit,2019-2020,2020,2019,Schizophrenic and psychotic disorders,Male,Agegroup:18–24years–Rate,272.0,,
ED visit,2019-2020,2020,2019,Schizophrenic and psychotic disorders,Total,Agegroup:18–24years–Rate,197.0,,
ED visit,2019-2020,2020,2019,Mood disorders,Female,Agegroup:18–24years–Rate,702.0,,
ED visit,2019-2020,2020,2019,Mood disorders,Male,Agegroup:18–24years–Rate,444.0,,
ED visit,2019-2020,2020,2019,Mood disorders,Total,Agegroup:18–24years–Rate,567.0,,
ED visit,2019-2020,2020,2019,Anxiety disorders,Female,Agegroup:18–24years–Rate,749.0,,
ED visit,2019-2020,2020,2019,Anxiety disorders,Male,Agegroup:18–24years–Rate,506.0,,
ED visit,2019-2020,2020,2019,Anxiety disorders,Total,Agegroup:18–24years–Rate,622.0,,
ED visit,2019-2020,2020,2019,Personality disorders,Female,Agegroup:18–24years–Rate,165.0,,
ED visit,2019-2020,2020,2019,Personality disorders,Male,Agegroup:18–24years–Rate,45.0,,
ED visit,2019-2020,2020,2019,Personality disorders,Total,Agegroup:18–24years–Rate,102.0,,
ED visit,2019-2020,2020,2019,Other disorders,Female,Agegroup:18–24years–Rate,686.0,,
ED visit,2019-2020,2020,2019,Other disorders,Male,Agegroup:18–24years–Rate,468.0,,
ED visit,2019-2020,2020,2019,Other disorders,Total,Agegroup:18–24years–Rate,572.0,,
ED visit,2019-2020,2020,2019,   Trauma- and stressor-related disorders,Female,Agegroup:18–24years–Rate,591.0,,
ED visit,2019-2020,2020,2019,   Trauma- and stressor-related disorders,Male,Agegroup:18–24years–Rate,395.0,,
ED visit,2019-2020,2020,2019,   Trauma- and stressor-related disorders,Total,Agegroup:18–24years–Rate,489.0,,
ED visit,2019-2020,2020,2019,"   Disruptive, impulse control and conduct disorders",Female,Agegroup:18–24years–Rate,8.0,,
ED visit,2019-2020,2020,2019,"   Disruptive, impulse control and conduct disorders",Male,Agegroup:18–24years–Rate,15.0,,
ED visit,2019-2020,2020,2019,"   Disruptive, impulse control and conduct disorders",Total,Agegroup:18–24years–Rate,11.0,,
ED visit,2019-2020,2020,2019,   Eating and feeding disorders,Female,Agegroup:18–24years–Rate,18.0,,
ED visit,2019-2020,2020,2019,   Eating and feeding disorders,Male,Agegroup:18–24years–Rate,2.0,,
ED visit,2019-2020,2020,2019,   Eating and feeding disorders,Total,Agegroup:18–24years–Rate,9.0,,
ED visit,2019-2020,2020,2019,   Tic disorders,Female,Agegroup:18–24years–Rate,1.0,,
ED visit,2019-2020,2020,2019,   Tic disorders,Male,Agegroup:18–24years–Rate,1.0,,
ED visit,2019-2020,2020,2019,   Tic disorders,Total,Agegroup:18–24years–Rate,1.0,,
ED visit,2019-2020,2020,2019,   ADHD,Female,Agegroup:18–24years–Rate,6.0,,
ED visit,2019-2020,2020,2019,   ADHD,Male,Agegroup:18–24years–Rate,11.0,,
ED visit,2019-2020,2020,2019,   ADHD,Total,Agegroup:18–24years–Rate,9.0,,
ED visit,2020-2021,2021,2020,Neurocognitive disorders,Female,Agegroup:18–24years–Rate,21.0,,
ED visit,2020-2021,2021,2020,Neurocognitive disorders,Male,Agegroup:18–24years–Rate,15.0,,
ED visit,2020-2021,2021,2020,Neurocognitive disorders,Total,Agegroup:18–24years–Rate,18.0,,
ED visit,2020-2021,2021,2020,Substance-related disorders,Female,Agegroup:18–24years–Rate,502.0,,
ED visit,2020-2021,2021,2020,Substance-related disorders,Male,Agegroup:18–24years–Rate,639.0,,
ED visit,2020-2021,2021,2020,Substance-related disorders,Total,Agegroup:18–24years–Rate,573.0,,
ED visit,2020-2021,2021,2020,Schizophrenic and psychotic disorders,Female,Agegroup:18–24years–Rate,133.0,,
ED visit,2020-2021,2021,2020,Schizophrenic and psychotic disorders,Male,Agegroup:18–24years–Rate,273.0,,
ED visit,2020-2021,2021,2020,Schizophrenic and psychotic disorders,Total,Agegroup:18–24years–Rate,206.0,,
ED visit,2020-2021,2021,2020,Mood disorders,Female,Agegroup:18–24years–Rate,546.0,,
ED visit,2020-2021,2021,2020,Mood disorders,Male,Agegroup:18–24years–Rate,340.0,,
ED visit,2020-2021,2021,2020,Mood disorders,Total,Agegroup:18–24years–Rate,439.0,,
ED visit,2020-2021,2021,2020,Anxiety disorders,Female,Agegroup:18–24years–Rate,656.0,,
ED visit,2020-2021,2021,2020,Anxiety disorders,Male,Agegroup:18–24years–Rate,442.0,,
ED visit,2020-2021,2021,2020,Anxiety disorders,Total,Agegroup:18–24years–Rate,544.0,,
ED visit,2020-2021,2021,2020,Personality disorders,Female,Agegroup:18–24years–Rate,143.0,,
ED visit,2020-2021,2021,2020,Personality disorders,Male,Agegroup:18–24years–Rate,40.0,,
ED visit,2020-2021,2021,2020,Personality disorders,Total,Agegroup:18–24years–Rate,90.0,,
ED visit,2020-2021,2021,2020,Other disorders,Female,Agegroup:18–24years–Rate,583.0,,
ED visit,2020-2021,2021,2020,Other disorders,Male,Agegroup:18–24years–Rate,405.0,,
ED visit,2020-2021,2021,2020,Other disorders,Total,Agegroup:18–24years–Rate,490.0,,
ED visit,2020-2021,2021,2020,   Trauma- and stressor-related disorders,Female,Agegroup:18–24years–Rate,497.0,,
ED visit,2020-2021,2021,2020,   Trauma- and stressor-related disorders,Male,Agegroup:18–24years–Rate,337.0,,
ED visit,2020-2021,2021,2020,   Trauma- and stressor-related disorders,Total,Agegroup:18–24years–Rate,414.0,,
ED visit,2020-2021,2021,2020,"   Disruptive, impulse control and conduct disorders",Female,Agegroup:18–24years–Rate,8.0,,
ED visit,2020-2021,2021,2020,"   Disruptive, impulse control and conduct disorders",Male,Agegroup:18–24years–Rate,13.0,,
ED visit,2020-2021,2021,2020,"   Disruptive, impulse control and conduct disorders",Total,Agegroup:18–24years–Rate,10.0,,
ED visit,2020-2021,2021,2020,   Eating and feeding disorders,Female,Agegroup:18–24years–Rate,21.0,,
ED visit,2020-2021,2021,2020,   Eating and feeding disorders,Male,Agegroup:18–24years–Rate,1.0,,
ED visit,2020-2021,2021,2020,   Eating and feeding disorders,Total,Agegroup:18–24years–Rate,11.0,,
ED visit,2020-2021,2021,2020,   Tic disorders,Female,Agegroup:18–24years–Rate,3.0,,
ED visit,2020-2021,2021,2020,   Tic disorders,Male,Agegroup:18–24years–Rate,1.0,,
ED visit,2020-2021,2021,2020,   Tic disorders,Total,Agegroup:18–24years–Rate,2.0,,
ED visit,2020-2021,2021,2020,   ADHD,Female,Agegroup:18–24years–Rate,5.0,,
ED visit,2020-2021,2021,2020,   ADHD,Male,Agegroup:18–24years–Rate,10.0,,
ED visit,2020-2021,2021,2020,   ADHD,Total,Agegroup:18–24years–Rate,8.0,,
ED visit,2021-2022,2022,2021,Neurocognitive disorders,Female,Agegroup:18–24years–Rate,25.0,,
ED visit,2021-2022,2022,2021,Neurocognitive disorders,Male,Agegroup:18–24years–Rate,16.0,,
ED visit,2021-2022,2022,2021,Neurocognitive disorders,Total,Agegroup:18–24years–Rate,20.0,,
ED visit,2021-2022,2022,2021,Substance-related disorders,Female,Agegroup:18–24years–Rate,622.0,,
ED visit,2021-2022,2022,2021,Substance-related disorders,Male,Agegroup:18–24years–Rate,655.0,,
ED visit,2021-2022,2022,2021,Substance-related disorders,Total,Agegroup:18–24years–Rate,639.0,,
ED visit,2021-2022,2022,2021,Schizophrenic and psychotic disorders,Female,Agegroup:18–24years–Rate,134.0,,
ED visit,2021-2022,2022,2021,Schizophrenic and psychotic disorders,Male,Agegroup:18–24years–Rate,265.0,,
ED visit,2021-2022,2022,2021,Schizophrenic and psychotic disorders,Total,Agegroup:18–24years–Rate,202.0,,
ED visit,2021-2022,2022,2021,Mood disorders,Female,Agegroup:18–24years–Rate,672.0,,
ED visit,2021-2022,2022,2021,Mood disorders,Male,Agegroup:18–24years–Rate,383.0,,
ED visit,2021-2022,2022,2021,Mood disorders,Total,Agegroup:18–24years–Rate,522.0,,
ED visit,2021-2022,2022,2021,Anxiety disorders,Female,Agegroup:18–24years–Rate,755.0,,
ED visit,2021-2022,2022,2021,Anxiety disorders,Male,Agegroup:18–24years–Rate,437.0,,
ED visit,2021-2022,2022,2021,Anxiety disorders,Total,Agegroup:18–24years–Rate,590.0,,
ED visit,2021-2022,2022,2021,Personality disorders,Female,Agegroup:18–24years–Rate,173.0,,
ED visit,2021-2022,2022,2021,Personality disorders,Male,Agegroup:18–24years–Rate,43.0,,
ED visit,2021-2022,2022,2021,Personality disorders,Total,Agegroup:18–24years–Rate,105.0,,
ED visit,2021-2022,2022,2021,Other disorders,Female,Agegroup:18–24years–Rate,671.0,,
ED visit,2021-2022,2022,2021,Other disorders,Male,Agegroup:18–24years–Rate,422.0,,
ED visit,2021-2022,2022,2021,Other disorders,Total,Agegroup:18–24years–Rate,542.0,,
ED visit,2021-2022,2022,2021,   Trauma- and stressor-related disorders,Female,Agegroup:18–24years–Rate,569.0,,
ED visit,2021-2022,2022,2021,   Trauma- and stressor-related disorders,Male,Agegroup:18–24years–Rate,340.0,,
ED visit,2021-2022,2022,2021,   Trauma- and stressor-related disorders,Total,Agegroup:18–24years–Rate,450.0,,
ED visit,2021-2022,2022,2021,"   Disruptive, impulse control and conduct disorders",Female,Agegroup:18–24years–Rate,8.0,,
ED visit,2021-2022,2022,2021,"   Disruptive, impulse control and conduct disorders",Male,Agegroup:18–24years–Rate,11.0,,
ED visit,2021-2022,2022,2021,"   Disruptive, impulse control and conduct disorders",Total,Agegroup:18–24years–Rate,10.0,,
ED visit,2021-2022,2022,2021,   Eating and feeding disorders,Female,Agegroup:18–24years–Rate,25.0,,
ED visit,2021-2022,2022,2021,   Eating and feeding disorders,Male,Agegroup:18–24years–Rate,2.0,,
ED visit,2021-2022,2022,2021,   Eating and feeding disorders,Total,Agegroup:18–24years–Rate,13.0,,
ED visit,2021-2022,2022,2021,   Tic disorders,Female,Agegroup:18–24years–Rate,2.0,,
ED visit,2021-2022,2022,2021,   Tic disorders,Male,Agegroup:18–24years–Rate,1.0,,
ED visit,2021-2022,2022,2021,   Tic disorders,Total,Agegroup:18–24years–Rate,1.0,,
ED visit,2021-2022,2022,2021,   ADHD,Female,Agegroup:18–24years–Rate,9.0,,
ED visit,2021-2022,2022,2021,   ADHD,Male,Agegroup:18–24years–Rate,11.0,,
ED visit,2021-2022,2022,2021,   ADHD,Total,Agegroup:18–24years–Rate,10.0,,
ED visit,2022-2023,2023,2022,Neurocognitive disorders,Female,Agegroup:18–24years–Rate,17.0,,
ED visit,2022-2023,2023,2022,Neurocognitive disorders,Male,Agegroup:18–24years–Rate,13.0,,
ED visit,2022-2023,2023,2022,Neurocognitive disorders,Total,Agegroup:18–24years–Rate,15.0,,
ED visit,2022-2023,2023,2022,Substance-related disorders,Female,Agegroup:18–24years–Rate,552.0,,
ED visit,2022-2023,2023,2022,Substance-related disorders,Male,Agegroup:18–24years–Rate,591.0,,
ED visit,2022-2023,2023,2022,Substance-related disorders,Total,Agegroup:18–24years–Rate,573.0,,
ED visit,2022-2023,2023,2022,Schizophrenic and psychotic disorders,Female,Agegroup:18–24years–Rate,124.0,,
ED visit,2022-2023,2023,2022,Schizophrenic and psychotic disorders,Male,Agegroup:18–24years–Rate,232.0,,
ED visit,2022-2023,2023,2022,Schizophrenic and psychotic disorders,Total,Agegroup:18–24years–Rate,180.0,,
ED visit,2022-2023,2023,2022,Mood disorders,Female,Agegroup:18–24years–Rate,562.0,,
ED visit,2022-2023,2023,2022,Mood disorders,Male,Agegroup:18–24years–Rate,346.0,,
ED visit,2022-2023,2023,2022,Mood disorders,Total,Agegroup:18–24years–Rate,449.0,,
ED visit,2022-2023,2023,2022,Anxiety disorders,Female,Agegroup:18–24years–Rate,620.0,,
ED visit,2022-2023,2023,2022,Anxiety disorders,Male,Agegroup:18–24years–Rate,368.0,,
ED visit,2022-2023,2023,2022,Anxiety disorders,Total,Agegroup:18–24years–Rate,489.0,,
ED visit,2022-2023,2023,2022,Personality disorders,Female,Agegroup:18–24years–Rate,150.0,,
ED visit,2022-2023,2023,2022,Personality disorders,Male,Agegroup:18–24years–Rate,39.0,,
ED visit,2022-2023,2023,2022,Personality disorders,Total,Agegroup:18–24years–Rate,92.0,,
ED visit,2022-2023,2023,2022,Other disorders,Female,Agegroup:18–24years–Rate,573.0,,
ED visit,2022-2023,2023,2022,Other disorders,Male,Agegroup:18–24years–Rate,358.0,,
ED visit,2022-2023,2023,2022,Other disorders,Total,Agegroup:18–24years–Rate,461.0,,
ED visit,2022-2023,2023,2022,   Trauma- and stressor-related disorders,Female,Agegroup:18–24years–Rate,480.0,,
ED visit,2022-2023,2023,2022,   Trauma- and stressor-related disorders,Male,Agegroup:18–24years–Rate,286.0,,
ED visit,2022-2023,2023,2022,   Trauma- and stressor-related disorders,Total,Agegroup:18–24years–Rate,379.0,,
ED visit,2022-2023,2023,2022,"   Disruptive, impulse control and conduct disorders",Female,Agegroup:18–24years–Rate,7.0,,
ED visit,2022-2023,2023,2022,"   Disruptive, impulse control and conduct disorders",Male,Agegroup:18–24years–Rate,10.0,,
ED visit,2022-2023,2023,2022,"   Disruptive, impulse control and conduct disorders",Total,Agegroup:18–24years–Rate,9.0,,
ED visit,2022-2023,2023,2022,   Eating and feeding disorders,Female,Agegroup:18–24years–Rate,19.0,,
ED visit,2022-2023,2023,2022,   Eating and feeding disorders,Male,Agegroup:18–24years–Rate,2.0,,
ED visit,2022-2023,2023,2022,   Eating and feeding disorders,Total,Agegroup:18–24years–Rate,10.0,,
ED visit,2022-2023,2023,2022,   Tic disorders,Female,Agegroup:18–24years–Rate,2.0,,
ED visit,2022-2023,2023,2022,   Tic disorders,Male,Agegroup:18–24years–Rate,1.0,,
ED visit,2022-2023,2023,2022,   Tic disorders,Total,Agegroup:18–24years–Rate,1.0,,
ED visit,2022-2023,2023,2022,   ADHD,Female,Agegroup:18–24years–Rate,8.0,,
ED visit,2022-2023,2023,2022,   ADHD,Male,Agegroup:18–24years–Rate,12.0,,
ED visit,2022-2023,2023,2022,   ADHD,Total,Agegroup:18–24years–Rate,10.0,,
ED visit,2023-2024,2024,2023,Neurocognitive disorders,Female,Agegroup:18–24years–Rate,16.0,,
ED visit,2023-2024,2024,2023,Neurocognitive disorders,Male,Agegroup:18–24years–Rate,11.0,,
ED visit,2023-2024,2024,2023,Neurocognitive disorders,Total,Agegroup:18–24years–Rate,13.0,,
ED visit,2023-2024,2024,2023,Substance-related disorders,Female,Agegroup:18–24years–Rate,520.0,,
ED visit,2023-2024,2024,2023,Substance-related disorders,Male,Agegroup:18–24years–Rate,522.0,,
ED visit,2023-2024,2024,2023,Substance-related disorders,Total,Agegroup:18–24years–Rate,521.0,,
ED visit,2023-2024,2024,2023,Schizophrenic and psychotic disorders,Female,Agegroup:18–24years–Rate,115.0,,
ED visit,2023-2024,2024,2023,Schizophrenic and psychotic disorders,Male,Agegroup:18–24years–Rate,203.0,,
ED visit,2023-2024,2024,2023,Schizophrenic and psychotic disorders,Total,Agegroup:18–24years–Rate,161.0,,
ED visit,2023-2024,2024,2023,Mood disorders,Female,Agegroup:18–24years–Rate,461.0,,
ED visit,2023-2024,2024,2023,Mood disorders,Male,Agegroup:18–24years–Rate,285.0,,
ED visit,2023-2024,2024,2023,Mood disorders,Total,Agegroup:18–24years–Rate,369.0,,
ED visit,2023-2024,2024,2023,Anxiety disorders,Female,Agegroup:18–24years–Rate,523.0,,
ED visit,2023-2024,2024,2023,Anxiety disorders,Male,Agegroup:18–24years–Rate,315.0,,
ED visit,2023-2024,2024,2023,Anxiety disorders,Total,Agegroup:18–24years–Rate,414.0,,
ED visit,2023-2024,2024,2023,Personality disorders,Female,Agegroup:18–24years–Rate,133.0,,
ED visit,2023-2024,2024,2023,Personality disorders,Male,Agegroup:18–24years–Rate,36.0,,
ED visit,2023-2024,2024,2023,Personality disorders,Total,Agegroup:18–24years–Rate,82.0,,
ED visit,2023-2024,2024,2023,Other disorders,Female,Agegroup:18–24years–Rate,490.0,,
ED visit,2023-2024,2024,2023,Other disorders,Male,Agegroup:18–24years–Rate,310.0,,
ED visit,2023-2024,2024,2023,Other disorders,Total,Agegroup:18–24years–Rate,396.0,,
ED visit,2023-2024,2024,2023,   Trauma- and stressor-related disorders,Female,Agegroup:18–24years–Rate,402.0,,
ED visit,2023-2024,2024,2023,   Trauma- and stressor-related disorders,Male,Agegroup:18–24years–Rate,242.0,,
ED visit,2023-2024,2024,2023,   Trauma- and stressor-related disorders,Total,Agegroup:18–24years–Rate,318.0,,
ED visit,2023-2024,2024,2023,"   Disruptive, impulse control and conduct disorders",Female,Agegroup:18–24years–Rate,4.0,,
ED visit,2023-2024,2024,2023,"   Disruptive, impulse control and conduct disorders",Male,Agegroup:18–24years–Rate,8.0,,
ED visit,2023-2024,2024,2023,"   Disruptive, impulse control and conduct disorders",Total,Agegroup:18–24years–Rate,6.0,,
ED visit,2023-2024,2024,2023,   Eating and feeding disorders,Female,Agegroup:18–24years–Rate,18.0,,
ED visit,2023-2024,2024,2023,   Eating and feeding disorders,Male,Agegroup:18–24years–Rate,2.0,,
ED visit,2023-2024,2024,2023,   Eating and feeding disorders,Total,Agegroup:18–24years–Rate,10.0,,
ED visit,2023-2024,2024,2023,   Tic disorders,Female,Agegroup:18–24years–Rate,3.0,,
ED visit,2023-2024,2024,2023,   Tic disorders,Male,Agegroup:18–24years–Rate,1.0,,
ED visit,2023-2024,2024,2023,   Tic disorders,Total,Agegroup:18–24years–Rate,2.0,,
ED visit,2023-2024,2024,2023,   ADHD,Female,Agegroup:18–24years–Rate,7.0,,
ED visit,2023-2024,2024,2023,   ADHD,Male,Agegroup:18–24years–Rate,10.0,,
ED visit,2023-2024,2024,2023,   ADHD,Total,Agegroup:18–24years–Rate,9.0,,
ED visit,2018-2019,2019,2018,Neurocognitive disorders,Female,Agegroup:18–24years–95%CI,31.0,31.0,39.0
ED visit,2018-2019,2019,2018,Neurocognitive disorders,Male,Agegroup:18–24years–95%CI,20.0,20.0,27.0
ED visit,2018-2019,2019,2018,Neurocognitive disorders,Total,Agegroup:18–24years–95%CI,26.0,26.0,31.0
ED visit,2018-2019,2019,2018,Substance-related disorders,Female,Agegroup:18–24years–95%CI,720.0,720.0,756.0
ED visit,2018-2019,2019,2018,Substance-related disorders,Male,Agegroup:18–24years–95%CI,873.0,873.0,911.0
ED visit,2018-2019,2019,2018,Substance-related disorders,Total,Agegroup:18–24years–95%CI,805.0,805.0,832.0
ED visit,2018-2019,2019,2018,Schizophrenic and psychotic disorders,Female,Agegroup:18–24years–95%CI,110.0,110.0,125.0
ED visit,2018-2019,2019,2018,Schizophrenic and psychotic disorders,Male,Agegroup:18–24years–95%CI,278.0,278.0,300.0
ED visit,2018-2019,2019,2018,Schizophrenic and psychotic disorders,Total,Agegroup:18–24years–95%CI,200.0,200.0,214.0
ED visit,2018-2019,2019,2018,Mood disorders,Female,Agegroup:18–24years–95%CI,745.0,745.0,783.0
ED visit,2018-2019,2019,2018,Mood disorders,Male,Agegroup:18–24years–95%CI,489.0,489.0,518.0
ED visit,2018-2019,2019,2018,Mood disorders,Total,Agegroup:18–24years–95%CI,616.0,616.0,640.0
ED visit,2018-2019,2019,2018,Anxiety disorders,Female,Agegroup:18–24years–95%CI,788.0,788.0,826.0
ED visit,2018-2019,2019,2018,Anxiety disorders,Male,Agegroup:18–24years–95%CI,513.0,513.0,543.0
ED visit,2018-2019,2019,2018,Anxiety disorders,Total,Agegroup:18–24years–95%CI,650.0,650.0,674.0
ED visit,2018-2019,2019,2018,Personality disorders,Female,Agegroup:18–24years–95%CI,153.0,153.0,170.0
ED visit,2018-2019,2019,2018,Personality disorders,Male,Agegroup:18–24years–95%CI,44.0,44.0,53.0
ED visit,2018-2019,2019,2018,Personality disorders,Total,Agegroup:18–24years–95%CI,98.0,98.0,107.0
ED visit,2018-2019,2019,2018,Other disorders,Female,Agegroup:18–24years–95%CI,684.0,684.0,720.0
ED visit,2018-2019,2019,2018,Other disorders,Male,Agegroup:18–24years–95%CI,474.0,474.0,503.0
ED visit,2018-2019,2019,2018,Other disorders,Total,Agegroup:18–24years–95%CI,579.0,579.0,602.0
ED visit,2018-2019,2019,2018,   Trauma- and stressor-related disorders,Female,Agegroup:18–24years–95%CI,591.0,591.0,624.0
ED visit,2018-2019,2019,2018,   Trauma- and stressor-related disorders,Male,Agegroup:18–24years–95%CI,396.0,396.0,422.0
ED visit,2018-2019,2019,2018,   Trauma- and stressor-related disorders,Total,Agegroup:18–24years–95%CI,494.0,494.0,515.0
ED visit,2018-2019,2019,2018,"   Disruptive, impulse control and conduct disorders",Female,Agegroup:18–24years–95%CI,9.0,9.0,13.0
ED visit,2018-2019,2019,2018,"   Disruptive, impulse control and conduct disorders",Male,Agegroup:18–24years–95%CI,12.0,12.0,16.0
ED visit,2018-2019,2019,2018,"   Disruptive, impulse control and conduct disorders",Total,Agegroup:18–24years–95%CI,11.0,11.0,14.0
ED visit,2018-2019,2019,2018,   Eating and feeding disorders,Female,Agegroup:18–24years–95%CI,16.0,16.0,22.0
ED visit,2018-2019,2019,2018,   Eating and feeding disorders,Male,Agegroup:18–24years–95%CI,1.0,1.0,3.0
ED visit,2018-2019,2019,2018,   Eating and feeding disorders,Total,Agegroup:18–24years–95%CI,9.0,9.0,12.0
ED visit,2018-2019,2019,2018,   Tic disorders,Female,Agegroup:18–24years–95%CI,0.0,0.0,1.0
ED visit,2018-2019,2019,2018,   Tic disorders,Male,Agegroup:18–24years–95%CI,1.0,1.0,2.0
ED visit,2018-2019,2019,2018,   Tic disorders,Total,Agegroup:18–24years–95%CI,1.0,1.0,1.0
ED visit,2018-2019,2019,2018,   ADHD,Female,Agegroup:18–24years–95%CI,4.0,4.0,7.0
ED visit,2018-2019,2019,2018,   ADHD,Male,Agegroup:18–24years–95%CI,9.0,9.0,14.0
ED visit,2018-2019,2019,2018,   ADHD,Total,Agegroup:18–24years–95%CI,7.0,7.0,10.0
ED visit,2019-2020,2020,2019,Neurocognitive disorders,Female,Agegroup:18–24years–95%CI,26.0,26.0,33.0
ED visit,2019-2020,2020,2019,Neurocognitive disorders,Male,Agegroup:18–24years–95%CI,17.0,17.0,22.0
ED visit,2019-2020,2020,2019,Neurocognitive disorders,Total,Agegroup:18–24years–95%CI,22.0,22.0,26.0
ED visit,2019-2020,2020,2019,Substance-related disorders,Female,Agegroup:18–24years–95%CI,681.0,681.0,717.0
ED visit,2019-2020,2020,2019,Substance-related disorders,Male,Agegroup:18–24years–95%CI,791.0,791.0,828.0
ED visit,2019-2020,2020,2019,Substance-related disorders,Total,Agegroup:18–24years–95%CI,744.0,744.0,770.0
ED visit,2019-2020,2020,2019,Schizophrenic and psychotic disorders,Female,Agegroup:18–24years–95%CI,107.0,107.0,121.0
ED visit,2019-2020,2020,2019,Schizophrenic and psychotic disorders,Male,Agegroup:18–24years–95%CI,262.0,262.0,283.0
ED visit,2019-2020,2020,2019,Schizophrenic and psychotic disorders,Total,Agegroup:18–24years–95%CI,190.0,190.0,203.0
ED visit,2019-2020,2020,2019,Mood disorders,Female,Agegroup:18–24years–95%CI,684.0,684.0,720.0
ED visit,2019-2020,2020,2019,Mood disorders,Male,Agegroup:18–24years–95%CI,430.0,430.0,457.0
ED visit,2019-2020,2020,2019,Mood disorders,Total,Agegroup:18–24years–95%CI,556.0,556.0,578.0
ED visit,2019-2020,2020,2019,Anxiety disorders,Female,Agegroup:18–24years–95%CI,731.0,731.0,768.0
ED visit,2019-2020,2020,2019,Anxiety disorders,Male,Agegroup:18–24years–95%CI,491.0,491.0,520.0
ED visit,2019-2020,2020,2019,Anxiety disorders,Total,Agegroup:18–24years–95%CI,611.0,611.0,634.0
ED visit,2019-2020,2020,2019,Personality disorders,Female,Agegroup:18–24years–95%CI,157.0,157.0,174.0
ED visit,2019-2020,2020,2019,Personality disorders,Male,Agegroup:18–24years–95%CI,40.0,40.0,49.0
ED visit,2019-2020,2020,2019,Personality disorders,Total,Agegroup:18–24years–95%CI,98.0,98.0,107.0
ED visit,2019-2020,2020,2019,Other disorders,Female,Agegroup:18–24years–95%CI,669.0,669.0,704.0
ED visit,2019-2020,2020,2019,Other disorders,Male,Agegroup:18–24years–95%CI,454.0,454.0,481.0
ED visit,2019-2020,2020,2019,Other disorders,Total,Agegroup:18–24years–95%CI,561.0,561.0,583.0
ED visit,2019-2020,2020,2019,   Trauma- and stressor-related disorders,Female,Agegroup:18–24years–95%CI,575.0,575.0,608.0
ED visit,2019-2020,2020,2019,   Trauma- and stressor-related disorders,Male,Agegroup:18–24years–95%CI,382.0,382.0,407.0
ED visit,2019-2020,2020,2019,   Trauma- and stressor-related disorders,Total,Agegroup:18–24years–95%CI,478.0,478.0,499.0
ED visit,2019-2020,2020,2019,"   Disruptive, impulse control and conduct disorders",Female,Agegroup:18–24years–95%CI,6.0,6.0,10.0
ED visit,2019-2020,2020,2019,"   Disruptive, impulse control and conduct disorders",Male,Agegroup:18–24years–95%CI,12.0,12.0,17.0
ED visit,2019-2020,2020,2019,"   Disruptive, impulse control and conduct disorders",Total,Agegroup:18–24years–95%CI,10.0,10.0,13.0
ED visit,2019-2020,2020,2019,   Eating and feeding disorders,Female,Agegroup:18–24years–95%CI,15.0,15.0,20.0
ED visit,2019-2020,2020,2019,   Eating and feeding disorders,Male,Agegroup:18–24years–95%CI,1.0,1.0,2.0
ED visit,2019-2020,2020,2019,   Eating and feeding disorders,Total,Agegroup:18–24years–95%CI,8.0,8.0,11.0
ED visit,2019-2020,2020,2019,   Tic disorders,Female,Agegroup:18–24years–95%CI,0.0,0.0,2.0
ED visit,2019-2020,2020,2019,   Tic disorders,Male,Agegroup:18–24years–95%CI,1.0,1.0,2.0
ED visit,2019-2020,2020,2019,   Tic disorders,Total,Agegroup:18–24years–95%CI,1.0,1.0,2.0
ED visit,2019-2020,2020,2019,   ADHD,Female,Agegroup:18–24years–95%CI,5.0,5.0,8.0
ED visit,2019-2020,2020,2019,   ADHD,Male,Agegroup:18–24years–95%CI,9.0,9.0,13.0
ED visit,2019-2020,2020,2019,   ADHD,Total,Agegroup:18–24years–95%CI,7.0,7.0,10.0
ED visit,2020-2021,2021,2020,Neurocognitive disorders,Female,Agegroup:18–24years–95%CI,18.0,18.0,25.0
ED visit,2020-2021,2021,2020,Neurocognitive disorders,Male,Agegroup:18–24years–95%CI,12.0,12.0,17.0
ED visit,2020-2021,2021,2020,Neurocognitive disorders,Total,Agegroup:18–24years–95%CI,16.0,16.0,20.0
ED visit,2020-2021,2021,2020,Substance-related disorders,Female,Agegroup:18–24years–95%CI,487.0,487.0,517.0
ED visit,2020-2021,2021,2020,Substance-related disorders,Male,Agegroup:18–24years–95%CI,623.0,623.0,656.0
ED visit,2020-2021,2021,2020,Substance-related disorders,Total,Agegroup:18–24years–95%CI,562.0,562.0,585.0
ED visit,2020-2021,2021,2020,Schizophrenic and psychotic disorders,Female,Agegroup:18–24years–95%CI,125.0,125.0,141.0
ED visit,2020-2021,2021,2020,Schizophrenic and psychotic disorders,Male,Agegroup:18–24years–95%CI,263.0,263.0,284.0
ED visit,2020-2021,2021,2020,Schizophrenic and psychotic disorders,Total,Agegroup:18–24years–95%CI,199.0,199.0,213.0
ED visit,2020-2021,2021,2020,Mood disorders,Female,Agegroup:18–24years–95%CI,530.0,530.0,562.0
ED visit,2020-2021,2021,2020,Mood disorders,Male,Agegroup:18–24years–95%CI,328.0,328.0,352.0
ED visit,2020-2021,2021,2020,Mood disorders,Total,Agegroup:18–24years–95%CI,429.0,429.0,449.0
ED visit,2020-2021,2021,2020,Anxiety disorders,Female,Agegroup:18–24years–95%CI,638.0,638.0,673.0
ED visit,2020-2021,2021,2020,Anxiety disorders,Male,Agegroup:18–24years–95%CI,428.0,428.0,455.0
ED visit,2020-2021,2021,2020,Anxiety disorders,Total,Agegroup:18–24years–95%CI,533.0,533.0,555.0
ED visit,2020-2021,2021,2020,Personality disorders,Female,Agegroup:18–24years–95%CI,135.0,135.0,152.0
ED visit,2020-2021,2021,2020,Personality disorders,Male,Agegroup:18–24years–95%CI,36.0,36.0,44.0
ED visit,2020-2021,2021,2020,Personality disorders,Total,Agegroup:18–24years–95%CI,85.0,85.0,94.0
ED visit,2020-2021,2021,2020,Other disorders,Female,Agegroup:18–24years–95%CI,567.0,567.0,600.0
ED visit,2020-2021,2021,2020,Other disorders,Male,Agegroup:18–24years–95%CI,392.0,392.0,418.0
ED visit,2020-2021,2021,2020,Other disorders,Total,Agegroup:18–24years–95%CI,480.0,480.0,501.0
ED visit,2020-2021,2021,2020,   Trauma- and stressor-related disorders,Female,Agegroup:18–24years–95%CI,482.0,482.0,512.0
ED visit,2020-2021,2021,2020,   Trauma- and stressor-related disorders,Male,Agegroup:18–24years–95%CI,325.0,325.0,349.0
ED visit,2020-2021,2021,2020,   Trauma- and stressor-related disorders,Total,Agegroup:18–24years–95%CI,404.0,404.0,423.0
ED visit,2020-2021,2021,2020,"   Disruptive, impulse control and conduct disorders",Female,Agegroup:18–24years–95%CI,6.0,6.0,10.0
ED visit,2020-2021,2021,2020,"   Disruptive, impulse control and conduct disorders",Male,Agegroup:18–24years–95%CI,11.0,11.0,15.0
ED visit,2020-2021,2021,2020,"   Disruptive, impulse control and conduct disorders",Total,Agegroup:18–24years–95%CI,9.0,9.0,12.0
ED visit,2020-2021,2021,2020,   Eating and feeding disorders,Female,Agegroup:18–24years–95%CI,18.0,18.0,24.0
ED visit,2020-2021,2021,2020,   Eating and feeding disorders,Male,Agegroup:18–24years–95%CI,0.0,0.0,1.0
ED visit,2020-2021,2021,2020,   Eating and feeding disorders,Total,Agegroup:18–24years–95%CI,9.0,9.0,12.0
ED visit,2020-2021,2021,2020,   Tic disorders,Female,Agegroup:18–24years–95%CI,2.0,2.0,4.0
ED visit,2020-2021,2021,2020,   Tic disorders,Male,Agegroup:18–24years–95%CI,0.0,0.0,2.0
ED visit,2020-2021,2021,2020,   Tic disorders,Total,Agegroup:18–24years–95%CI,1.0,1.0,3.0
ED visit,2020-2021,2021,2020,   ADHD,Female,Agegroup:18–24years–95%CI,3.0,3.0,6.0
ED visit,2020-2021,2021,2020,   ADHD,Male,Agegroup:18–24years–95%CI,8.0,8.0,12.0
ED visit,2020-2021,2021,2020,   ADHD,Total,Agegroup:18–24years–95%CI,6.0,6.0,9.0
ED visit,2021-2022,2022,2021,Neurocognitive disorders,Female,Agegroup:18–24years–95%CI,21.0,21.0,28.0
ED visit,2021-2022,2022,2021,Neurocognitive disorders,Male,Agegroup:18–24years–95%CI,13.0,13.0,18.0
ED visit,2021-2022,2022,2021,Neurocognitive disorders,Total,Agegroup:18–24years–95%CI,18.0,18.0,22.0
ED visit,2021-2022,2022,2021,Substance-related disorders,Female,Agegroup:18–24years–95%CI,605.0,605.0,639.0
ED visit,2021-2022,2022,2021,Substance-related disorders,Male,Agegroup:18–24years–95%CI,638.0,638.0,672.0
ED visit,2021-2022,2022,2021,Substance-related disorders,Total,Agegroup:18–24years–95%CI,627.0,627.0,651.0
ED visit,2021-2022,2022,2021,Schizophrenic and psychotic disorders,Female,Agegroup:18–24years–95%CI,126.0,126.0,142.0
ED visit,2021-2022,2022,2021,Schizophrenic and psychotic disorders,Male,Agegroup:18–24years–95%CI,254.0,254.0,276.0
ED visit,2021-2022,2022,2021,Schizophrenic and psychotic disorders,Total,Agegroup:18–24years–95%CI,195.0,195.0,209.0
ED visit,2021-2022,2022,2021,Mood disorders,Female,Agegroup:18–24years–95%CI,654.0,654.0,689.0
ED visit,2021-2022,2022,2021,Mood disorders,Male,Agegroup:18–24years–95%CI,370.0,370.0,396.0
ED visit,2021-2022,2022,2021,Mood disorders,Total,Agegroup:18–24years–95%CI,511.0,511.0,532.0
ED visit,2021-2022,2022,2021,Anxiety disorders,Female,Agegroup:18–24years–95%CI,736.0,736.0,774.0
ED visit,2021-2022,2022,2021,Anxiety disorders,Male,Agegroup:18–24years–95%CI,423.0,423.0,451.0
ED visit,2021-2022,2022,2021,Anxiety disorders,Total,Agegroup:18–24years–95%CI,578.0,578.0,601.0
ED visit,2021-2022,2022,2021,Personality disorders,Female,Agegroup:18–24years–95%CI,164.0,164.0,182.0
ED visit,2021-2022,2022,2021,Personality disorders,Male,Agegroup:18–24years–95%CI,39.0,39.0,47.0
ED visit,2021-2022,2022,2021,Personality disorders,Total,Agegroup:18–24years–95%CI,100.0,100.0,110.0
ED visit,2021-2022,2022,2021,Other disorders,Female,Agegroup:18–24years–95%CI,653.0,653.0,689.0
ED visit,2021-2022,2022,2021,Other disorders,Male,Agegroup:18–24years–95%CI,408.0,408.0,435.0
ED visit,2021-2022,2022,2021,Other disorders,Total,Agegroup:18–24years–95%CI,531.0,531.0,553.0
ED visit,2021-2022,2022,2021,   Trauma- and stressor-related disorders,Female,Agegroup:18–24years–95%CI,553.0,553.0,586.0
ED visit,2021-2022,2022,2021,   Trauma- and stressor-related disorders,Male,Agegroup:18–24years–95%CI,328.0,328.0,352.0
ED visit,2021-2022,2022,2021,   Trauma- and stressor-related disorders,Total,Agegroup:18–24years–95%CI,440.0,440.0,460.0
ED visit,2021-2022,2022,2021,"   Disruptive, impulse control and conduct disorders",Female,Agegroup:18–24years–95%CI,6.0,6.0,10.0
ED visit,2021-2022,2022,2021,"   Disruptive, impulse control and conduct disorders",Male,Agegroup:18–24years–95%CI,9.0,9.0,14.0
ED visit,2021-2022,2022,2021,"   Disruptive, impulse control and conduct disorders",Total,Agegroup:18–24years–95%CI,8.0,8.0,11.0
ED visit,2021-2022,2022,2021,   Eating and feeding disorders,Female,Agegroup:18–24years–95%CI,22.0,22.0,29.0
ED visit,2021-2022,2022,2021,   Eating and feeding disorders,Male,Agegroup:18–24years–95%CI,1.0,1.0,2.0
ED visit,2021-2022,2022,2021,   Eating and feeding disorders,Total,Agegroup:18–24years–95%CI,11.0,11.0,15.0
ED visit,2021-2022,2022,2021,   Tic disorders,Female,Agegroup:18–24years–95%CI,1.0,1.0,3.0
ED visit,2021-2022,2022,2021,   Tic disorders,Male,Agegroup:18–24years–95%CI,0.0,0.0,2.0
ED visit,2021-2022,2022,2021,   Tic disorders,Total,Agegroup:18–24years–95%CI,1.0,1.0,2.0
ED visit,2021-2022,2022,2021,   ADHD,Female,Agegroup:18–24years–95%CI,7.0,7.0,12.0
ED visit,2021-2022,2022,2021,   ADHD,Male,Agegroup:18–24years–95%CI,9.0,9.0,14.0
ED visit,2021-2022,2022,2021,   ADHD,Total,Agegroup:18–24years–95%CI,9.0,9.0,12.0
ED visit,2022-2023,2023,2022,Neurocognitive disorders,Female,Agegroup:18–24years–95%CI,14.0,14.0,20.0
ED visit,2022-2023,2023,2022,Neurocognitive disorders,Male,Agegroup:18–24years–95%CI,11.0,11.0,16.0
ED visit,2022-2023,2023,2022,Neurocognitive disorders,Total,Agegroup:18–24years–95%CI,13.0,13.0,17.0
ED visit,2022-2023,2023,2022,Substance-related disorders,Female,Agegroup:18–24years–95%CI,537.0,537.0,568.0
ED visit,2022-2023,2023,2022,Substance-related disorders,Male,Agegroup:18–24years–95%CI,575.0,575.0,607.0
ED visit,2022-2023,2023,2022,Substance-related disorders,Total,Agegroup:18–24years–95%CI,561.0,561.0,584.0
ED visit,2022-2023,2023,2022,Schizophrenic and psychotic disorders,Female,Agegroup:18–24years–95%CI,116.0,116.0,131.0
ED visit,2022-2023,2023,2022,Schizophrenic and psychotic disorders,Male,Agegroup:18–24years–95%CI,222.0,222.0,241.0
ED visit,2022-2023,2023,2022,Schizophrenic and psychotic disorders,Total,Agegroup:18–24years–95%CI,174.0,174.0,186.0
ED visit,2022-2023,2023,2022,Mood disorders,Female,Agegroup:18–24years–95%CI,546.0,546.0,578.0
ED visit,2022-2023,2023,2022,Mood disorders,Male,Agegroup:18–24years–95%CI,334.0,334.0,358.0
ED visit,2022-2023,2023,2022,Mood disorders,Total,Agegroup:18–24years–95%CI,440.0,440.0,459.0
ED visit,2022-2023,2023,2022,Anxiety disorders,Female,Agegroup:18–24years–95%CI,604.0,604.0,637.0
ED visit,2022-2023,2023,2022,Anxiety disorders,Male,Agegroup:18–24years–95%CI,356.0,356.0,380.0
ED visit,2022-2023,2023,2022,Anxiety disorders,Total,Agegroup:18–24years–95%CI,479.0,479.0,499.0
ED visit,2022-2023,2023,2022,Personality disorders,Female,Agegroup:18–24years–95%CI,141.0,141.0,158.0
ED visit,2022-2023,2023,2022,Personality disorders,Male,Agegroup:18–24years–95%CI,35.0,35.0,43.0
ED visit,2022-2023,2023,2022,Personality disorders,Total,Agegroup:18–24years–95%CI,87.0,87.0,96.0
ED visit,2022-2023,2023,2022,Other disorders,Female,Agegroup:18–24years–95%CI,557.0,557.0,589.0
ED visit,2022-2023,2023,2022,Other disorders,Male,Agegroup:18–24years–95%CI,346.0,346.0,370.0
ED visit,2022-2023,2023,2022,Other disorders,Total,Agegroup:18–24years–95%CI,451.0,451.0,471.0
ED visit,2022-2023,2023,2022,   Trauma- and stressor-related disorders,Female,Agegroup:18–24years–95%CI,466.0,466.0,495.0
ED visit,2022-2023,2023,2022,   Trauma- and stressor-related disorders,Male,Agegroup:18–24years–95%CI,275.0,275.0,297.0
ED visit,2022-2023,2023,2022,   Trauma- and stressor-related disorders,Total,Agegroup:18–24years–95%CI,370.0,370.0,388.0
ED visit,2022-2023,2023,2022,"   Disruptive, impulse control and conduct disorders",Female,Agegroup:18–24years–95%CI,5.0,5.0,9.0
ED visit,2022-2023,2023,2022,"   Disruptive, impulse control and conduct disorders",Male,Agegroup:18–24years–95%CI,8.0,8.0,13.0
ED visit,2022-2023,2023,2022,"   Disruptive, impulse control and conduct disorders",Total,Agegroup:18–24years–95%CI,7.0,7.0,10.0
ED visit,2022-2023,2023,2022,   Eating and feeding disorders,Female,Agegroup:18–24years–95%CI,16.0,16.0,22.0
ED visit,2022-2023,2023,2022,   Eating and feeding disorders,Male,Agegroup:18–24years–95%CI,1.0,1.0,2.0
ED visit,2022-2023,2023,2022,   Eating and feeding disorders,Total,Agegroup:18–24years–95%CI,9.0,9.0,11.0
ED visit,2022-2023,2023,2022,   Tic disorders,Female,Agegroup:18–24years–95%CI,1.0,1.0,3.0
ED visit,2022-2023,2023,2022,   Tic disorders,Male,Agegroup:18–24years–95%CI,0.0,0.0,1.0
ED visit,2022-2023,2023,2022,   Tic disorders,Total,Agegroup:18–24years–95%CI,1.0,1.0,2.0
ED visit,2022-2023,2023,2022,   ADHD,Female,Agegroup:18–24years–95%CI,6.0,6.0,10.0
ED visit,2022-2023,2023,2022,   ADHD,Male,Agegroup:18–24years–95%CI,10.0,10.0,14.0
ED visit,2022-2023,2023,2022,   ADHD,Total,Agegroup:18–24years–95%CI,9.0,9.0,12.0
ED visit,2023-2024,2024,2023,Neurocognitive disorders,Female,Agegroup:18–24years–95%CI,13.0,13.0,18.0
ED visit,2023-2024,2024,2023,Neurocognitive disorders,Male,Agegroup:18–24years–95%CI,9.0,9.0,13.0
ED visit,2023-2024,2024,2023,Neurocognitive disorders,Total,Agegroup:18–24years–95%CI,11.0,11.0,15.0
ED visit,2023-2024,2024,2023,Substance-related disorders,Female,Agegroup:18–24years–95%CI,506.0,506.0,535.0
ED visit,2023-2024,2024,2023,Substance-related disorders,Male,Agegroup:18–24years–95%CI,508.0,508.0,537.0
ED visit,2023-2024,2024,2023,Substance-related disorders,Total,Agegroup:18–24years–95%CI,511.0,511.0,532.0
ED visit,2023-2024,2024,2023,Schizophrenic and psychotic disorders,Female,Agegroup:18–24years–95%CI,108.0,108.0,122.0
ED visit,2023-2024,2024,2023,Schizophrenic and psychotic disorders,Male,Agegroup:18–24years–95%CI,194.0,194.0,212.0
ED visit,2023-2024,2024,2023,Schizophrenic and psychotic disorders,Total,Agegroup:18–24years–95%CI,156.0,156.0,167.0
ED visit,2023-2024,2024,2023,Mood disorders,Female,Agegroup:18–24years–95%CI,447.0,447.0,475.0
ED visit,2023-2024,2024,2023,Mood disorders,Male,Agegroup:18–24years–95%CI,274.0,274.0,295.0
ED visit,2023-2024,2024,2023,Mood disorders,Total,Agegroup:18–24years–95%CI,360.0,360.0,378.0
ED visit,2023-2024,2024,2023,Anxiety disorders,Female,Agegroup:18–24years–95%CI,508.0,508.0,538.0
ED visit,2023-2024,2024,2023,Anxiety disorders,Male,Agegroup:18–24years–95%CI,304.0,304.0,326.0
ED visit,2023-2024,2024,2023,Anxiety disorders,Total,Agegroup:18–24years–95%CI,405.0,405.0,423.0
ED visit,2023-2024,2024,2023,Personality disorders,Female,Agegroup:18–24years–95%CI,125.0,125.0,141.0
ED visit,2023-2024,2024,2023,Personality disorders,Male,Agegroup:18–24years–95%CI,33.0,33.0,40.0
ED visit,2023-2024,2024,2023,Personality disorders,Total,Agegroup:18–24years–95%CI,78.0,78.0,86.0
ED visit,2023-2024,2024,2023,Other disorders,Female,Agegroup:18–24years–95%CI,475.0,475.0,504.0
ED visit,2023-2024,2024,2023,Other disorders,Male,Agegroup:18–24years–95%CI,299.0,299.0,321.0
ED visit,2023-2024,2024,2023,Other disorders,Total,Agegroup:18–24years–95%CI,387.0,387.0,405.0
ED visit,2023-2024,2024,2023,   Trauma- and stressor-related disorders,Female,Agegroup:18–24years–95%CI,389.0,389.0,415.0
ED visit,2023-2024,2024,2023,   Trauma- and stressor-related disorders,Male,Agegroup:18–24years–95%CI,232.0,232.0,251.0
ED visit,2023-2024,2024,2023,   Trauma- and stressor-related disorders,Total,Agegroup:18–24years–95%CI,310.0,310.0,326.0
ED visit,2023-2024,2024,2023,"   Disruptive, impulse control and conduct disorders",Female,Agegroup:18–24years–95%CI,3.0,3.0,6.0
ED visit,2023-2024,2024,2023,"   Disruptive, impulse control and conduct disorders",Male,Agegroup:18–24years–95%CI,6.0,6.0,10.0
ED visit,2023-2024,2024,2023,"   Disruptive, impulse control and conduct disorders",Total,Agegroup:18–24years–95%CI,5.0,5.0,7.0
ED visit,2023-2024,2024,2023,   Eating and feeding disorders,Female,Agegroup:18–24years–95%CI,15.0,15.0,20.0
ED visit,2023-2024,2024,2023,   Eating and feeding disorders,Male,Agegroup:18–24years–95%CI,1.0,1.0,3.0
ED visit,2023-2024,2024,2023,   Eating and feeding disorders,Total,Agegroup:18–24years–95%CI,8.0,8.0,11.0
ED visit,2023-2024,2024,2023,   Tic disorders,Female,Agegroup:18–24years–95%CI,2.0,2.0,4.0
ED visit,2023-2024,2024,2023,   Tic disorders,Male,Agegroup:18–24years–95%CI,1.0,1.0,2.0
ED visit,2023-2024,2024,2023,   Tic disorders,Total,Agegroup:18–24years–95%CI,1.0,1.0,3.0
ED visit,2023-2024,2024,2023,   ADHD,Female,Agegroup:18–24years–95%CI,6.0,6.0,9.0
ED visit,2023-2024,2024,2023,   ADHD,Male,Agegroup:18–24years–95%CI,8.0,8.0,12.0
ED visit,2023-2024,2024,2023,   ADHD,Total,Agegroup:18–24years–95%CI,8.0,8.0,10.0
ED visit,2018-2019,2019,2018,Neurocognitive disorders,Female,Agegroup:5–24years–Rate,27.0,,
ED visit,2018-2019,2019,2018,Neurocognitive disorders,Male,Agegroup:5–24years–Rate,20.0,,
ED visit,2018-2019,2019,2018,Neurocognitive disorders,Total,Agegroup:5–24years–Rate,23.0,,
ED visit,2018-2019,2019,2018,Substance-related disorders,Female,Agegroup:5–24years–Rate,376.0,,
ED visit,2018-2019,2019,2018,Substance-related disorders,Male,Agegroup:5–24years–Rate,445.0,,
ED visit,2018-2019,2019,2018,Substance-related disorders,Total,Agegroup:5–24years–Rate,412.0,,
ED visit,2018-2019,2019,2018,Schizophrenic and psychotic disorders,Female,Agegroup:5–24years–Rate,59.0,,
ED visit,2018-2019,2019,2018,Schizophrenic and psychotic disorders,Male,Agegroup:5–24years–Rate,131.0,,
ED visit,2018-2019,2019,2018,Schizophrenic and psychotic disorders,Total,Agegroup:5–24years–Rate,96.0,,
ED visit,2018-2019,2019,2018,Mood disorders,Female,Agegroup:5–24years–Rate,546.0,,
ED visit,2018-2019,2019,2018,Mood disorders,Male,Agegroup:5–24years–Rate,305.0,,
ED visit,2018-2019,2019,2018,Mood disorders,Total,Agegroup:5–24years–Rate,422.0,,
ED visit,2018-2019,2019,2018,Anxiety disorders,Female,Agegroup:5–24years–Rate,506.0,,
ED visit,2018-2019,2019,2018,Anxiety disorders,Male,Agegroup:5–24years–Rate,306.0,,
ED visit,2018-2019,2019,2018,Anxiety disorders,Total,Agegroup:5–24years–Rate,402.0,,
ED visit,2018-2019,2019,2018,Personality disorders,Female,Agegroup:5–24years–Rate,80.0,,
ED visit,2018-2019,2019,2018,Personality disorders,Male,Agegroup:5–24years–Rate,24.0,,
ED visit,2018-2019,2019,2018,Personality disorders,Total,Agegroup:5–24years–Rate,51.0,,
ED visit,2018-2019,2019,2018,Other disorders,Female,Agegroup:5–24years–Rate,573.0,,
ED visit,2018-2019,2019,2018,Other disorders,Male,Agegroup:5–24years–Rate,418.0,,
ED visit,2018-2019,2019,2018,Other disorders,Total,Agegroup:5–24years–Rate,493.0,,
ED visit,2018-2019,2019,2018,   Trauma- and stressor-related disorders,Female,Agegroup:5–24years–Rate,469.0,,
ED visit,2018-2019,2019,2018,   Trauma- and stressor-related disorders,Male,Agegroup:5–24years–Rate,295.0,,
ED visit,2018-2019,2019,2018,   Trauma- and stressor-related disorders,Total,Agegroup:5–24years–Rate,379.0,,
ED visit,2018-2019,2019,2018,"   Disruptive, impulse control and conduct disorders",Female,Agegroup:5–24years–Rate,28.0,,
ED visit,2018-2019,2019,2018,"   Disruptive, impulse control and conduct disorders",Male,Agegroup:5–24years–Rate,46.0,,
ED visit,2018-2019,2019,2018,"   Disruptive, impulse control and conduct disorders",Total,Agegroup:5–24years–Rate,37.0,,
ED visit,2018-2019,2019,2018,   Eating and feeding disorders,Female,Agegroup:5–24years–Rate,21.0,,
ED visit,2018-2019,2019,2018,   Eating and feeding disorders,Male,Agegroup:5–24years–Rate,3.0,,
ED visit,2018-2019,2019,2018,   Eating and feeding disorders,Total,Agegroup:5–24years–Rate,12.0,,
ED visit,2018-2019,2019,2018,   Tic disorders,Female,Agegroup:5–24years–Rate,4.0,,
ED visit,2018-2019,2019,2018,   Tic disorders,Male,Agegroup:5–24years–Rate,8.0,,
ED visit,2018-2019,2019,2018,   Tic disorders,Total,Agegroup:5–24years–Rate,6.0,,
ED visit,2018-2019,2019,2018,   ADHD,Female,Agegroup:5–24years–Rate,11.0,,
ED visit,2018-2019,2019,2018,   ADHD,Male,Agegroup:5–24years–Rate,28.0,,
ED visit,2018-2019,2019,2018,   ADHD,Total,Agegroup:5–24years–Rate,20.0,,
ED visit,2019-2020,2020,2019,Neurocognitive disorders,Female,Agegroup:5–24years–Rate,23.0,,
ED visit,2019-2020,2020,2019,Neurocognitive disorders,Male,Agegroup:5–24years–Rate,16.0,,
ED visit,2019-2020,2020,2019,Neurocognitive disorders,Total,Agegroup:5–24years–Rate,20.0,,
ED visit,2019-2020,2020,2019,Substance-related disorders,Female,Agegroup:5–24years–Rate,357.0,,
ED visit,2019-2020,2020,2019,Substance-related disorders,Male,Agegroup:5–24years–Rate,410.0,,
ED visit,2019-2020,2020,2019,Substance-related disorders,Total,Agegroup:5–24years–Rate,384.0,,
ED visit,2019-2020,2020,2019,Schizophrenic and psychotic disorders,Female,Agegroup:5–24years–Rate,55.0,,
ED visit,2019-2020,2020,2019,Schizophrenic and psychotic disorders,Male,Agegroup:5–24years–Rate,121.0,,
ED visit,2019-2020,2020,2019,Schizophrenic and psychotic disorders,Total,Agegroup:5–24years–Rate,89.0,,
ED visit,2019-2020,2020,2019,Mood disorders,Female,Agegroup:5–24years–Rate,502.0,,
ED visit,2019-2020,2020,2019,Mood disorders,Male,Agegroup:5–24years–Rate,276.0,,
ED visit,2019-2020,2020,2019,Mood disorders,Total,Agegroup:5–24years–Rate,385.0,,
ED visit,2019-2020,2020,2019,Anxiety disorders,Female,Agegroup:5–24years–Rate,484.0,,
ED visit,2019-2020,2020,2019,Anxiety disorders,Male,Agegroup:5–24years–Rate,294.0,,
ED visit,2019-2020,2020,2019,Anxiety disorders,Total,Agegroup:5–24years–Rate,386.0,,
ED visit,2019-2020,2020,2019,Personality disorders,Female,Agegroup:5–24years–Rate,79.0,,
ED visit,2019-2020,2020,2019,Personality disorders,Male,Agegroup:5–24years–Rate,22.0,,
ED visit,2019-2020,2020,2019,Personality disorders,Total,Agegroup:5–24years–Rate,50.0,,
ED visit,2019-2020,2020,2019,Other disorders,Female,Agegroup:5–24years–Rate,555.0,,
ED visit,2019-2020,2020,2019,Other disorders,Male,Agegroup:5–24years–Rate,403.0,,
ED visit,2019-2020,2020,2019,Other disorders,Total,Agegroup:5–24years–Rate,476.0,,
ED visit,2019-2020,2020,2019,   Trauma- and stressor-related disorders,Female,Agegroup:5–24years–Rate,450.0,,
ED visit,2019-2020,2020,2019,   Trauma- and stressor-related disorders,Male,Agegroup:5–24years–Rate,286.0,,
ED visit,2019-2020,2020,2019,   Trauma- and stressor-related disorders,Total,Agegroup:5–24years–Rate,365.0,,
ED visit,2019-2020,2020,2019,"   Disruptive, impulse control and conduct disorders",Female,Agegroup:5–24years–Rate,26.0,,
ED visit,2019-2020,2020,2019,"   Disruptive, impulse control and conduct disorders",Male,Agegroup:5–24years–Rate,45.0,,
ED visit,2019-2020,2020,2019,"   Disruptive, impulse control and conduct disorders",Total,Agegroup:5–24years–Rate,36.0,,
ED visit,2019-2020,2020,2019,   Eating and feeding disorders,Female,Agegroup:5–24years–Rate,21.0,,
ED visit,2019-2020,2020,2019,   Eating and feeding disorders,Male,Agegroup:5–24years–Rate,3.0,,
ED visit,2019-2020,2020,2019,   Eating and feeding disorders,Total,Agegroup:5–24years–Rate,11.0,,
ED visit,2019-2020,2020,2019,   Tic disorders,Female,Agegroup:5–24years–Rate,5.0,,
ED visit,2019-2020,2020,2019,   Tic disorders,Male,Agegroup:5–24years–Rate,9.0,,
ED visit,2019-2020,2020,2019,   Tic disorders,Total,Agegroup:5–24years–Rate,7.0,,
ED visit,2019-2020,2020,2019,   ADHD,Female,Agegroup:5–24years–Rate,12.0,,
ED visit,2019-2020,2020,2019,   ADHD,Male,Agegroup:5–24years–Rate,29.0,,
ED visit,2019-2020,2020,2019,   ADHD,Total,Agegroup:5–24years–Rate,21.0,,
ED visit,2020-2021,2021,2020,Neurocognitive disorders,Female,Agegroup:5–24years–Rate,13.0,,
ED visit,2020-2021,2021,2020,Neurocognitive disorders,Male,Agegroup:5–24years–Rate,9.0,,
ED visit,2020-2021,2021,2020,Neurocognitive disorders,Total,Agegroup:5–24years–Rate,11.0,,
ED visit,2020-2021,2021,2020,Substance-related disorders,Female,Agegroup:5–24years–Rate,253.0,,
ED visit,2020-2021,2021,2020,Substance-related disorders,Male,Agegroup:5–24years–Rate,306.0,,
ED visit,2020-2021,2021,2020,Substance-related disorders,Total,Agegroup:5–24years–Rate,280.0,,
ED visit,2020-2021,2021,2020,Schizophrenic and psychotic disorders,Female,Agegroup:5–24years–Rate,64.0,,
ED visit,2020-2021,2021,2020,Schizophrenic and psychotic disorders,Male,Agegroup:5–24years–Rate,121.0,,
ED visit,2020-2021,2021,2020,Schizophrenic and psychotic disorders,Total,Agegroup:5–24years–Rate,93.0,,
ED visit,2020-2021,2021,2020,Mood disorders,Female,Agegroup:5–24years–Rate,409.0,,
ED visit,2020-2021,2021,2020,Mood disorders,Male,Agegroup:5–24years–Rate,201.0,,
ED visit,2020-2021,2021,2020,Mood disorders,Total,Agegroup:5–24years–Rate,301.0,,
ED visit,2020-2021,2021,2020,Anxiety disorders,Female,Agegroup:5–24years–Rate,432.0,,
ED visit,2020-2021,2021,2020,Anxiety disorders,Male,Agegroup:5–24years–Rate,248.0,,
ED visit,2020-2021,2021,2020,Anxiety disorders,Total,Agegroup:5–24years–Rate,337.0,,
ED visit,2020-2021,2021,2020,Personality disorders,Female,Agegroup:5–24years–Rate,69.0,,
ED visit,2020-2021,2021,2020,Personality disorders,Male,Agegroup:5–24years–Rate,19.0,,
ED visit,2020-2021,2021,2020,Personality disorders,Total,Agegroup:5–24years–Rate,43.0,,
ED visit,2020-2021,2021,2020,Other disorders,Female,Agegroup:5–24years–Rate,479.0,,
ED visit,2020-2021,2021,2020,Other disorders,Male,Agegroup:5–24years–Rate,309.0,,
ED visit,2020-2021,2021,2020,Other disorders,Total,Agegroup:5–24years–Rate,391.0,,
ED visit,2020-2021,2021,2020,   Trauma- and stressor-related disorders,Female,Agegroup:5–24years–Rate,364.0,,
ED visit,2020-2021,2021,2020,   Trauma- and stressor-related disorders,Male,Agegroup:5–24years–Rate,217.0,,
ED visit,2020-2021,2021,2020,   Trauma- and stressor-related disorders,Total,Agegroup:5–24years–Rate,288.0,,
ED visit,2020-2021,2021,2020,"   Disruptive, impulse control and conduct disorders",Female,Agegroup:5–24years–Rate,20.0,,
ED visit,2020-2021,2021,2020,"   Disruptive, impulse control and conduct disorders",Male,Agegroup:5–24years–Rate,30.0,,
ED visit,2020-2021,2021,2020,"   Disruptive, impulse control and conduct disorders",Total,Agegroup:5–24years–Rate,25.0,,
ED visit,2020-2021,2021,2020,   Eating and feeding disorders,Female,Agegroup:5–24years–Rate,37.0,,
ED visit,2020-2021,2021,2020,   Eating and feeding disorders,Male,Agegroup:5–24years–Rate,3.0,,
ED visit,2020-2021,2021,2020,   Eating and feeding disorders,Total,Agegroup:5–24years–Rate,19.0,,
ED visit,2020-2021,2021,2020,   Tic disorders,Female,Agegroup:5–24years–Rate,15.0,,
ED visit,2020-2021,2021,2020,   Tic disorders,Male,Agegroup:5–24years–Rate,9.0,,
ED visit,2020-2021,2021,2020,   Tic disorders,Total,Agegroup:5–24years–Rate,12.0,,
ED visit,2020-2021,2021,2020,   ADHD,Female,Agegroup:5–24years–Rate,11.0,,
ED visit,2020-2021,2021,2020,   ADHD,Male,Agegroup:5–24years–Rate,20.0,,
ED visit,2020-2021,2021,2020,   ADHD,Total,Agegroup:5–24years–Rate,16.0,,
ED visit,2021-2022,2022,2021,Neurocognitive disorders,Female,Agegroup:5–24years–Rate,15.0,,
ED visit,2021-2022,2022,2021,Neurocognitive disorders,Male,Agegroup:5–24years–Rate,11.0,,
ED visit,2021-2022,2022,2021,Neurocognitive disorders,Total,Agegroup:5–24years–Rate,13.0,,
ED visit,2021-2022,2022,2021,Substance-related disorders,Female,Agegroup:5–24years–Rate,306.0,,
ED visit,2021-2022,2022,2021,Substance-related disorders,Male,Agegroup:5–24years–Rate,305.0,,
ED visit,2021-2022,2022,2021,Substance-related disorders,Total,Agegroup:5–24years–Rate,305.0,,
ED visit,2021-2022,2022,2021,Schizophrenic and psychotic disorders,Female,Agegroup:5–24years–Rate,64.0,,
ED visit,2021-2022,2022,2021,Schizophrenic and psychotic disorders,Male,Agegroup:5–24years–Rate,116.0,,
ED visit,2021-2022,2022,2021,Schizophrenic and psychotic disorders,Total,Agegroup:5–24years–Rate,90.0,,
ED visit,2021-2022,2022,2021,Mood disorders,Female,Agegroup:5–24years–Rate,509.0,,
ED visit,2021-2022,2022,2021,Mood disorders,Male,Agegroup:5–24years–Rate,231.0,,
ED visit,2021-2022,2022,2021,Mood disorders,Total,Agegroup:5–24years–Rate,365.0,,
ED visit,2021-2022,2022,2021,Anxiety disorders,Female,Agegroup:5–24years–Rate,503.0,,
ED visit,2021-2022,2022,2021,Anxiety disorders,Male,Agegroup:5–24years–Rate,250.0,,
ED visit,2021-2022,2022,2021,Anxiety disorders,Total,Agegroup:5–24years–Rate,372.0,,
ED visit,2021-2022,2022,2021,Personality disorders,Female,Agegroup:5–24years–Rate,87.0,,
ED visit,2021-2022,2022,2021,Personality disorders,Male,Agegroup:5–24years–Rate,20.0,,
ED visit,2021-2022,2022,2021,Personality disorders,Total,Agegroup:5–24years–Rate,52.0,,
ED visit,2021-2022,2022,2021,Other disorders,Female,Agegroup:5–24years–Rate,574.0,,
ED visit,2021-2022,2022,2021,Other disorders,Male,Agegroup:5–24years–Rate,342.0,,
ED visit,2021-2022,2022,2021,Other disorders,Total,Agegroup:5–24years–Rate,454.0,,
ED visit,2021-2022,2022,2021,   Trauma- and stressor-related disorders,Female,Agegroup:5–24years–Rate,434.0,,
ED visit,2021-2022,2022,2021,   Trauma- and stressor-related disorders,Male,Agegroup:5–24years–Rate,234.0,,
ED visit,2021-2022,2022,2021,   Trauma- and stressor-related disorders,Total,Agegroup:5–24years–Rate,331.0,,
ED visit,2021-2022,2022,2021,"   Disruptive, impulse control and conduct disorders",Female,Agegroup:5–24years–Rate,23.0,,
ED visit,2021-2022,2022,2021,"   Disruptive, impulse control and conduct disorders",Male,Agegroup:5–24years–Rate,32.0,,
ED visit,2021-2022,2022,2021,"   Disruptive, impulse control and conduct disorders",Total,Agegroup:5–24years–Rate,28.0,,
ED visit,2021-2022,2022,2021,   Eating and feeding disorders,Female,Agegroup:5–24years–Rate,48.0,,
ED visit,2021-2022,2022,2021,   Eating and feeding disorders,Male,Agegroup:5–24years–Rate,4.0,,
ED visit,2021-2022,2022,2021,   Eating and feeding disorders,Total,Agegroup:5–24years–Rate,26.0,,
ED visit,2021-2022,2022,2021,   Tic disorders,Female,Agegroup:5–24years–Rate,13.0,,
ED visit,2021-2022,2022,2021,   Tic disorders,Male,Agegroup:5–24years–Rate,11.0,,
ED visit,2021-2022,2022,2021,   Tic disorders,Total,Agegroup:5–24years–Rate,12.0,,
ED visit,2021-2022,2022,2021,   ADHD,Female,Agegroup:5–24years–Rate,15.0,,
ED visit,2021-2022,2022,2021,   ADHD,Male,Agegroup:5–24years–Rate,24.0,,
ED visit,2021-2022,2022,2021,   ADHD,Total,Agegroup:5–24years–Rate,20.0,,
ED visit,2022-2023,2023,2022,Neurocognitive disorders,Female,Agegroup:5–24years–Rate,12.0,,
ED visit,2022-2023,2023,2022,Neurocognitive disorders,Male,Agegroup:5–24years–Rate,9.0,,
ED visit,2022-2023,2023,2022,Neurocognitive disorders,Total,Agegroup:5–24years–Rate,11.0,,
ED visit,2022-2023,2023,2022,Substance-related disorders,Female,Agegroup:5–24years–Rate,288.0,,
ED visit,2022-2023,2023,2022,Substance-related disorders,Male,Agegroup:5–24years–Rate,287.0,,
ED visit,2022-2023,2023,2022,Substance-related disorders,Total,Agegroup:5–24years–Rate,287.0,,
ED visit,2022-2023,2023,2022,Schizophrenic and psychotic disorders,Female,Agegroup:5–24years–Rate,59.0,,
ED visit,2022-2023,2023,2022,Schizophrenic and psychotic disorders,Male,Agegroup:5–24years–Rate,104.0,,
ED visit,2022-2023,2023,2022,Schizophrenic and psychotic disorders,Total,Agegroup:5–24years–Rate,82.0,,
ED visit,2022-2023,2023,2022,Mood disorders,Female,Agegroup:5–24years–Rate,420.0,,
ED visit,2022-2023,2023,2022,Mood disorders,Male,Agegroup:5–24years–Rate,209.0,,
ED visit,2022-2023,2023,2022,Mood disorders,Total,Agegroup:5–24years–Rate,311.0,,
ED visit,2022-2023,2023,2022,Anxiety disorders,Female,Agegroup:5–24years–Rate,422.0,,
ED visit,2022-2023,2023,2022,Anxiety disorders,Male,Agegroup:5–24years–Rate,218.0,,
ED visit,2022-2023,2023,2022,Anxiety disorders,Total,Agegroup:5–24years–Rate,316.0,,
ED visit,2022-2023,2023,2022,Personality disorders,Female,Agegroup:5–24years–Rate,76.0,,
ED visit,2022-2023,2023,2022,Personality disorders,Male,Agegroup:5–24years–Rate,19.0,,
ED visit,2022-2023,2023,2022,Personality disorders,Total,Agegroup:5–24years–Rate,46.0,,
ED visit,2022-2023,2023,2022,Other disorders,Female,Agegroup:5–24years–Rate,489.0,,
ED visit,2022-2023,2023,2022,Other disorders,Male,Agegroup:5–24years–Rate,306.0,,
ED visit,2022-2023,2023,2022,Other disorders,Total,Agegroup:5–24years–Rate,394.0,,
ED visit,2022-2023,2023,2022,   Trauma- and stressor-related disorders,Female,Agegroup:5–24years–Rate,375.0,,
ED visit,2022-2023,2023,2022,   Trauma- and stressor-related disorders,Male,Agegroup:5–24years–Rate,204.0,,
ED visit,2022-2023,2023,2022,   Trauma- and stressor-related disorders,Total,Agegroup:5–24years–Rate,287.0,,
ED visit,2022-2023,2023,2022,"   Disruptive, impulse control and conduct disorders",Female,Agegroup:5–24years–Rate,21.0,,
ED visit,2022-2023,2023,2022,"   Disruptive, impulse control and conduct disorders",Male,Agegroup:5–24years–Rate,29.0,,
ED visit,2022-2023,2023,2022,"   Disruptive, impulse control and conduct disorders",Total,Agegroup:5–24years–Rate,25.0,,
ED visit,2022-2023,2023,2022,   Eating and feeding disorders,Female,Agegroup:5–24years–Rate,32.0,,
ED visit,2022-2023,2023,2022,   Eating and feeding disorders,Male,Agegroup:5–24years–Rate,4.0,,
ED visit,2022-2023,2023,2022,   Eating and feeding disorders,Total,Agegroup:5–24years–Rate,17.0,,
ED visit,2022-2023,2023,2022,   Tic disorders,Female,Agegroup:5–24years–Rate,7.0,,
ED visit,2022-2023,2023,2022,   Tic disorders,Male,Agegroup:5–24years–Rate,8.0,,
ED visit,2022-2023,2023,2022,   Tic disorders,Total,Agegroup:5–24years–Rate,8.0,,
ED visit,2022-2023,2023,2022,   ADHD,Female,Agegroup:5–24years–Rate,13.0,,
ED visit,2022-2023,2023,2022,   ADHD,Male,Agegroup:5–24years–Rate,22.0,,
ED visit,2022-2023,2023,2022,   ADHD,Total,Agegroup:5–24years–Rate,17.0,,
ED visit,2023-2024,2024,2023,Neurocognitive disorders,Female,Agegroup:5–24years–Rate,12.0,,
ED visit,2023-2024,2024,2023,Neurocognitive disorders,Male,Agegroup:5–24years–Rate,10.0,,
ED visit,2023-2024,2024,2023,Neurocognitive disorders,Total,Agegroup:5–24years–Rate,11.0,,
ED visit,2023-2024,2024,2023,Substance-related disorders,Female,Agegroup:5–24years–Rate,282.0,,
ED visit,2023-2024,2024,2023,Substance-related disorders,Male,Agegroup:5–24years–Rate,270.0,,
ED visit,2023-2024,2024,2023,Substance-related disorders,Total,Agegroup:5–24years–Rate,276.0,,
ED visit,2023-2024,2024,2023,Schizophrenic and psychotic disorders,Female,Agegroup:5–24years–Rate,56.0,,
ED visit,2023-2024,2024,2023,Schizophrenic and psychotic disorders,Male,Agegroup:5–24years–Rate,96.0,,
ED visit,2023-2024,2024,2023,Schizophrenic and psychotic disorders,Total,Agegroup:5–24years–Rate,77.0,,
ED visit,2023-2024,2024,2023,Mood disorders,Female,Agegroup:5–24years–Rate,342.0,,
ED visit,2023-2024,2024,2023,Mood disorders,Male,Agegroup:5–24years–Rate,179.0,,
ED visit,2023-2024,2024,2023,Mood disorders,Total,Agegroup:5–24years–Rate,258.0,,
ED visit,2023-2024,2024,2023,Anxiety disorders,Female,Agegroup:5–24years–Rate,358.0,,
ED visit,2023-2024,2024,2023,Anxiety disorders,Male,Agegroup:5–24years–Rate,193.0,,
ED visit,2023-2024,2024,2023,Anxiety disorders,Total,Agegroup:5–24years–Rate,272.0,,
ED visit,2023-2024,2024,2023,Personality disorders,Female,Agegroup:5–24years–Rate,69.0,,
ED visit,2023-2024,2024,2023,Personality disorders,Male,Agegroup:5–24years–Rate,19.0,,
ED visit,2023-2024,2024,2023,Personality disorders,Total,Agegroup:5–24years–Rate,43.0,,
ED visit,2023-2024,2024,2023,Other disorders,Female,Agegroup:5–24years–Rate,428.0,,
ED visit,2023-2024,2024,2023,Other disorders,Male,Agegroup:5–24years–Rate,278.0,,
ED visit,2023-2024,2024,2023,Other disorders,Total,Agegroup:5–24years–Rate,350.0,,
ED visit,2023-2024,2024,2023,   Trauma- and stressor-related disorders,Female,Agegroup:5–24years–Rate,325.0,,
ED visit,2023-2024,2024,2023,   Trauma- and stressor-related disorders,Male,Agegroup:5–24years–Rate,182.0,,
ED visit,2023-2024,2024,2023,   Trauma- and stressor-related disorders,Total,Agegroup:5–24years–Rate,251.0,,
ED visit,2023-2024,2024,2023,"   Disruptive, impulse control and conduct disorders",Female,Agegroup:5–24years–Rate,19.0,,
ED visit,2023-2024,2024,2023,"   Disruptive, impulse control and conduct disorders",Male,Agegroup:5–24years–Rate,26.0,,
ED visit,2023-2024,2024,2023,"   Disruptive, impulse control and conduct disorders",Total,Agegroup:5–24years–Rate,23.0,,
ED visit,2023-2024,2024,2023,   Eating and feeding disorders,Female,Agegroup:5–24years–Rate,29.0,,
ED visit,2023-2024,2024,2023,   Eating and feeding disorders,Male,Agegroup:5–24years–Rate,3.0,,
ED visit,2023-2024,2024,2023,   Eating and feeding disorders,Total,Agegroup:5–24years–Rate,16.0,,
ED visit,2023-2024,2024,2023,   Tic disorders,Female,Agegroup:5–24years–Rate,6.0,,
ED visit,2023-2024,2024,2023,   Tic disorders,Male,Agegroup:5–24years–Rate,7.0,,
ED visit,2023-2024,2024,2023,   Tic disorders,Total,Agegroup:5–24years–Rate,7.0,,
ED visit,2023-2024,2024,2023,   ADHD,Female,Agegroup:5–24years–Rate,12.0,,
ED visit,2023-2024,2024,2023,   ADHD,Male,Agegroup:5–24years–Rate,21.0,,
ED visit,2023-2024,2024,2023,   ADHD,Total,Agegroup:5–24years–Rate,16.0,,
ED visit,2018-2019,2019,2018,Neurocognitive disorders,Female,Agegroup:5–24years–95%CI,25.0,25.0,29.0
ED visit,2018-2019,2019,2018,Neurocognitive disorders,Male,Agegroup:5–24years–95%CI,18.0,18.0,21.0
ED visit,2018-2019,2019,2018,Neurocognitive disorders,Total,Agegroup:5–24years–95%CI,22.0,22.0,25.0
ED visit,2018-2019,2019,2018,Substance-related disorders,Female,Agegroup:5–24years–95%CI,368.0,368.0,385.0
ED visit,2018-2019,2019,2018,Substance-related disorders,Male,Agegroup:5–24years–95%CI,436.0,436.0,453.0
ED visit,2018-2019,2019,2018,Substance-related disorders,Total,Agegroup:5–24years–95%CI,406.0,406.0,418.0
ED visit,2018-2019,2019,2018,Schizophrenic and psychotic disorders,Female,Agegroup:5–24years–95%CI,55.0,55.0,62.0
ED visit,2018-2019,2019,2018,Schizophrenic and psychotic disorders,Male,Agegroup:5–24years–95%CI,127.0,127.0,136.0
ED visit,2018-2019,2019,2018,Schizophrenic and psychotic disorders,Total,Agegroup:5–24years–95%CI,93.0,93.0,99.0
ED visit,2018-2019,2019,2018,Mood disorders,Female,Agegroup:5–24years–95%CI,537.0,537.0,556.0
ED visit,2018-2019,2019,2018,Mood disorders,Male,Agegroup:5–24years–95%CI,298.0,298.0,313.0
ED visit,2018-2019,2019,2018,Mood disorders,Total,Agegroup:5–24years–95%CI,416.0,416.0,428.0
ED visit,2018-2019,2019,2018,Anxiety disorders,Female,Agegroup:5–24years–95%CI,496.0,496.0,515.0
ED visit,2018-2019,2019,2018,Anxiety disorders,Male,Agegroup:5–24years–95%CI,298.0,298.0,313.0
ED visit,2018-2019,2019,2018,Anxiety disorders,Total,Agegroup:5–24years–95%CI,397.0,397.0,408.0
ED visit,2018-2019,2019,2018,Personality disorders,Female,Agegroup:5–24years–95%CI,76.0,76.0,84.0
ED visit,2018-2019,2019,2018,Personality disorders,Male,Agegroup:5–24years–95%CI,22.0,22.0,26.0
ED visit,2018-2019,2019,2018,Personality disorders,Total,Agegroup:5–24years–95%CI,49.0,49.0,53.0
ED visit,2018-2019,2019,2018,Other disorders,Female,Agegroup:5–24years–95%CI,563.0,563.0,583.0
ED visit,2018-2019,2019,2018,Other disorders,Male,Agegroup:5–24years–95%CI,410.0,410.0,427.0
ED visit,2018-2019,2019,2018,Other disorders,Total,Agegroup:5–24years–95%CI,487.0,487.0,500.0
ED visit,2018-2019,2019,2018,   Trauma- and stressor-related disorders,Female,Agegroup:5–24years–95%CI,460.0,460.0,479.0
ED visit,2018-2019,2019,2018,   Trauma- and stressor-related disorders,Male,Agegroup:5–24years–95%CI,288.0,288.0,302.0
ED visit,2018-2019,2019,2018,   Trauma- and stressor-related disorders,Total,Agegroup:5–24years–95%CI,374.0,374.0,385.0
ED visit,2018-2019,2019,2018,"   Disruptive, impulse control and conduct disorders",Female,Agegroup:5–24years–95%CI,26.0,26.0,30.0
ED visit,2018-2019,2019,2018,"   Disruptive, impulse control and conduct disorders",Male,Agegroup:5–24years–95%CI,43.0,43.0,48.0
ED visit,2018-2019,2019,2018,"   Disruptive, impulse control and conduct disorders",Total,Agegroup:5–24years–95%CI,35.0,35.0,39.0
ED visit,2018-2019,2019,2018,   Eating and feeding disorders,Female,Agegroup:5–24years–95%CI,19.0,19.0,23.0
ED visit,2018-2019,2019,2018,   Eating and feeding disorders,Male,Agegroup:5–24years–95%CI,2.0,2.0,4.0
ED visit,2018-2019,2019,2018,   Eating and feeding disorders,Total,Agegroup:5–24years–95%CI,11.0,11.0,13.0
ED visit,2018-2019,2019,2018,   Tic disorders,Female,Agegroup:5–24years–95%CI,3.0,3.0,5.0
ED visit,2018-2019,2019,2018,   Tic disorders,Male,Agegroup:5–24years–95%CI,7.0,7.0,9.0
ED visit,2018-2019,2019,2018,   Tic disorders,Total,Agegroup:5–24years–95%CI,5.0,5.0,7.0
ED visit,2018-2019,2019,2018,   ADHD,Female,Agegroup:5–24years–95%CI,10.0,10.0,13.0
ED visit,2018-2019,2019,2018,   ADHD,Male,Agegroup:5–24years–95%CI,25.0,25.0,30.0
ED visit,2018-2019,2019,2018,   ADHD,Total,Agegroup:5–24years–95%CI,18.0,18.0,21.0
ED visit,2019-2020,2020,2019,Neurocognitive disorders,Female,Agegroup:5–24years–95%CI,21.0,21.0,25.0
ED visit,2019-2020,2020,2019,Neurocognitive disorders,Male,Agegroup:5–24years–95%CI,15.0,15.0,18.0
ED visit,2019-2020,2020,2019,Neurocognitive disorders,Total,Agegroup:5–24years–95%CI,18.0,18.0,21.0
ED visit,2019-2020,2020,2019,Substance-related disorders,Female,Agegroup:5–24years–95%CI,349.0,349.0,365.0
ED visit,2019-2020,2020,2019,Substance-related disorders,Male,Agegroup:5–24years–95%CI,401.0,401.0,418.0
ED visit,2019-2020,2020,2019,Substance-related disorders,Total,Agegroup:5–24years–95%CI,379.0,379.0,390.0
ED visit,2019-2020,2020,2019,Schizophrenic and psychotic disorders,Female,Agegroup:5–24years–95%CI,52.0,52.0,59.0
ED visit,2019-2020,2020,2019,Schizophrenic and psychotic disorders,Male,Agegroup:5–24years–95%CI,116.0,116.0,125.0
ED visit,2019-2020,2020,2019,Schizophrenic and psychotic disorders,Total,Agegroup:5–24years–95%CI,86.0,86.0,92.0
ED visit,2019-2020,2020,2019,Mood disorders,Female,Agegroup:5–24years–95%CI,493.0,493.0,512.0
ED visit,2019-2020,2020,2019,Mood disorders,Male,Agegroup:5–24years–95%CI,269.0,269.0,283.0
ED visit,2019-2020,2020,2019,Mood disorders,Total,Agegroup:5–24years–95%CI,380.0,380.0,391.0
ED visit,2019-2020,2020,2019,Anxiety disorders,Female,Agegroup:5–24years–95%CI,475.0,475.0,493.0
ED visit,2019-2020,2020,2019,Anxiety disorders,Male,Agegroup:5–24years–95%CI,287.0,287.0,301.0
ED visit,2019-2020,2020,2019,Anxiety disorders,Total,Agegroup:5–24years–95%CI,380.0,380.0,392.0
ED visit,2019-2020,2020,2019,Personality disorders,Female,Agegroup:5–24years–95%CI,76.0,76.0,83.0
ED visit,2019-2020,2020,2019,Personality disorders,Male,Agegroup:5–24years–95%CI,20.0,20.0,24.0
ED visit,2019-2020,2020,2019,Personality disorders,Total,Agegroup:5–24years–95%CI,47.0,47.0,52.0
ED visit,2019-2020,2020,2019,Other disorders,Female,Agegroup:5–24years–95%CI,545.0,545.0,565.0
ED visit,2019-2020,2020,2019,Other disorders,Male,Agegroup:5–24years–95%CI,395.0,395.0,411.0
ED visit,2019-2020,2020,2019,Other disorders,Total,Agegroup:5–24years–95%CI,470.0,470.0,483.0
ED visit,2019-2020,2020,2019,   Trauma- and stressor-related disorders,Female,Agegroup:5–24years–95%CI,441.0,441.0,459.0
ED visit,2019-2020,2020,2019,   Trauma- and stressor-related disorders,Male,Agegroup:5–24years–95%CI,279.0,279.0,293.0
ED visit,2019-2020,2020,2019,   Trauma- and stressor-related disorders,Total,Agegroup:5–24years–95%CI,360.0,360.0,371.0
ED visit,2019-2020,2020,2019,"   Disruptive, impulse control and conduct disorders",Female,Agegroup:5–24years–95%CI,24.0,24.0,29.0
ED visit,2019-2020,2020,2019,"   Disruptive, impulse control and conduct disorders",Male,Agegroup:5–24years–95%CI,42.0,42.0,48.0
ED visit,2019-2020,2020,2019,"   Disruptive, impulse control and conduct disorders",Total,Agegroup:5–24years–95%CI,34.0,34.0,38.0
ED visit,2019-2020,2020,2019,   Eating and feeding disorders,Female,Agegroup:5–24years–95%CI,19.0,19.0,22.0
ED visit,2019-2020,2020,2019,   Eating and feeding disorders,Male,Agegroup:5–24years–95%CI,2.0,2.0,3.0
ED visit,2019-2020,2020,2019,   Eating and feeding disorders,Total,Agegroup:5–24years–95%CI,10.0,10.0,12.0
ED visit,2019-2020,2020,2019,   Tic disorders,Female,Agegroup:5–24years–95%CI,4.0,4.0,6.0
ED visit,2019-2020,2020,2019,   Tic disorders,Male,Agegroup:5–24years–95%CI,7.0,7.0,10.0
ED visit,2019-2020,2020,2019,   Tic disorders,Total,Agegroup:5–24years–95%CI,6.0,6.0,8.0
ED visit,2019-2020,2020,2019,   ADHD,Female,Agegroup:5–24years–95%CI,10.0,10.0,13.0
ED visit,2019-2020,2020,2019,   ADHD,Male,Agegroup:5–24years–95%CI,27.0,27.0,31.0
ED visit,2019-2020,2020,2019,   ADHD,Total,Agegroup:5–24years–95%CI,19.0,19.0,22.0
ED visit,2020-2021,2021,2020,Neurocognitive disorders,Female,Agegroup:5–24years–95%CI,11.0,11.0,14.0
ED visit,2020-2021,2021,2020,Neurocognitive disorders,Male,Agegroup:5–24years–95%CI,8.0,8.0,10.0
ED visit,2020-2021,2021,2020,Neurocognitive disorders,Total,Agegroup:5–24years–95%CI,10.0,10.0,12.0
ED visit,2020-2021,2021,2020,Substance-related disorders,Female,Agegroup:5–24years–95%CI,246.0,246.0,259.0
ED visit,2020-2021,2021,2020,Substance-related disorders,Male,Agegroup:5–24years–95%CI,299.0,299.0,313.0
ED visit,2020-2021,2021,2020,Substance-related disorders,Total,Agegroup:5–24years–95%CI,275.0,275.0,285.0
ED visit,2020-2021,2021,2020,Schizophrenic and psychotic disorders,Female,Agegroup:5–24years–95%CI,61.0,61.0,67.0
ED visit,2020-2021,2021,2020,Schizophrenic and psychotic disorders,Male,Agegroup:5–24years–95%CI,117.0,117.0,125.0
ED visit,2020-2021,2021,2020,Schizophrenic and psychotic disorders,Total,Agegroup:5–24years–95%CI,91.0,91.0,96.0
ED visit,2020-2021,2021,2020,Mood disorders,Female,Agegroup:5–24years–95%CI,400.0,400.0,417.0
ED visit,2020-2021,2021,2020,Mood disorders,Male,Agegroup:5–24years–95%CI,195.0,195.0,207.0
ED visit,2020-2021,2021,2020,Mood disorders,Total,Agegroup:5–24years–95%CI,296.0,296.0,306.0
ED visit,2020-2021,2021,2020,Anxiety disorders,Female,Agegroup:5–24years–95%CI,423.0,423.0,441.0
ED visit,2020-2021,2021,2020,Anxiety disorders,Male,Agegroup:5–24years–95%CI,242.0,242.0,255.0
ED visit,2020-2021,2021,2020,Anxiety disorders,Total,Agegroup:5–24years–95%CI,332.0,332.0,342.0
ED visit,2020-2021,2021,2020,Personality disorders,Female,Agegroup:5–24years–95%CI,66.0,66.0,73.0
ED visit,2020-2021,2021,2020,Personality disorders,Male,Agegroup:5–24years–95%CI,17.0,17.0,21.0
ED visit,2020-2021,2021,2020,Personality disorders,Total,Agegroup:5–24years–95%CI,41.0,41.0,45.0
ED visit,2020-2021,2021,2020,Other disorders,Female,Agegroup:5–24years–95%CI,469.0,469.0,488.0
ED visit,2020-2021,2021,2020,Other disorders,Male,Agegroup:5–24years–95%CI,302.0,302.0,316.0
ED visit,2020-2021,2021,2020,Other disorders,Total,Agegroup:5–24years–95%CI,385.0,385.0,397.0
ED visit,2020-2021,2021,2020,   Trauma- and stressor-related disorders,Female,Agegroup:5–24years–95%CI,356.0,356.0,372.0
ED visit,2020-2021,2021,2020,   Trauma- and stressor-related disorders,Male,Agegroup:5–24years–95%CI,211.0,211.0,223.0
ED visit,2020-2021,2021,2020,   Trauma- and stressor-related disorders,Total,Agegroup:5–24years–95%CI,283.0,283.0,293.0
ED visit,2020-2021,2021,2020,"   Disruptive, impulse control and conduct disorders",Female,Agegroup:5–24years–95%CI,18.0,18.0,22.0
ED visit,2020-2021,2021,2020,"   Disruptive, impulse control and conduct disorders",Male,Agegroup:5–24years–95%CI,28.0,28.0,32.0
ED visit,2020-2021,2021,2020,"   Disruptive, impulse control and conduct disorders",Total,Agegroup:5–24years–95%CI,24.0,24.0,27.0
ED visit,2020-2021,2021,2020,   Eating and feeding disorders,Female,Agegroup:5–24years–95%CI,35.0,35.0,40.0
ED visit,2020-2021,2021,2020,   Eating and feeding disorders,Male,Agegroup:5–24years–95%CI,2.0,2.0,3.0
ED visit,2020-2021,2021,2020,   Eating and feeding disorders,Total,Agegroup:5–24years–95%CI,18.0,18.0,21.0
ED visit,2020-2021,2021,2020,   Tic disorders,Female,Agegroup:5–24years–95%CI,13.0,13.0,16.0
ED visit,2020-2021,2021,2020,   Tic disorders,Male,Agegroup:5–24years–95%CI,8.0,8.0,10.0
ED visit,2020-2021,2021,2020,   Tic disorders,Total,Agegroup:5–24years–95%CI,11.0,11.0,13.0
ED visit,2020-2021,2021,2020,   ADHD,Female,Agegroup:5–24years–95%CI,10.0,10.0,12.0
ED visit,2020-2021,2021,2020,   ADHD,Male,Agegroup:5–24years–95%CI,18.0,18.0,22.0
ED visit,2020-2021,2021,2020,   ADHD,Total,Agegroup:5–24years–95%CI,15.0,15.0,17.0
ED visit,2021-2022,2022,2021,Neurocognitive disorders,Female,Agegroup:5–24years–95%CI,13.0,13.0,16.0
ED visit,2021-2022,2022,2021,Neurocognitive disorders,Male,Agegroup:5–24years–95%CI,9.0,9.0,12.0
ED visit,2021-2022,2022,2021,Neurocognitive disorders,Total,Agegroup:5–24years–95%CI,12.0,12.0,14.0
ED visit,2021-2022,2022,2021,Substance-related disorders,Female,Agegroup:5–24years–95%CI,298.0,298.0,313.0
ED visit,2021-2022,2022,2021,Substance-related disorders,Male,Agegroup:5–24years–95%CI,298.0,298.0,312.0
ED visit,2021-2022,2022,2021,Substance-related disorders,Total,Agegroup:5–24years–95%CI,300.0,300.0,311.0
ED visit,2021-2022,2022,2021,Schizophrenic and psychotic disorders,Female,Agegroup:5–24years–95%CI,60.0,60.0,67.0
ED visit,2021-2022,2022,2021,Schizophrenic and psychotic disorders,Male,Agegroup:5–24years–95%CI,111.0,111.0,120.0
ED visit,2021-2022,2022,2021,Schizophrenic and psychotic disorders,Total,Agegroup:5–24years–95%CI,88.0,88.0,93.0
ED visit,2021-2022,2022,2021,Mood disorders,Female,Agegroup:5–24years–95%CI,499.0,499.0,518.0
ED visit,2021-2022,2022,2021,Mood disorders,Male,Agegroup:5–24years–95%CI,225.0,225.0,237.0
ED visit,2021-2022,2022,2021,Mood disorders,Total,Agegroup:5–24years–95%CI,360.0,360.0,371.0
ED visit,2021-2022,2022,2021,Anxiety disorders,Female,Agegroup:5–24years–95%CI,493.0,493.0,512.0
ED visit,2021-2022,2022,2021,Anxiety disorders,Male,Agegroup:5–24years–95%CI,243.0,243.0,256.0
ED visit,2021-2022,2022,2021,Anxiety disorders,Total,Agegroup:5–24years–95%CI,366.0,366.0,378.0
ED visit,2021-2022,2022,2021,Personality disorders,Female,Agegroup:5–24years–95%CI,83.0,83.0,91.0
ED visit,2021-2022,2022,2021,Personality disorders,Male,Agegroup:5–24years–95%CI,19.0,19.0,22.0
ED visit,2021-2022,2022,2021,Personality disorders,Total,Agegroup:5–24years–95%CI,50.0,50.0,55.0
ED visit,2021-2022,2022,2021,Other disorders,Female,Agegroup:5–24years–95%CI,564.0,564.0,584.0
ED visit,2021-2022,2022,2021,Other disorders,Male,Agegroup:5–24years–95%CI,334.0,334.0,349.0
ED visit,2021-2022,2022,2021,Other disorders,Total,Agegroup:5–24years–95%CI,448.0,448.0,460.0
ED visit,2021-2022,2022,2021,   Trauma- and stressor-related disorders,Female,Agegroup:5–24years–95%CI,425.0,425.0,443.0
ED visit,2021-2022,2022,2021,   Trauma- and stressor-related disorders,Male,Agegroup:5–24years–95%CI,228.0,228.0,240.0
ED visit,2021-2022,2022,2021,   Trauma- and stressor-related disorders,Total,Agegroup:5–24years–95%CI,325.0,325.0,336.0
ED visit,2021-2022,2022,2021,"   Disruptive, impulse control and conduct disorders",Female,Agegroup:5–24years–95%CI,21.0,21.0,25.0
ED visit,2021-2022,2022,2021,"   Disruptive, impulse control and conduct disorders",Male,Agegroup:5–24years–95%CI,30.0,30.0,34.0
ED visit,2021-2022,2022,2021,"   Disruptive, impulse control and conduct disorders",Total,Agegroup:5–24years–95%CI,26.0,26.0,29.0
ED visit,2021-2022,2022,2021,   Eating and feeding disorders,Female,Agegroup:5–24years–95%CI,45.0,45.0,51.0
ED visit,2021-2022,2022,2021,   Eating and feeding disorders,Male,Agegroup:5–24years–95%CI,3.0,3.0,5.0
ED visit,2021-2022,2022,2021,   Eating and feeding disorders,Total,Agegroup:5–24years–95%CI,24.0,24.0,27.0
ED visit,2021-2022,2022,2021,   Tic disorders,Female,Agegroup:5–24years–95%CI,12.0,12.0,15.0
ED visit,2021-2022,2022,2021,   Tic disorders,Male,Agegroup:5–24years–95%CI,9.0,9.0,12.0
ED visit,2021-2022,2022,2021,   Tic disorders,Total,Agegroup:5–24years–95%CI,11.0,11.0,13.0
ED visit,2021-2022,2022,2021,   ADHD,Female,Agegroup:5–24years–95%CI,13.0,13.0,16.0
ED visit,2021-2022,2022,2021,   ADHD,Male,Agegroup:5–24years–95%CI,22.0,22.0,26.0
ED visit,2021-2022,2022,2021,   ADHD,Total,Agegroup:5–24years–95%CI,18.0,18.0,21.0
ED visit,2022-2023,2023,2022,Neurocognitive disorders,Female,Agegroup:5–24years–95%CI,11.0,11.0,14.0
ED visit,2022-2023,2023,2022,Neurocognitive disorders,Male,Agegroup:5–24years–95%CI,8.0,8.0,10.0
ED visit,2022-2023,2023,2022,Neurocognitive disorders,Total,Agegroup:5–24years–95%CI,10.0,10.0,11.0
ED visit,2022-2023,2023,2022,Substance-related disorders,Female,Agegroup:5–24years–95%CI,281.0,281.0,295.0
ED visit,2022-2023,2023,2022,Substance-related disorders,Male,Agegroup:5–24years–95%CI,280.0,280.0,294.0
ED visit,2022-2023,2023,2022,Substance-related disorders,Total,Agegroup:5–24years–95%CI,282.0,282.0,292.0
ED visit,2022-2023,2023,2022,Schizophrenic and psychotic disorders,Female,Agegroup:5–24years–95%CI,56.0,56.0,62.0
ED visit,2022-2023,2023,2022,Schizophrenic and psychotic disorders,Male,Agegroup:5–24years–95%CI,100.0,100.0,108.0
ED visit,2022-2023,2023,2022,Schizophrenic and psychotic disorders,Total,Agegroup:5–24years–95%CI,80.0,80.0,85.0
ED visit,2022-2023,2023,2022,Mood disorders,Female,Agegroup:5–24years–95%CI,411.0,411.0,428.0
ED visit,2022-2023,2023,2022,Mood disorders,Male,Agegroup:5–24years–95%CI,203.0,203.0,215.0
ED visit,2022-2023,2023,2022,Mood disorders,Total,Agegroup:5–24years–95%CI,306.0,306.0,316.0
ED visit,2022-2023,2023,2022,Anxiety disorders,Female,Agegroup:5–24years–95%CI,413.0,413.0,430.0
ED visit,2022-2023,2023,2022,Anxiety disorders,Male,Agegroup:5–24years–95%CI,212.0,212.0,223.0
ED visit,2022-2023,2023,2022,Anxiety disorders,Total,Agegroup:5–24years–95%CI,311.0,311.0,321.0
ED visit,2022-2023,2023,2022,Personality disorders,Female,Agegroup:5–24years–95%CI,72.0,72.0,79.0
ED visit,2022-2023,2023,2022,Personality disorders,Male,Agegroup:5–24years–95%CI,17.0,17.0,21.0
ED visit,2022-2023,2023,2022,Personality disorders,Total,Agegroup:5–24years–95%CI,44.0,44.0,48.0
ED visit,2022-2023,2023,2022,Other disorders,Female,Agegroup:5–24years–95%CI,480.0,480.0,499.0
ED visit,2022-2023,2023,2022,Other disorders,Male,Agegroup:5–24years–95%CI,299.0,299.0,313.0
ED visit,2022-2023,2023,2022,Other disorders,Total,Agegroup:5–24years–95%CI,389.0,389.0,400.0
ED visit,2022-2023,2023,2022,   Trauma- and stressor-related disorders,Female,Agegroup:5–24years–95%CI,367.0,367.0,383.0
ED visit,2022-2023,2023,2022,   Trauma- and stressor-related disorders,Male,Agegroup:5–24years–95%CI,199.0,199.0,210.0
ED visit,2022-2023,2023,2022,   Trauma- and stressor-related disorders,Total,Agegroup:5–24years–95%CI,282.0,282.0,292.0
ED visit,2022-2023,2023,2022,"   Disruptive, impulse control and conduct disorders",Female,Agegroup:5–24years–95%CI,19.0,19.0,23.0
ED visit,2022-2023,2023,2022,"   Disruptive, impulse control and conduct disorders",Male,Agegroup:5–24years–95%CI,27.0,27.0,31.0
ED visit,2022-2023,2023,2022,"   Disruptive, impulse control and conduct disorders",Total,Agegroup:5–24years–95%CI,24.0,24.0,27.0
ED visit,2022-2023,2023,2022,   Eating and feeding disorders,Female,Agegroup:5–24years–95%CI,30.0,30.0,34.0
ED visit,2022-2023,2023,2022,   Eating and feeding disorders,Male,Agegroup:5–24years–95%CI,3.0,3.0,5.0
ED visit,2022-2023,2023,2022,   Eating and feeding disorders,Total,Agegroup:5–24years–95%CI,16.0,16.0,19.0
ED visit,2022-2023,2023,2022,   Tic disorders,Female,Agegroup:5–24years–95%CI,6.0,6.0,8.0
ED visit,2022-2023,2023,2022,   Tic disorders,Male,Agegroup:5–24years–95%CI,7.0,7.0,9.0
ED visit,2022-2023,2023,2022,   Tic disorders,Total,Agegroup:5–24years–95%CI,7.0,7.0,8.0
ED visit,2022-2023,2023,2022,   ADHD,Female,Agegroup:5–24years–95%CI,11.0,11.0,14.0
ED visit,2022-2023,2023,2022,   ADHD,Male,Agegroup:5–24years–95%CI,20.0,20.0,23.0
ED visit,2022-2023,2023,2022,   ADHD,Total,Agegroup:5–24years–95%CI,16.0,16.0,19.0
ED visit,2023-2024,2024,2023,Neurocognitive disorders,Female,Agegroup:5–24years–95%CI,11.0,11.0,14.0
ED visit,2023-2024,2024,2023,Neurocognitive disorders,Male,Agegroup:5–24years–95%CI,8.0,8.0,11.0
ED visit,2023-2024,2024,2023,Neurocognitive disorders,Total,Agegroup:5–24years–95%CI,10.0,10.0,12.0
ED visit,2023-2024,2024,2023,Substance-related disorders,Female,Agegroup:5–24years–95%CI,275.0,275.0,289.0
ED visit,2023-2024,2024,2023,Substance-related disorders,Male,Agegroup:5–24years–95%CI,263.0,263.0,276.0
ED visit,2023-2024,2024,2023,Substance-related disorders,Total,Agegroup:5–24years–95%CI,271.0,271.0,280.0
ED visit,2023-2024,2024,2023,Schizophrenic and psychotic disorders,Female,Agegroup:5–24years–95%CI,53.0,53.0,59.0
ED visit,2023-2024,2024,2023,Schizophrenic and psychotic disorders,Male,Agegroup:5–24years–95%CI,92.0,92.0,99.0
ED visit,2023-2024,2024,2023,Schizophrenic and psychotic disorders,Total,Agegroup:5–24years–95%CI,74.0,74.0,79.0
ED visit,2023-2024,2024,2023,Mood disorders,Female,Agegroup:5–24years–95%CI,335.0,335.0,350.0
ED visit,2023-2024,2024,2023,Mood disorders,Male,Agegroup:5–24years–95%CI,174.0,174.0,184.0
ED visit,2023-2024,2024,2023,Mood disorders,Total,Agegroup:5–24years–95%CI,253.0,253.0,262.0
ED visit,2023-2024,2024,2023,Anxiety disorders,Female,Agegroup:5–24years–95%CI,350.0,350.0,365.0
ED visit,2023-2024,2024,2023,Anxiety disorders,Male,Agegroup:5–24years–95%CI,187.0,187.0,198.0
ED visit,2023-2024,2024,2023,Anxiety disorders,Total,Agegroup:5–24years–95%CI,268.0,268.0,277.0
ED visit,2023-2024,2024,2023,Personality disorders,Female,Agegroup:5–24years–95%CI,66.0,66.0,73.0
ED visit,2023-2024,2024,2023,Personality disorders,Male,Agegroup:5–24years–95%CI,17.0,17.0,20.0
ED visit,2023-2024,2024,2023,Personality disorders,Total,Agegroup:5–24years–95%CI,41.0,41.0,45.0
ED visit,2023-2024,2024,2023,Other disorders,Female,Agegroup:5–24years–95%CI,420.0,420.0,437.0
ED visit,2023-2024,2024,2023,Other disorders,Male,Agegroup:5–24years–95%CI,271.0,271.0,285.0
ED visit,2023-2024,2024,2023,Other disorders,Total,Agegroup:5–24years–95%CI,345.0,345.0,356.0
ED visit,2023-2024,2024,2023,   Trauma- and stressor-related disorders,Female,Agegroup:5–24years–95%CI,318.0,318.0,333.0
ED visit,2023-2024,2024,2023,   Trauma- and stressor-related disorders,Male,Agegroup:5–24years–95%CI,177.0,177.0,187.0
ED visit,2023-2024,2024,2023,   Trauma- and stressor-related disorders,Total,Agegroup:5–24years–95%CI,246.0,246.0,255.0
ED visit,2023-2024,2024,2023,"   Disruptive, impulse control and conduct disorders",Female,Agegroup:5–24years–95%CI,18.0,18.0,21.0
ED visit,2023-2024,2024,2023,"   Disruptive, impulse control and conduct disorders",Male,Agegroup:5–24years–95%CI,24.0,24.0,28.0
ED visit,2023-2024,2024,2023,"   Disruptive, impulse control and conduct disorders",Total,Agegroup:5–24years–95%CI,21.0,21.0,24.0
ED visit,2023-2024,2024,2023,   Eating and feeding disorders,Female,Agegroup:5–24years–95%CI,27.0,27.0,31.0
ED visit,2023-2024,2024,2023,   Eating and feeding disorders,Male,Agegroup:5–24years–95%CI,3.0,3.0,4.0
ED visit,2023-2024,2024,2023,   Eating and feeding disorders,Total,Agegroup:5–24years–95%CI,15.0,15.0,17.0
ED visit,2023-2024,2024,2023,   Tic disorders,Female,Agegroup:5–24years–95%CI,5.0,5.0,7.0
ED visit,2023-2024,2024,2023,   Tic disorders,Male,Agegroup:5–24years–95%CI,6.0,6.0,8.0
ED visit,2023-2024,2024,2023,   Tic disorders,Total,Agegroup:5–24years–95%CI,6.0,6.0,7.0
ED visit,2023-2024,2024,2023,   ADHD,Female,Agegroup:5–24years–95%CI,10.0,10.0,13.0
ED visit,2023-2024,2024,2023,   ADHD,Male,Agegroup:5–24years–95%CI,19.0,19.0,23.0
ED visit,2023-2024,2024,2023,   ADHD,Total,Agegroup:5–24years–95%CI,15.0,15.0,18.0
hospitalisation,2018-2019,2019,2018,Neurocognitive disorders,Female,Agegroup:5–9years–Rate,0.3,,
hospitalisation,2018-2019,2019,2018,Neurocognitive disorders,Male,Agegroup:5–9years–Rate,0.3,,
hospitalisation,2018-2019,2019,2018,Neurocognitive disorders,Total,Agegroup:5–9years–Rate,0.3,,
hospitalisation,2018-2019,2019,2018,Substance-related disorders,Female,Agegroup:5–9years–Rate,0.1,,
hospitalisation,2018-2019,2019,2018,Substance-related disorders,Male,Agegroup:5–9years–Rate,0.1,,
hospitalisation,2018-2019,2019,2018,Substance-related disorders,Total,Agegroup:5–9years–Rate,0.1,,
hospitalisation,2018-2019,2019,2018,Schizophrenic and psychotic disorders,Female,Agegroup:5–9years–Rate,0.1,,
hospitalisation,2018-2019,2019,2018,Schizophrenic and psychotic disorders,Male,Agegroup:5–9years–Rate,0.5,,
hospitalisation,2018-2019,2019,2018,Schizophrenic and psychotic disorders,Total,Agegroup:5–9years–Rate,0.3,,
hospitalisation,2018-2019,2019,2018,Mood disorders,Female,Agegroup:5–9years–Rate,1.1,,
hospitalisation,2018-2019,2019,2018,Mood disorders,Male,Agegroup:5–9years–Rate,3.2,,
hospitalisation,2018-2019,2019,2018,Mood disorders,Total,Agegroup:5–9years–Rate,2.2,,
hospitalisation,2018-2019,2019,2018,Anxiety disorders,Female,Agegroup:5–9years–Rate,3.4,,
hospitalisation,2018-2019,2019,2018,Anxiety disorders,Male,Agegroup:5–9years–Rate,4.1,,
hospitalisation,2018-2019,2019,2018,Anxiety disorders,Total,Agegroup:5–9years–Rate,3.8,,
hospitalisation,2018-2019,2019,2018,Personality disorders,Female,Agegroup:5–9years–Rate,0.0,,
hospitalisation,2018-2019,2019,2018,Personality disorders,Male,Agegroup:5–9years–Rate,0.3,,
hospitalisation,2018-2019,2019,2018,Personality disorders,Total,Agegroup:5–9years–Rate,0.1,,
hospitalisation,2018-2019,2019,2018,Other disorders,Female,Agegroup:5–9years–Rate,19.1,,
hospitalisation,2018-2019,2019,2018,Other disorders,Male,Agegroup:5–9years–Rate,45.5,,
hospitalisation,2018-2019,2019,2018,Other disorders,Total,Agegroup:5–9years–Rate,32.6,,
hospitalisation,2018-2019,2019,2018,   Trauma- and stressor-related disorders,Female,Agegroup:5–9years–Rate,3.7,,
hospitalisation,2018-2019,2019,2018,   Trauma- and stressor-related disorders,Male,Agegroup:5–9years–Rate,7.5,,
hospitalisation,2018-2019,2019,2018,   Trauma- and stressor-related disorders,Total,Agegroup:5–9years–Rate,5.7,,
hospitalisation,2018-2019,2019,2018,"   Disruptive, impulse control and conduct disorders",Female,Agegroup:5–9years–Rate,4.4,,
hospitalisation,2018-2019,2019,2018,"   Disruptive, impulse control and conduct disorders",Male,Agegroup:5–9years–Rate,12.1,,
hospitalisation,2018-2019,2019,2018,"   Disruptive, impulse control and conduct disorders",Total,Agegroup:5–9years–Rate,8.4,,
hospitalisation,2018-2019,2019,2018,   Eating and feeding disorders,Female,Agegroup:5–9years–Rate,1.5,,
hospitalisation,2018-2019,2019,2018,   Eating and feeding disorders,Male,Agegroup:5–9years–Rate,1.3,,
hospitalisation,2018-2019,2019,2018,   Eating and feeding disorders,Total,Agegroup:5–9years–Rate,1.4,,
hospitalisation,2018-2019,2019,2018,   Tic disorders,Female,Agegroup:5–9years–Rate,0.5,,
hospitalisation,2018-2019,2019,2018,   Tic disorders,Male,Agegroup:5–9years–Rate,1.4,,
hospitalisation,2018-2019,2019,2018,   Tic disorders,Total,Agegroup:5–9years–Rate,1.0,,
hospitalisation,2018-2019,2019,2018,   ADHD,Female,Agegroup:5–9years–Rate,4.4,,
hospitalisation,2018-2019,2019,2018,   ADHD,Male,Agegroup:5–9years–Rate,16.0,,
hospitalisation,2018-2019,2019,2018,   ADHD,Total,Agegroup:5–9years–Rate,10.4,,
hospitalisation,2019-2020,2020,2019,Neurocognitive disorders,Female,Agegroup:5–9years–Rate,0.4,,
hospitalisation,2019-2020,2020,2019,Neurocognitive disorders,Male,Agegroup:5–9years–Rate,0.3,,
hospitalisation,2019-2020,2020,2019,Neurocognitive disorders,Total,Agegroup:5–9years–Rate,0.3,,
hospitalisation,2019-2020,2020,2019,Substance-related disorders,Female,Agegroup:5–9years–Rate,0.1,,
hospitalisation,2019-2020,2020,2019,Substance-related disorders,Male,Agegroup:5–9years–Rate,0.2,,
hospitalisation,2019-2020,2020,2019,Substance-related disorders,Total,Agegroup:5–9years–Rate,0.1,,
hospitalisation,2019-2020,2020,2019,Schizophrenic and psychotic disorders,Female,Agegroup:5–9years–Rate,0.3,,
hospitalisation,2019-2020,2020,2019,Schizophrenic and psychotic disorders,Male,Agegroup:5–9years–Rate,0.4,,
hospitalisation,2019-2020,2020,2019,Schizophrenic and psychotic disorders,Total,Agegroup:5–9years–Rate,0.3,,
hospitalisation,2019-2020,2020,2019,Mood disorders,Female,Agegroup:5–9years–Rate,1.5,,
hospitalisation,2019-2020,2020,2019,Mood disorders,Male,Agegroup:5–9years–Rate,2.5,,
hospitalisation,2019-2020,2020,2019,Mood disorders,Total,Agegroup:5–9years–Rate,2.0,,
hospitalisation,2019-2020,2020,2019,Anxiety disorders,Female,Agegroup:5–9years–Rate,3.4,,
hospitalisation,2019-2020,2020,2019,Anxiety disorders,Male,Agegroup:5–9years–Rate,3.6,,
hospitalisation,2019-2020,2020,2019,Anxiety disorders,Total,Agegroup:5–9years–Rate,3.5,,
hospitalisation,2019-2020,2020,2019,Personality disorders,Female,Agegroup:5–9years–Rate,0.2,,
hospitalisation,2019-2020,2020,2019,Personality disorders,Male,Agegroup:5–9years–Rate,0.1,,
hospitalisation,2019-2020,2020,2019,Personality disorders,Total,Agegroup:5–9years–Rate,0.1,,
hospitalisation,2019-2020,2020,2019,Other disorders,Female,Agegroup:5–9years–Rate,17.8,,
hospitalisation,2019-2020,2020,2019,Other disorders,Male,Agegroup:5–9years–Rate,42.1,,
hospitalisation,2019-2020,2020,2019,Other disorders,Total,Agegroup:5–9years–Rate,30.2,,
hospitalisation,2019-2020,2020,2019,   Trauma- and stressor-related disorders,Female,Agegroup:5–9years–Rate,3.6,,
hospitalisation,2019-2020,2020,2019,   Trauma- and stressor-related disorders,Male,Agegroup:5–9years–Rate,5.7,,
hospitalisation,2019-2020,2020,2019,   Trauma- and stressor-related disorders,Total,Agegroup:5–9years–Rate,4.7,,
hospitalisation,2019-2020,2020,2019,"   Disruptive, impulse control and conduct disorders",Female,Agegroup:5–9years–Rate,2.6,,
hospitalisation,2019-2020,2020,2019,"   Disruptive, impulse control and conduct disorders",Male,Agegroup:5–9years–Rate,11.0,,
hospitalisation,2019-2020,2020,2019,"   Disruptive, impulse control and conduct disorders",Total,Agegroup:5–9years–Rate,6.9,,
hospitalisation,2019-2020,2020,2019,   Eating and feeding disorders,Female,Agegroup:5–9years–Rate,2.0,,
hospitalisation,2019-2020,2020,2019,   Eating and feeding disorders,Male,Agegroup:5–9years–Rate,1.1,,
hospitalisation,2019-2020,2020,2019,   Eating and feeding disorders,Total,Agegroup:5–9years–Rate,1.6,,
hospitalisation,2019-2020,2020,2019,   Tic disorders,Female,Agegroup:5–9years–Rate,0.3,,
hospitalisation,2019-2020,2020,2019,   Tic disorders,Male,Agegroup:5–9years–Rate,1.5,,
hospitalisation,2019-2020,2020,2019,   Tic disorders,Total,Agegroup:5–9years–Rate,0.9,,
hospitalisation,2019-2020,2020,2019,   ADHD,Female,Agegroup:5–9years–Rate,4.1,,
hospitalisation,2019-2020,2020,2019,   ADHD,Male,Agegroup:5–9years–Rate,15.0,,
hospitalisation,2019-2020,2020,2019,   ADHD,Total,Agegroup:5–9years–Rate,9.7,,
hospitalisation,2020-2021,2021,2020,Neurocognitive disorders,Female,Agegroup:5–9years–Rate,0.1,,
hospitalisation,2020-2021,2021,2020,Neurocognitive disorders,Male,Agegroup:5–9years–Rate,0.0,,
hospitalisation,2020-2021,2021,2020,Neurocognitive disorders,Total,Agegroup:5–9years–Rate,0.0,,
hospitalisation,2020-2021,2021,2020,Substance-related disorders,Female,Agegroup:5–9years–Rate,0.2,,
hospitalisation,2020-2021,2021,2020,Substance-related disorders,Male,Agegroup:5–9years–Rate,0.7,,
hospitalisation,2020-2021,2021,2020,Substance-related disorders,Total,Agegroup:5–9years–Rate,0.4,,
hospitalisation,2020-2021,2021,2020,Schizophrenic and psychotic disorders,Female,Agegroup:5–9years–Rate,0.1,,
hospitalisation,2020-2021,2021,2020,Schizophrenic and psychotic disorders,Male,Agegroup:5–9years–Rate,0.2,,
hospitalisation,2020-2021,2021,2020,Schizophrenic and psychotic disorders,Total,Agegroup:5–9years–Rate,0.1,,
hospitalisation,2020-2021,2021,2020,Mood disorders,Female,Agegroup:5–9years–Rate,0.9,,
hospitalisation,2020-2021,2021,2020,Mood disorders,Male,Agegroup:5–9years–Rate,1.0,,
hospitalisation,2020-2021,2021,2020,Mood disorders,Total,Agegroup:5–9years–Rate,1.0,,
hospitalisation,2020-2021,2021,2020,Anxiety disorders,Female,Agegroup:5–9years–Rate,1.4,,
hospitalisation,2020-2021,2021,2020,Anxiety disorders,Male,Agegroup:5–9years–Rate,1.2,,
hospitalisation,2020-2021,2021,2020,Anxiety disorders,Total,Agegroup:5–9years–Rate,1.3,,
hospitalisation,2020-2021,2021,2020,Personality disorders,Female,Agegroup:5–9years–Rate,0.3,,
hospitalisation,2020-2021,2021,2020,Personality disorders,Male,Agegroup:5–9years–Rate,0.3,,
hospitalisation,2020-2021,2021,2020,Personality disorders,Total,Agegroup:5–9years–Rate,0.3,,
hospitalisation,2020-2021,2021,2020,Other disorders,Female,Agegroup:5–9years–Rate,11.9,,
hospitalisation,2020-2021,2021,2020,Other disorders,Male,Agegroup:5–9years–Rate,26.5,,
hospitalisation,2020-2021,2021,2020,Other disorders,Total,Agegroup:5–9years–Rate,19.4,,
hospitalisation,2020-2021,2021,2020,   Trauma- and stressor-related disorders,Female,Agegroup:5–9years–Rate,2.5,,
hospitalisation,2020-2021,2021,2020,   Trauma- and stressor-related disorders,Male,Agegroup:5–9years–Rate,2.8,,
hospitalisation,2020-2021,2021,2020,   Trauma- and stressor-related disorders,Total,Agegroup:5–9years–Rate,2.7,,
hospitalisation,2020-2021,2021,2020,"   Disruptive, impulse control and conduct disorders",Female,Agegroup:5–9years–Rate,2.4,,
hospitalisation,2020-2021,2021,2020,"   Disruptive, impulse control and conduct disorders",Male,Agegroup:5–9years–Rate,7.9,,
hospitalisation,2020-2021,2021,2020,"   Disruptive, impulse control and conduct disorders",Total,Agegroup:5–9years–Rate,5.2,,
hospitalisation,2020-2021,2021,2020,   Eating and feeding disorders,Female,Agegroup:5–9years–Rate,1.7,,
hospitalisation,2020-2021,2021,2020,   Eating and feeding disorders,Male,Agegroup:5–9years–Rate,0.7,,
hospitalisation,2020-2021,2021,2020,   Eating and feeding disorders,Total,Agegroup:5–9years–Rate,1.2,,
hospitalisation,2020-2021,2021,2020,   Tic disorders,Female,Agegroup:5–9years–Rate,0.0,,
hospitalisation,2020-2021,2021,2020,   Tic disorders,Male,Agegroup:5–9years–Rate,0.9,,
hospitalisation,2020-2021,2021,2020,   Tic disorders,Total,Agegroup:5–9years–Rate,0.5,,
hospitalisation,2020-2021,2021,2020,   ADHD,Female,Agegroup:5–9years–Rate,2.2,,
hospitalisation,2020-2021,2021,2020,   ADHD,Male,Agegroup:5–9years–Rate,9.3,,
hospitalisation,2020-2021,2021,2020,   ADHD,Total,Agegroup:5–9years–Rate,5.9,,
hospitalisation,2021-2022,2022,2021,Neurocognitive disorders,Female,Agegroup:5–9years–Rate,0.0,,
hospitalisation,2021-2022,2022,2021,Neurocognitive disorders,Male,Agegroup:5–9years–Rate,0.2,,
hospitalisation,2021-2022,2022,2021,Neurocognitive disorders,Total,Agegroup:5–9years–Rate,0.1,,
hospitalisation,2021-2022,2022,2021,Substance-related disorders,Female,Agegroup:5–9years–Rate,0.3,,
hospitalisation,2021-2022,2022,2021,Substance-related disorders,Male,Agegroup:5–9years–Rate,0.2,,
hospitalisation,2021-2022,2022,2021,Substance-related disorders,Total,Agegroup:5–9years–Rate,0.2,,
hospitalisation,2021-2022,2022,2021,Schizophrenic and psychotic disorders,Female,Agegroup:5–9years–Rate,0.1,,
hospitalisation,2021-2022,2022,2021,Schizophrenic and psychotic disorders,Male,Agegroup:5–9years–Rate,0.3,,
hospitalisation,2021-2022,2022,2021,Schizophrenic and psychotic disorders,Total,Agegroup:5–9years–Rate,0.2,,
hospitalisation,2021-2022,2022,2021,Mood disorders,Female,Agegroup:5–9years–Rate,0.8,,
hospitalisation,2021-2022,2022,2021,Mood disorders,Male,Agegroup:5–9years–Rate,1.5,,
hospitalisation,2021-2022,2022,2021,Mood disorders,Total,Agegroup:5–9years–Rate,1.2,,
hospitalisation,2021-2022,2022,2021,Anxiety disorders,Female,Agegroup:5–9years–Rate,1.6,,
hospitalisation,2021-2022,2022,2021,Anxiety disorders,Male,Agegroup:5–9years–Rate,1.7,,
hospitalisation,2021-2022,2022,2021,Anxiety disorders,Total,Agegroup:5–9years–Rate,1.6,,
hospitalisation,2021-2022,2022,2021,Personality disorders,Female,Agegroup:5–9years–Rate,0.3,,
hospitalisation,2021-2022,2022,2021,Personality disorders,Male,Agegroup:5–9years–Rate,0.1,,
hospitalisation,2021-2022,2022,2021,Personality disorders,Total,Agegroup:5–9years–Rate,0.2,,
hospitalisation,2021-2022,2022,2021,Other disorders,Female,Agegroup:5–9years–Rate,12.4,,
hospitalisation,2021-2022,2022,2021,Other disorders,Male,Agegroup:5–9years–Rate,28.0,,
hospitalisation,2021-2022,2022,2021,Other disorders,Total,Agegroup:5–9years–Rate,20.4,,
hospitalisation,2021-2022,2022,2021,   Trauma- and stressor-related disorders,Female,Agegroup:5–9years–Rate,2.2,,
hospitalisation,2021-2022,2022,2021,   Trauma- and stressor-related disorders,Male,Agegroup:5–9years–Rate,3.9,,
hospitalisation,2021-2022,2022,2021,   Trauma- and stressor-related disorders,Total,Agegroup:5–9years–Rate,3.0,,
hospitalisation,2021-2022,2022,2021,"   Disruptive, impulse control and conduct disorders",Female,Agegroup:5–9years–Rate,2.0,,
hospitalisation,2021-2022,2022,2021,"   Disruptive, impulse control and conduct disorders",Male,Agegroup:5–9years–Rate,6.4,,
hospitalisation,2021-2022,2022,2021,"   Disruptive, impulse control and conduct disorders",Total,Agegroup:5–9years–Rate,4.2,,
hospitalisation,2021-2022,2022,2021,   Eating and feeding disorders,Female,Agegroup:5–9years–Rate,1.9,,
hospitalisation,2021-2022,2022,2021,   Eating and feeding disorders,Male,Agegroup:5–9years–Rate,0.8,,
hospitalisation,2021-2022,2022,2021,   Eating and feeding disorders,Total,Agegroup:5–9years–Rate,1.4,,
hospitalisation,2021-2022,2022,2021,   Tic disorders,Female,Agegroup:5–9years–Rate,0.2,,
hospitalisation,2021-2022,2022,2021,   Tic disorders,Male,Agegroup:5–9years–Rate,0.8,,
hospitalisation,2021-2022,2022,2021,   Tic disorders,Total,Agegroup:5–9years–Rate,0.5,,
hospitalisation,2021-2022,2022,2021,   ADHD,Female,Agegroup:5–9years–Rate,2.6,,
hospitalisation,2021-2022,2022,2021,   ADHD,Male,Agegroup:5–9years–Rate,9.7,,
hospitalisation,2021-2022,2022,2021,   ADHD,Total,Agegroup:5–9years–Rate,6.2,,
hospitalisation,2022-2023,2023,2022,Neurocognitive disorders,Female,Agegroup:5–9years–Rate,0.1,,
hospitalisation,2022-2023,2023,2022,Neurocognitive disorders,Male,Agegroup:5–9years–Rate,0.3,,
hospitalisation,2022-2023,2023,2022,Neurocognitive disorders,Total,Agegroup:5–9years–Rate,0.2,,
hospitalisation,2022-2023,2023,2022,Substance-related disorders,Female,Agegroup:5–9years–Rate,0.2,,
hospitalisation,2022-2023,2023,2022,Substance-related disorders,Male,Agegroup:5–9years–Rate,0.4,,
hospitalisation,2022-2023,2023,2022,Substance-related disorders,Total,Agegroup:5–9years–Rate,0.3,,
hospitalisation,2022-2023,2023,2022,Schizophrenic and psychotic disorders,Female,Agegroup:5–9years–Rate,0.1,,
hospitalisation,2022-2023,2023,2022,Schizophrenic and psychotic disorders,Male,Agegroup:5–9years–Rate,0.2,,
hospitalisation,2022-2023,2023,2022,Schizophrenic and psychotic disorders,Total,Agegroup:5–9years–Rate,0.1,,
hospitalisation,2022-2023,2023,2022,Mood disorders,Female,Agegroup:5–9years–Rate,0.4,,
hospitalisation,2022-2023,2023,2022,Mood disorders,Male,Agegroup:5–9years–Rate,1.2,,
hospitalisation,2022-2023,2023,2022,Mood disorders,Total,Agegroup:5–9years–Rate,0.8,,
hospitalisation,2022-2023,2023,2022,Anxiety disorders,Female,Agegroup:5–9years–Rate,0.7,,
hospitalisation,2022-2023,2023,2022,Anxiety disorders,Male,Agegroup:5–9years–Rate,1.3,,
hospitalisation,2022-2023,2023,2022,Anxiety disorders,Total,Agegroup:5–9years–Rate,1.0,,
hospitalisation,2022-2023,2023,2022,Personality disorders,Female,Agegroup:5–9years–Rate,0.1,,
hospitalisation,2022-2023,2023,2022,Personality disorders,Male,Agegroup:5–9years–Rate,0.3,,
hospitalisation,2022-2023,2023,2022,Personality disorders,Total,Agegroup:5–9years–Rate,0.2,,
hospitalisation,2022-2023,2023,2022,Other disorders,Female,Agegroup:5–9years–Rate,12.3,,
hospitalisation,2022-2023,2023,2022,Other disorders,Male,Agegroup:5–9years–Rate,24.9,,
hospitalisation,2022-2023,2023,2022,Other disorders,Total,Agegroup:5–9years–Rate,18.7,,
hospitalisation,2022-2023,2023,2022,   Trauma- and stressor-related disorders,Female,Agegroup:5–9years–Rate,2.3,,
hospitalisation,2022-2023,2023,2022,   Trauma- and stressor-related disorders,Male,Agegroup:5–9years–Rate,3.0,,
hospitalisation,2022-2023,2023,2022,   Trauma- and stressor-related disorders,Total,Agegroup:5–9years–Rate,2.6,,
hospitalisation,2022-2023,2023,2022,"   Disruptive, impulse control and conduct disorders",Female,Agegroup:5–9years–Rate,1.8,,
hospitalisation,2022-2023,2023,2022,"   Disruptive, impulse control and conduct disorders",Male,Agegroup:5–9years–Rate,5.6,,
hospitalisation,2022-2023,2023,2022,"   Disruptive, impulse control and conduct disorders",Total,Agegroup:5–9years–Rate,3.7,,
hospitalisation,2022-2023,2023,2022,   Eating and feeding disorders,Female,Agegroup:5–9years–Rate,1.9,,
hospitalisation,2022-2023,2023,2022,   Eating and feeding disorders,Male,Agegroup:5–9years–Rate,1.4,,
hospitalisation,2022-2023,2023,2022,   Eating and feeding disorders,Total,Agegroup:5–9years–Rate,1.6,,
hospitalisation,2022-2023,2023,2022,   Tic disorders,Female,Agegroup:5–9years–Rate,0.0,,
hospitalisation,2022-2023,2023,2022,   Tic disorders,Male,Agegroup:5–9years–Rate,0.7,,
hospitalisation,2022-2023,2023,2022,   Tic disorders,Total,Agegroup:5–9years–Rate,0.3,,
hospitalisation,2022-2023,2023,2022,   ADHD,Female,Agegroup:5–9years–Rate,3.1,,
hospitalisation,2022-2023,2023,2022,   ADHD,Male,Agegroup:5–9years–Rate,8.8,,
hospitalisation,2022-2023,2023,2022,   ADHD,Total,Agegroup:5–9years–Rate,6.1,,
hospitalisation,2023-2024,2024,2023,Neurocognitive disorders,Female,Agegroup:5–9years–Rate,0.0,,
hospitalisation,2023-2024,2024,2023,Neurocognitive disorders,Male,Agegroup:5–9years–Rate,0.1,,
hospitalisation,2023-2024,2024,2023,Neurocognitive disorders,Total,Agegroup:5–9years–Rate,0.0,,
hospitalisation,2023-2024,2024,2023,Substance-related disorders,Female,Agegroup:5–9years–Rate,0.0,,
hospitalisation,2023-2024,2024,2023,Substance-related disorders,Male,Agegroup:5–9years–Rate,0.3,,
hospitalisation,2023-2024,2024,2023,Substance-related disorders,Total,Agegroup:5–9years–Rate,0.1,,
hospitalisation,2023-2024,2024,2023,Schizophrenic and psychotic disorders,Female,Agegroup:5–9years–Rate,0.1,,
hospitalisation,2023-2024,2024,2023,Schizophrenic and psychotic disorders,Male,Agegroup:5–9years–Rate,0.2,,
hospitalisation,2023-2024,2024,2023,Schizophrenic and psychotic disorders,Total,Agegroup:5–9years–Rate,0.1,,
hospitalisation,2023-2024,2024,2023,Mood disorders,Female,Agegroup:5–9years–Rate,0.7,,
hospitalisation,2023-2024,2024,2023,Mood disorders,Male,Agegroup:5–9years–Rate,0.7,,
hospitalisation,2023-2024,2024,2023,Mood disorders,Total,Agegroup:5–9years–Rate,0.7,,
hospitalisation,2023-2024,2024,2023,Anxiety disorders,Female,Agegroup:5–9years–Rate,1.5,,
hospitalisation,2023-2024,2024,2023,Anxiety disorders,Male,Agegroup:5–9years–Rate,2.2,,
hospitalisation,2023-2024,2024,2023,Anxiety disorders,Total,Agegroup:5–9years–Rate,1.9,,
hospitalisation,2023-2024,2024,2023,Personality disorders,Female,Agegroup:5–9years–Rate,0.4,,
hospitalisation,2023-2024,2024,2023,Personality disorders,Male,Agegroup:5–9years–Rate,0.2,,
hospitalisation,2023-2024,2024,2023,Personality disorders,Total,Agegroup:5–9years–Rate,0.3,,
hospitalisation,2023-2024,2024,2023,Other disorders,Female,Agegroup:5–9years–Rate,14.1,,
hospitalisation,2023-2024,2024,2023,Other disorders,Male,Agegroup:5–9years–Rate,26.9,,
hospitalisation,2023-2024,2024,2023,Other disorders,Total,Agegroup:5–9years–Rate,20.7,,
hospitalisation,2023-2024,2024,2023,   Trauma- and stressor-related disorders,Female,Agegroup:5–9years–Rate,1.6,,
hospitalisation,2023-2024,2024,2023,   Trauma- and stressor-related disorders,Male,Agegroup:5–9years–Rate,3.3,,
hospitalisation,2023-2024,2024,2023,   Trauma- and stressor-related disorders,Total,Agegroup:5–9years–Rate,2.5,,
hospitalisation,2023-2024,2024,2023,"   Disruptive, impulse control and conduct disorders",Female,Agegroup:5–9years–Rate,1.5,,
hospitalisation,2023-2024,2024,2023,"   Disruptive, impulse control and conduct disorders",Male,Agegroup:5–9years–Rate,6.0,,
hospitalisation,2023-2024,2024,2023,"   Disruptive, impulse control and conduct disorders",Total,Agegroup:5–9years–Rate,3.8,,
hospitalisation,2023-2024,2024,2023,   Eating and feeding disorders,Female,Agegroup:5–9years–Rate,2.7,,
hospitalisation,2023-2024,2024,2023,   Eating and feeding disorders,Male,Agegroup:5–9years–Rate,1.1,,
hospitalisation,2023-2024,2024,2023,   Eating and feeding disorders,Total,Agegroup:5–9years–Rate,1.9,,
hospitalisation,2023-2024,2024,2023,   Tic disorders,Female,Agegroup:5–9years–Rate,0.4,,
hospitalisation,2023-2024,2024,2023,   Tic disorders,Male,Agegroup:5–9years–Rate,0.6,,
hospitalisation,2023-2024,2024,2023,   Tic disorders,Total,Agegroup:5–9years–Rate,0.5,,
hospitalisation,2023-2024,2024,2023,   ADHD,Female,Agegroup:5–9years–Rate,3.0,,
hospitalisation,2023-2024,2024,2023,   ADHD,Male,Agegroup:5–9years–Rate,9.3,,
hospitalisation,2023-2024,2024,2023,   ADHD,Total,Agegroup:5–9years–Rate,6.2,,
hospitalisation,2018-2019,2019,2018,Neurocognitive disorders,Female,Agegroup:5–9years–95%CI,0.0,0.0,1.0
hospitalisation,2018-2019,2019,2018,Neurocognitive disorders,Male,Agegroup:5–9years–95%CI,0.0,0.0,1.0
hospitalisation,2018-2019,2019,2018,Neurocognitive disorders,Total,Agegroup:5–9years–95%CI,0.0,0.0,1.0
hospitalisation,2018-2019,2019,2018,Substance-related disorders,Female,Agegroup:5–9years–95%CI,0.0,0.0,0.0
hospitalisation,2018-2019,2019,2018,Substance-related disorders,Male,Agegroup:5–9years–95%CI,0.0,0.0,0.0
hospitalisation,2018-2019,2019,2018,Substance-related disorders,Total,Agegroup:5–9years–95%CI,0.0,0.0,0.0
hospitalisation,2018-2019,2019,2018,Schizophrenic and psychotic disorders,Female,Agegroup:5–9years–95%CI,0.0,0.0,0.0
hospitalisation,2018-2019,2019,2018,Schizophrenic and psychotic disorders,Male,Agegroup:5–9years–95%CI,0.0,0.0,1.0
hospitalisation,2018-2019,2019,2018,Schizophrenic and psychotic disorders,Total,Agegroup:5–9years–95%CI,0.0,0.0,1.0
hospitalisation,2018-2019,2019,2018,Mood disorders,Female,Agegroup:5–9years–95%CI,0.0,0.0,2.0
hospitalisation,2018-2019,2019,2018,Mood disorders,Male,Agegroup:5–9years–95%CI,2.0,2.0,4.0
hospitalisation,2018-2019,2019,2018,Mood disorders,Total,Agegroup:5–9years–95%CI,2.0,2.0,3.0
hospitalisation,2018-2019,2019,2018,Anxiety disorders,Female,Agegroup:5–9years–95%CI,2.0,2.0,5.0
hospitalisation,2018-2019,2019,2018,Anxiety disorders,Male,Agegroup:5–9years–95%CI,3.0,3.0,5.0
hospitalisation,2018-2019,2019,2018,Anxiety disorders,Total,Agegroup:5–9years–95%CI,3.0,3.0,5.0
hospitalisation,2018-2019,2019,2018,Personality disorders,Female,Agegroup:5–9years–95%CI,0.0,0.0,0.0
hospitalisation,2018-2019,2019,2018,Personality disorders,Male,Agegroup:5–9years–95%CI,0.0,0.0,1.0
hospitalisation,2018-2019,2019,2018,Personality disorders,Total,Agegroup:5–9years–95%CI,0.0,0.0,0.0
hospitalisation,2018-2019,2019,2018,Other disorders,Female,Agegroup:5–9years–95%CI,16.0,16.0,22.0
hospitalisation,2018-2019,2019,2018,Other disorders,Male,Agegroup:5–9years–95%CI,41.0,41.0,50.0
hospitalisation,2018-2019,2019,2018,Other disorders,Total,Agegroup:5–9years–95%CI,30.0,30.0,35.0
hospitalisation,2018-2019,2019,2018,   Trauma- and stressor-related disorders,Female,Agegroup:5–9years–95%CI,3.0,3.0,5.0
hospitalisation,2018-2019,2019,2018,   Trauma- and stressor-related disorders,Male,Agegroup:5–9years–95%CI,6.0,6.0,9.0
hospitalisation,2018-2019,2019,2018,   Trauma- and stressor-related disorders,Total,Agegroup:5–9years–95%CI,5.0,5.0,7.0
hospitalisation,2018-2019,2019,2018,"   Disruptive, impulse control and conduct disorders",Female,Agegroup:5–9years–95%CI,3.0,3.0,6.0
hospitalisation,2018-2019,2019,2018,"   Disruptive, impulse control and conduct disorders",Male,Agegroup:5–9years–95%CI,10.0,10.0,14.0
hospitalisation,2018-2019,2019,2018,"   Disruptive, impulse control and conduct disorders",Total,Agegroup:5–9years–95%CI,7.0,7.0,10.0
hospitalisation,2018-2019,2019,2018,   Eating and feeding disorders,Female,Agegroup:5–9years–95%CI,1.0,1.0,2.0
hospitalisation,2018-2019,2019,2018,   Eating and feeding disorders,Male,Agegroup:5–9years–95%CI,1.0,1.0,2.0
hospitalisation,2018-2019,2019,2018,   Eating and feeding disorders,Total,Agegroup:5–9years–95%CI,1.0,1.0,2.0
hospitalisation,2018-2019,2019,2018,   Tic disorders,Female,Agegroup:5–9years–95%CI,0.0,0.0,1.0
hospitalisation,2018-2019,2019,2018,   Tic disorders,Male,Agegroup:5–9years–95%CI,1.0,1.0,2.0
hospitalisation,2018-2019,2019,2018,   Tic disorders,Total,Agegroup:5–9years–95%CI,1.0,1.0,1.0
hospitalisation,2018-2019,2019,2018,   ADHD,Female,Agegroup:5–9years–95%CI,3.0,3.0,6.0
hospitalisation,2018-2019,2019,2018,   ADHD,Male,Agegroup:5–9years–95%CI,14.0,14.0,18.0
hospitalisation,2018-2019,2019,2018,   ADHD,Total,Agegroup:5–9years–95%CI,9.0,9.0,12.0
hospitalisation,2019-2020,2020,2019,Neurocognitive disorders,Female,Agegroup:5–9years–95%CI,0.0,0.0,1.0
hospitalisation,2019-2020,2020,2019,Neurocognitive disorders,Male,Agegroup:5–9years–95%CI,0.0,0.0,1.0
hospitalisation,2019-2020,2020,2019,Neurocognitive disorders,Total,Agegroup:5–9years–95%CI,0.0,0.0,1.0
hospitalisation,2019-2020,2020,2019,Substance-related disorders,Female,Agegroup:5–9years–95%CI,0.0,0.0,0.0
hospitalisation,2019-2020,2020,2019,Substance-related disorders,Male,Agegroup:5–9years–95%CI,0.0,0.0,0.0
hospitalisation,2019-2020,2020,2019,Substance-related disorders,Total,Agegroup:5–9years–95%CI,0.0,0.0,0.0
hospitalisation,2019-2020,2020,2019,Schizophrenic and psychotic disorders,Female,Agegroup:5–9years–95%CI,0.0,0.0,1.0
hospitalisation,2019-2020,2020,2019,Schizophrenic and psychotic disorders,Male,Agegroup:5–9years–95%CI,0.0,0.0,1.0
hospitalisation,2019-2020,2020,2019,Schizophrenic and psychotic disorders,Total,Agegroup:5–9years–95%CI,0.0,0.0,1.0
hospitalisation,2019-2020,2020,2019,Mood disorders,Female,Agegroup:5–9years–95%CI,1.0,1.0,2.0
hospitalisation,2019-2020,2020,2019,Mood disorders,Male,Agegroup:5–9years–95%CI,2.0,2.0,3.0
hospitalisation,2019-2020,2020,2019,Mood disorders,Total,Agegroup:5–9years–95%CI,1.0,1.0,3.0
hospitalisation,2019-2020,2020,2019,Anxiety disorders,Female,Agegroup:5–9years–95%CI,2.0,2.0,5.0
hospitalisation,2019-2020,2020,2019,Anxiety disorders,Male,Agegroup:5–9years–95%CI,2.0,2.0,5.0
hospitalisation,2019-2020,2020,2019,Anxiety disorders,Total,Agegroup:5–9years–95%CI,3.0,3.0,4.0
hospitalisation,2019-2020,2020,2019,Personality disorders,Female,Agegroup:5–9years–95%CI,0.0,0.0,0.0
hospitalisation,2019-2020,2020,2019,Personality disorders,Male,Agegroup:5–9years–95%CI,0.0,0.0,0.0
hospitalisation,2019-2020,2020,2019,Personality disorders,Total,Agegroup:5–9years–95%CI,0.0,0.0,0.0
hospitalisation,2019-2020,2020,2019,Other disorders,Female,Agegroup:5–9years–95%CI,15.0,15.0,20.0
hospitalisation,2019-2020,2020,2019,Other disorders,Male,Agegroup:5–9years–95%CI,38.0,38.0,46.0
hospitalisation,2019-2020,2020,2019,Other disorders,Total,Agegroup:5–9years–95%CI,28.0,28.0,33.0
hospitalisation,2019-2020,2020,2019,   Trauma- and stressor-related disorders,Female,Agegroup:5–9years–95%CI,2.0,2.0,5.0
hospitalisation,2019-2020,2020,2019,   Trauma- and stressor-related disorders,Male,Agegroup:5–9years–95%CI,4.0,4.0,7.0
hospitalisation,2019-2020,2020,2019,   Trauma- and stressor-related disorders,Total,Agegroup:5–9years–95%CI,4.0,4.0,6.0
hospitalisation,2019-2020,2020,2019,"   Disruptive, impulse control and conduct disorders",Female,Agegroup:5–9years–95%CI,2.0,2.0,4.0
hospitalisation,2019-2020,2020,2019,"   Disruptive, impulse control and conduct disorders",Male,Agegroup:5–9years–95%CI,9.0,9.0,13.0
hospitalisation,2019-2020,2020,2019,"   Disruptive, impulse control and conduct disorders",Total,Agegroup:5–9years–95%CI,6.0,6.0,8.0
hospitalisation,2019-2020,2020,2019,   Eating and feeding disorders,Female,Agegroup:5–9years–95%CI,1.0,1.0,3.0
hospitalisation,2019-2020,2020,2019,   Eating and feeding disorders,Male,Agegroup:5–9years–95%CI,0.0,0.0,2.0
hospitalisation,2019-2020,2020,2019,   Eating and feeding disorders,Total,Agegroup:5–9years–95%CI,1.0,1.0,2.0
hospitalisation,2019-2020,2020,2019,   Tic disorders,Female,Agegroup:5–9years–95%CI,0.0,0.0,1.0
hospitalisation,2019-2020,2020,2019,   Tic disorders,Male,Agegroup:5–9years–95%CI,1.0,1.0,2.0
hospitalisation,2019-2020,2020,2019,   Tic disorders,Total,Agegroup:5–9years–95%CI,1.0,1.0,1.0
hospitalisation,2019-2020,2020,2019,   ADHD,Female,Agegroup:5–9years–95%CI,3.0,3.0,5.0
hospitalisation,2019-2020,2020,2019,   ADHD,Male,Agegroup:5–9years–95%CI,13.0,13.0,17.0
hospitalisation,2019-2020,2020,2019,   ADHD,Total,Agegroup:5–9years–95%CI,8.0,8.0,11.0
hospitalisation,2020-2021,2021,2020,Neurocognitive disorders,Female,Agegroup:5–9years–95%CI,0.0,0.0,0.0
hospitalisation,2020-2021,2021,2020,Neurocognitive disorders,Male,Agegroup:5–9years–95%CI,0.0,0.0,0.0
hospitalisation,2020-2021,2021,2020,Neurocognitive disorders,Total,Agegroup:5–9years–95%CI,0.0,0.0,0.0
hospitalisation,2020-2021,2021,2020,Substance-related disorders,Female,Agegroup:5–9years–95%CI,0.0,0.0,0.0
hospitalisation,2020-2021,2021,2020,Substance-related disorders,Male,Agegroup:5–9years–95%CI,0.0,0.0,1.0
hospitalisation,2020-2021,2021,2020,Substance-related disorders,Total,Agegroup:5–9years–95%CI,0.0,0.0,1.0
hospitalisation,2020-2021,2021,2020,Schizophrenic and psychotic disorders,Female,Agegroup:5–9years–95%CI,0.0,0.0,0.0
hospitalisation,2020-2021,2021,2020,Schizophrenic and psychotic disorders,Male,Agegroup:5–9years–95%CI,0.0,0.0,0.0
hospitalisation,2020-2021,2021,2020,Schizophrenic and psychotic disorders,Total,Agegroup:5–9years–95%CI,0.0,0.0,0.0
hospitalisation,2020-2021,2021,2020,Mood disorders,Female,Agegroup:5–9years–95%CI,0.0,0.0,1.0
hospitalisation,2020-2021,2021,2020,Mood disorders,Male,Agegroup:5–9years–95%CI,0.0,0.0,2.0
hospitalisation,2020-2021,2021,2020,Mood disorders,Total,Agegroup:5–9years–95%CI,1.0,1.0,1.0
hospitalisation,2020-2021,2021,2020,Anxiety disorders,Female,Agegroup:5–9years–95%CI,1.0,1.0,2.0
hospitalisation,2020-2021,2021,2020,Anxiety disorders,Male,Agegroup:5–9years–95%CI,1.0,1.0,2.0
hospitalisation,2020-2021,2021,2020,Anxiety disorders,Total,Agegroup:5–9years–95%CI,1.0,1.0,2.0
hospitalisation,2020-2021,2021,2020,Personality disorders,Female,Agegroup:5–9years–95%CI,0.0,0.0,1.0
hospitalisation,2020-2021,2021,2020,Personality disorders,Male,Agegroup:5–9years–95%CI,0.0,0.0,1.0
hospitalisation,2020-2021,2021,2020,Personality disorders,Total,Agegroup:5–9years–95%CI,0.0,0.0,1.0
hospitalisation,2020-2021,2021,2020,Other disorders,Female,Agegroup:5–9years–95%CI,10.0,10.0,14.0
hospitalisation,2020-2021,2021,2020,Other disorders,Male,Agegroup:5–9years–95%CI,23.0,23.0,30.0
hospitalisation,2020-2021,2021,2020,Other disorders,Total,Agegroup:5–9years–95%CI,17.0,17.0,21.0
hospitalisation,2020-2021,2021,2020,   Trauma- and stressor-related disorders,Female,Agegroup:5–9years–95%CI,2.0,2.0,3.0
hospitalisation,2020-2021,2021,2020,   Trauma- and stressor-related disorders,Male,Agegroup:5–9years–95%CI,2.0,2.0,4.0
hospitalisation,2020-2021,2021,2020,   Trauma- and stressor-related disorders,Total,Agegroup:5–9years–95%CI,2.0,2.0,3.0
hospitalisation,2020-2021,2021,2020,"   Disruptive, impulse control and conduct disorders",Female,Agegroup:5–9years–95%CI,1.0,1.0,3.0
hospitalisation,2020-2021,2021,2020,"   Disruptive, impulse control and conduct disorders",Male,Agegroup:5–9years–95%CI,6.0,6.0,10.0
hospitalisation,2020-2021,2021,2020,"   Disruptive, impulse control and conduct disorders",Total,Agegroup:5–9years–95%CI,4.0,4.0,6.0
hospitalisation,2020-2021,2021,2020,   Eating and feeding disorders,Female,Agegroup:5–9years–95%CI,1.0,1.0,2.0
hospitalisation,2020-2021,2021,2020,   Eating and feeding disorders,Male,Agegroup:5–9years–95%CI,0.0,0.0,1.0
hospitalisation,2020-2021,2021,2020,   Eating and feeding disorders,Total,Agegroup:5–9years–95%CI,1.0,1.0,2.0
hospitalisation,2020-2021,2021,2020,   Tic disorders,Female,Agegroup:5–9years–95%CI,0.0,0.0,0.0
hospitalisation,2020-2021,2021,2020,   Tic disorders,Male,Agegroup:5–9years–95%CI,0.0,0.0,2.0
hospitalisation,2020-2021,2021,2020,   Tic disorders,Total,Agegroup:5–9years–95%CI,0.0,0.0,1.0
hospitalisation,2020-2021,2021,2020,   ADHD,Female,Agegroup:5–9years–95%CI,1.0,1.0,3.0
hospitalisation,2020-2021,2021,2020,   ADHD,Male,Agegroup:5–9years–95%CI,7.0,7.0,11.0
hospitalisation,2020-2021,2021,2020,   ADHD,Total,Agegroup:5–9years–95%CI,5.0,5.0,7.0
hospitalisation,2021-2022,2022,2021,Neurocognitive disorders,Female,Agegroup:5–9years–95%CI,0.0,0.0,0.0
hospitalisation,2021-2022,2022,2021,Neurocognitive disorders,Male,Agegroup:5–9years–95%CI,0.0,0.0,0.0
hospitalisation,2021-2022,2022,2021,Neurocognitive disorders,Total,Agegroup:5–9years–95%CI,0.0,0.0,0.0
hospitalisation,2021-2022,2022,2021,Substance-related disorders,Female,Agegroup:5–9years–95%CI,0.0,0.0,1.0
hospitalisation,2021-2022,2022,2021,Substance-related disorders,Male,Agegroup:5–9years–95%CI,0.0,0.0,0.0
hospitalisation,2021-2022,2022,2021,Substance-related disorders,Total,Agegroup:5–9years–95%CI,0.0,0.0,0.0
hospitalisation,2021-2022,2022,2021,Schizophrenic and psychotic disorders,Female,Agegroup:5–9years–95%CI,0.0,0.0,0.0
hospitalisation,2021-2022,2022,2021,Schizophrenic and psychotic disorders,Male,Agegroup:5–9years–95%CI,0.0,0.0,1.0
hospitalisation,2021-2022,2022,2021,Schizophrenic and psychotic disorders,Total,Agegroup:5–9years–95%CI,0.0,0.0,0.0
hospitalisation,2021-2022,2022,2021,Mood disorders,Female,Agegroup:5–9years–95%CI,0.0,0.0,1.0
hospitalisation,2021-2022,2022,2021,Mood disorders,Male,Agegroup:5–9years–95%CI,1.0,1.0,2.0
hospitalisation,2021-2022,2022,2021,Mood disorders,Total,Agegroup:5–9years–95%CI,1.0,1.0,2.0
hospitalisation,2021-2022,2022,2021,Anxiety disorders,Female,Agegroup:5–9years–95%CI,1.0,1.0,2.0
hospitalisation,2021-2022,2022,2021,Anxiety disorders,Male,Agegroup:5–9years–95%CI,1.0,1.0,2.0
hospitalisation,2021-2022,2022,2021,Anxiety disorders,Total,Agegroup:5–9years–95%CI,1.0,1.0,2.0
hospitalisation,2021-2022,2022,2021,Personality disorders,Female,Agegroup:5–9years–95%CI,0.0,0.0,1.0
hospitalisation,2021-2022,2022,2021,Personality disorders,Male,Agegroup:5–9years–95%CI,0.0,0.0,0.0
hospitalisation,2021-2022,2022,2021,Personality disorders,Total,Agegroup:5–9years–95%CI,0.0,0.0,0.0
hospitalisation,2021-2022,2022,2021,Other disorders,Female,Agegroup:5–9years–95%CI,10.0,10.0,15.0
hospitalisation,2021-2022,2022,2021,Other disorders,Male,Agegroup:5–9years–95%CI,25.0,25.0,31.0
hospitalisation,2021-2022,2022,2021,Other disorders,Total,Agegroup:5–9years–95%CI,18.0,18.0,22.0
hospitalisation,2021-2022,2022,2021,   Trauma- and stressor-related disorders,Female,Agegroup:5–9years–95%CI,1.0,1.0,3.0
hospitalisation,2021-2022,2022,2021,   Trauma- and stressor-related disorders,Male,Agegroup:5–9years–95%CI,3.0,3.0,5.0
hospitalisation,2021-2022,2022,2021,   Trauma- and stressor-related disorders,Total,Agegroup:5–9years–95%CI,2.0,2.0,4.0
hospitalisation,2021-2022,2022,2021,"   Disruptive, impulse control and conduct disorders",Female,Agegroup:5–9years–95%CI,1.0,1.0,3.0
hospitalisation,2021-2022,2022,2021,"   Disruptive, impulse control and conduct disorders",Male,Agegroup:5–9years–95%CI,5.0,5.0,8.0
hospitalisation,2021-2022,2022,2021,"   Disruptive, impulse control and conduct disorders",Total,Agegroup:5–9years–95%CI,3.0,3.0,5.0
hospitalisation,2021-2022,2022,2021,   Eating and feeding disorders,Female,Agegroup:5–9years–95%CI,1.0,1.0,3.0
hospitalisation,2021-2022,2022,2021,   Eating and feeding disorders,Male,Agegroup:5–9years–95%CI,0.0,0.0,1.0
hospitalisation,2021-2022,2022,2021,   Eating and feeding disorders,Total,Agegroup:5–9years–95%CI,1.0,1.0,2.0
hospitalisation,2021-2022,2022,2021,   Tic disorders,Female,Agegroup:5–9years–95%CI,0.0,0.0,0.0
hospitalisation,2021-2022,2022,2021,   Tic disorders,Male,Agegroup:5–9years–95%CI,0.0,0.0,1.0
hospitalisation,2021-2022,2022,2021,   Tic disorders,Total,Agegroup:5–9years–95%CI,0.0,0.0,1.0
hospitalisation,2021-2022,2022,2021,   ADHD,Female,Agegroup:5–9years–95%CI,2.0,2.0,4.0
hospitalisation,2021-2022,2022,2021,   ADHD,Male,Agegroup:5–9years–95%CI,8.0,8.0,12.0
hospitalisation,2021-2022,2022,2021,   ADHD,Total,Agegroup:5–9years–95%CI,5.0,5.0,7.0
hospitalisation,2022-2023,2023,2022,Neurocognitive disorders,Female,Agegroup:5–9years–95%CI,0.0,0.0,0.0
hospitalisation,2022-2023,2023,2022,Neurocognitive disorders,Male,Agegroup:5–9years–95%CI,0.0,0.0,1.0
hospitalisation,2022-2023,2023,2022,Neurocognitive disorders,Total,Agegroup:5–9years–95%CI,0.0,0.0,0.0
hospitalisation,2022-2023,2023,2022,Substance-related disorders,Female,Agegroup:5–9years–95%CI,0.0,0.0,0.0
hospitalisation,2022-2023,2023,2022,Substance-related disorders,Male,Agegroup:5–9years–95%CI,0.0,0.0,1.0
hospitalisation,2022-2023,2023,2022,Substance-related disorders,Total,Agegroup:5–9years–95%CI,0.0,0.0,1.0
hospitalisation,2022-2023,2023,2022,Schizophrenic and psychotic disorders,Female,Agegroup:5–9years–95%CI,0.0,0.0,0.0
hospitalisation,2022-2023,2023,2022,Schizophrenic and psychotic disorders,Male,Agegroup:5–9years–95%CI,0.0,0.0,0.0
hospitalisation,2022-2023,2023,2022,Schizophrenic and psychotic disorders,Total,Agegroup:5–9years–95%CI,0.0,0.0,0.0
hospitalisation,2022-2023,2023,2022,Mood disorders,Female,Agegroup:5–9years–95%CI,0.0,0.0,1.0
hospitalisation,2022-2023,2023,2022,Mood disorders,Male,Agegroup:5–9years–95%CI,1.0,1.0,2.0
hospitalisation,2022-2023,2023,2022,Mood disorders,Total,Agegroup:5–9years–95%CI,0.0,0.0,1.0
hospitalisation,2022-2023,2023,2022,Anxiety disorders,Female,Agegroup:5–9years–95%CI,0.0,0.0,1.0
hospitalisation,2022-2023,2023,2022,Anxiety disorders,Male,Agegroup:5–9years–95%CI,1.0,1.0,2.0
hospitalisation,2022-2023,2023,2022,Anxiety disorders,Total,Agegroup:5–9years–95%CI,1.0,1.0,1.0
hospitalisation,2022-2023,2023,2022,Personality disorders,Female,Agegroup:5–9years–95%CI,0.0,0.0,0.0
hospitalisation,2022-2023,2023,2022,Personality disorders,Male,Agegroup:5–9years–95%CI,0.0,0.0,1.0
hospitalisation,2022-2023,2023,2022,Personality disorders,Total,Agegroup:5–9years–95%CI,0.0,0.0,0.0
hospitalisation,2022-2023,2023,2022,Other disorders,Female,Agegroup:5–9years–95%CI,10.0,10.0,14.0
hospitalisation,2022-2023,2023,2022,Other disorders,Male,Agegroup:5–9years–95%CI,22.0,22.0,28.0
hospitalisation,2022-2023,2023,2022,Other disorders,Total,Agegroup:5–9years–95%CI,17.0,17.0,21.0
hospitalisation,2022-2023,2023,2022,   Trauma- and stressor-related disorders,Female,Agegroup:5–9years–95%CI,1.0,1.0,3.0
hospitalisation,2022-2023,2023,2022,   Trauma- and stressor-related disorders,Male,Agegroup:5–9years–95%CI,2.0,2.0,4.0
hospitalisation,2022-2023,2023,2022,   Trauma- and stressor-related disorders,Total,Agegroup:5–9years–95%CI,2.0,2.0,3.0
hospitalisation,2022-2023,2023,2022,"   Disruptive, impulse control and conduct disorders",Female,Agegroup:5–9years–95%CI,1.0,1.0,3.0
hospitalisation,2022-2023,2023,2022,"   Disruptive, impulse control and conduct disorders",Male,Agegroup:5–9years–95%CI,4.0,4.0,7.0
hospitalisation,2022-2023,2023,2022,"   Disruptive, impulse control and conduct disorders",Total,Agegroup:5–9years–95%CI,3.0,3.0,5.0
hospitalisation,2022-2023,2023,2022,   Eating and feeding disorders,Female,Agegroup:5–9years–95%CI,1.0,1.0,3.0
hospitalisation,2022-2023,2023,2022,   Eating and feeding disorders,Male,Agegroup:5–9years–95%CI,1.0,1.0,2.0
hospitalisation,2022-2023,2023,2022,   Eating and feeding disorders,Total,Agegroup:5–9years–95%CI,1.0,1.0,2.0
hospitalisation,2022-2023,2023,2022,   Tic disorders,Female,Agegroup:5–9years–95%CI,0.0,0.0,0.0
hospitalisation,2022-2023,2023,2022,   Tic disorders,Male,Agegroup:5–9years–95%CI,0.0,0.0,1.0
hospitalisation,2022-2023,2023,2022,   Tic disorders,Total,Agegroup:5–9years–95%CI,0.0,0.0,1.0
hospitalisation,2022-2023,2023,2022,   ADHD,Female,Agegroup:5–9years–95%CI,2.0,2.0,4.0
hospitalisation,2022-2023,2023,2022,   ADHD,Male,Agegroup:5–9years–95%CI,7.0,7.0,11.0
hospitalisation,2022-2023,2023,2022,   ADHD,Total,Agegroup:5–9years–95%CI,5.0,5.0,7.0
hospitalisation,2023-2024,2024,2023,Neurocognitive disorders,Female,Agegroup:5–9years–95%CI,0.0,0.0,0.0
hospitalisation,2023-2024,2024,2023,Neurocognitive disorders,Male,Agegroup:5–9years–95%CI,0.0,0.0,0.0
hospitalisation,2023-2024,2024,2023,Neurocognitive disorders,Total,Agegroup:5–9years–95%CI,0.0,0.0,0.0
hospitalisation,2023-2024,2024,2023,Substance-related disorders,Female,Agegroup:5–9years–95%CI,0.0,0.0,0.0
hospitalisation,2023-2024,2024,2023,Substance-related disorders,Male,Agegroup:5–9years–95%CI,0.0,0.0,1.0
hospitalisation,2023-2024,2024,2023,Substance-related disorders,Total,Agegroup:5–9years–95%CI,0.0,0.0,0.0
hospitalisation,2023-2024,2024,2023,Schizophrenic and psychotic disorders,Female,Agegroup:5–9years–95%CI,0.0,0.0,0.0
hospitalisation,2023-2024,2024,2023,Schizophrenic and psychotic disorders,Male,Agegroup:5–9years–95%CI,0.0,0.0,0.0
hospitalisation,2023-2024,2024,2023,Schizophrenic and psychotic disorders,Total,Agegroup:5–9years–95%CI,0.0,0.0,0.0
hospitalisation,2023-2024,2024,2023,Mood disorders,Female,Agegroup:5–9years–95%CI,0.0,0.0,1.0
hospitalisation,2023-2024,2024,2023,Mood disorders,Male,Agegroup:5–9years–95%CI,0.0,0.0,1.0
hospitalisation,2023-2024,2024,2023,Mood disorders,Total,Agegroup:5–9years–95%CI,0.0,0.0,1.0
hospitalisation,2023-2024,2024,2023,Anxiety disorders,Female,Agegroup:5–9years–95%CI,1.0,1.0,2.0
hospitalisation,2023-2024,2024,2023,Anxiety disorders,Male,Agegroup:5–9years–95%CI,1.0,1.0,3.0
hospitalisation,2023-2024,2024,2023,Anxiety disorders,Total,Agegroup:5–9years–95%CI,1.0,1.0,2.0
hospitalisation,2023-2024,2024,2023,Personality disorders,Female,Agegroup:5–9years–95%CI,0.0,0.0,1.0
hospitalisation,2023-2024,2024,2023,Personality disorders,Male,Agegroup:5–9years–95%CI,0.0,0.0,0.0
hospitalisation,2023-2024,2024,2023,Personality disorders,Total,Agegroup:5–9years–95%CI,0.0,0.0,1.0
hospitalisation,2023-2024,2024,2023,Other disorders,Female,Agegroup:5–9years–95%CI,12.0,12.0,16.0
hospitalisation,2023-2024,2024,2023,Other disorders,Male,Agegroup:5–9years–95%CI,24.0,24.0,30.0
hospitalisation,2023-2024,2024,2023,Other disorders,Total,Agegroup:5–9years–95%CI,19.0,19.0,23.0
hospitalisation,2023-2024,2024,2023,   Trauma- and stressor-related disorders,Female,Agegroup:5–9years–95%CI,1.0,1.0,2.0
hospitalisation,2023-2024,2024,2023,   Trauma- and stressor-related disorders,Male,Agegroup:5–9years–95%CI,2.0,2.0,4.0
hospitalisation,2023-2024,2024,2023,   Trauma- and stressor-related disorders,Total,Agegroup:5–9years–95%CI,2.0,2.0,3.0
hospitalisation,2023-2024,2024,2023,"   Disruptive, impulse control and conduct disorders",Female,Agegroup:5–9years–95%CI,1.0,1.0,2.0
hospitalisation,2023-2024,2024,2023,"   Disruptive, impulse control and conduct disorders",Male,Agegroup:5–9years–95%CI,5.0,5.0,7.0
hospitalisation,2023-2024,2024,2023,"   Disruptive, impulse control and conduct disorders",Total,Agegroup:5–9years–95%CI,3.0,3.0,5.0
hospitalisation,2023-2024,2024,2023,   Eating and feeding disorders,Female,Agegroup:5–9years–95%CI,2.0,2.0,4.0
hospitalisation,2023-2024,2024,2023,   Eating and feeding disorders,Male,Agegroup:5–9years–95%CI,0.0,0.0,2.0
hospitalisation,2023-2024,2024,2023,   Eating and feeding disorders,Total,Agegroup:5–9years–95%CI,1.0,1.0,2.0
hospitalisation,2023-2024,2024,2023,   Tic disorders,Female,Agegroup:5–9years–95%CI,0.0,0.0,1.0
hospitalisation,2023-2024,2024,2023,   Tic disorders,Male,Agegroup:5–9years–95%CI,0.0,0.0,1.0
hospitalisation,2023-2024,2024,2023,   Tic disorders,Total,Agegroup:5–9years–95%CI,0.0,0.0,1.0
hospitalisation,2023-2024,2024,2023,   ADHD,Female,Agegroup:5–9years–95%CI,2.0,2.0,4.0
hospitalisation,2023-2024,2024,2023,   ADHD,Male,Agegroup:5–9years–95%CI,7.0,7.0,11.0
hospitalisation,2023-2024,2024,2023,   ADHD,Total,Agegroup:5–9years–95%CI,5.0,5.0,7.0
hospitalisation,2018-2019,2019,2018,Neurocognitive disorders,Female,Agegroup:10–14years–Rate,1.0,,
hospitalisation,2018-2019,2019,2018,Neurocognitive disorders,Male,Agegroup:10–14years–Rate,0.7,,
hospitalisation,2018-2019,2019,2018,Neurocognitive disorders,Total,Agegroup:10–14years–Rate,0.8,,
hospitalisation,2018-2019,2019,2018,Substance-related disorders,Female,Agegroup:10–14years–Rate,10.6,,
hospitalisation,2018-2019,2019,2018,Substance-related disorders,Male,Agegroup:10–14years–Rate,6.1,,
hospitalisation,2018-2019,2019,2018,Substance-related disorders,Total,Agegroup:10–14years–Rate,8.3,,
hospitalisation,2018-2019,2019,2018,Schizophrenic and psychotic disorders,Female,Agegroup:10–14years–Rate,8.9,,
hospitalisation,2018-2019,2019,2018,Schizophrenic and psychotic disorders,Male,Agegroup:10–14years–Rate,7.7,,
hospitalisation,2018-2019,2019,2018,Schizophrenic and psychotic disorders,Total,Agegroup:10–14years–Rate,8.3,,
hospitalisation,2018-2019,2019,2018,Mood disorders,Female,Agegroup:10–14years–Rate,138.4,,
hospitalisation,2018-2019,2019,2018,Mood disorders,Male,Agegroup:10–14years–Rate,37.9,,
hospitalisation,2018-2019,2019,2018,Mood disorders,Total,Agegroup:10–14years–Rate,86.9,,
hospitalisation,2018-2019,2019,2018,Anxiety disorders,Female,Agegroup:10–14years–Rate,58.2,,
hospitalisation,2018-2019,2019,2018,Anxiety disorders,Male,Agegroup:10–14years–Rate,22.9,,
hospitalisation,2018-2019,2019,2018,Anxiety disorders,Total,Agegroup:10–14years–Rate,40.2,,
hospitalisation,2018-2019,2019,2018,Personality disorders,Female,Agegroup:10–14years–Rate,16.5,,
hospitalisation,2018-2019,2019,2018,Personality disorders,Male,Agegroup:10–14years–Rate,1.9,,
hospitalisation,2018-2019,2019,2018,Personality disorders,Total,Agegroup:10–14years–Rate,9.0,,
hospitalisation,2018-2019,2019,2018,Other disorders,Female,Agegroup:10–14years–Rate,251.7,,
hospitalisation,2018-2019,2019,2018,Other disorders,Male,Agegroup:10–14years–Rate,142.6,,
hospitalisation,2018-2019,2019,2018,Other disorders,Total,Agegroup:10–14years–Rate,195.8,,
hospitalisation,2018-2019,2019,2018,   Trauma- and stressor-related disorders,Female,Agegroup:10–14years–Rate,142.5,,
hospitalisation,2018-2019,2019,2018,   Trauma- and stressor-related disorders,Male,Agegroup:10–14years–Rate,48.7,,
hospitalisation,2018-2019,2019,2018,   Trauma- and stressor-related disorders,Total,Agegroup:10–14years–Rate,94.5,,
hospitalisation,2018-2019,2019,2018,"   Disruptive, impulse control and conduct disorders",Female,Agegroup:10–14years–Rate,31.6,,
hospitalisation,2018-2019,2019,2018,"   Disruptive, impulse control and conduct disorders",Male,Agegroup:10–14years–Rate,32.4,,
hospitalisation,2018-2019,2019,2018,"   Disruptive, impulse control and conduct disorders",Total,Agegroup:10–14years–Rate,32.0,,
hospitalisation,2018-2019,2019,2018,   Eating and feeding disorders,Female,Agegroup:10–14years–Rate,36.0,,
hospitalisation,2018-2019,2019,2018,   Eating and feeding disorders,Male,Agegroup:10–14years–Rate,5.7,,
hospitalisation,2018-2019,2019,2018,   Eating and feeding disorders,Total,Agegroup:10–14years–Rate,20.5,,
hospitalisation,2018-2019,2019,2018,   Tic disorders,Female,Agegroup:10–14years–Rate,0.2,,
hospitalisation,2018-2019,2019,2018,   Tic disorders,Male,Agegroup:10–14years–Rate,2.2,,
hospitalisation,2018-2019,2019,2018,   Tic disorders,Total,Agegroup:10–14years–Rate,1.2,,
hospitalisation,2018-2019,2019,2018,   ADHD,Female,Agegroup:10–14years–Rate,20.2,,
hospitalisation,2018-2019,2019,2018,   ADHD,Male,Agegroup:10–14years–Rate,29.8,,
hospitalisation,2018-2019,2019,2018,   ADHD,Total,Agegroup:10–14years–Rate,25.1,,
hospitalisation,2019-2020,2020,2019,Neurocognitive disorders,Female,Agegroup:10–14years–Rate,0.3,,
hospitalisation,2019-2020,2020,2019,Neurocognitive disorders,Male,Agegroup:10–14years–Rate,1.1,,
hospitalisation,2019-2020,2020,2019,Neurocognitive disorders,Total,Agegroup:10–14years–Rate,0.7,,
hospitalisation,2019-2020,2020,2019,Substance-related disorders,Female,Agegroup:10–14years–Rate,11.6,,
hospitalisation,2019-2020,2020,2019,Substance-related disorders,Male,Agegroup:10–14years–Rate,6.4,,
hospitalisation,2019-2020,2020,2019,Substance-related disorders,Total,Agegroup:10–14years–Rate,8.9,,
hospitalisation,2019-2020,2020,2019,Schizophrenic and psychotic disorders,Female,Agegroup:10–14years–Rate,7.6,,
hospitalisation,2019-2020,2020,2019,Schizophrenic and psychotic disorders,Male,Agegroup:10–14years–Rate,5.2,,
hospitalisation,2019-2020,2020,2019,Schizophrenic and psychotic disorders,Total,Agegroup:10–14years–Rate,6.4,,
hospitalisation,2019-2020,2020,2019,Mood disorders,Female,Agegroup:10–14years–Rate,128.1,,
hospitalisation,2019-2020,2020,2019,Mood disorders,Male,Agegroup:10–14years–Rate,37.0,,
hospitalisation,2019-2020,2020,2019,Mood disorders,Total,Agegroup:10–14years–Rate,81.3,,
hospitalisation,2019-2020,2020,2019,Anxiety disorders,Female,Agegroup:10–14years–Rate,65.7,,
hospitalisation,2019-2020,2020,2019,Anxiety disorders,Male,Agegroup:10–14years–Rate,20.5,,
hospitalisation,2019-2020,2020,2019,Anxiety disorders,Total,Agegroup:10–14years–Rate,42.5,,
hospitalisation,2019-2020,2020,2019,Personality disorders,Female,Agegroup:10–14years–Rate,17.5,,
hospitalisation,2019-2020,2020,2019,Personality disorders,Male,Agegroup:10–14years–Rate,2.5,,
hospitalisation,2019-2020,2020,2019,Personality disorders,Total,Agegroup:10–14years–Rate,9.8,,
hospitalisation,2019-2020,2020,2019,Other disorders,Female,Agegroup:10–14years–Rate,242.0,,
hospitalisation,2019-2020,2020,2019,Other disorders,Male,Agegroup:10–14years–Rate,137.7,,
hospitalisation,2019-2020,2020,2019,Other disorders,Total,Agegroup:10–14years–Rate,188.4,,
hospitalisation,2019-2020,2020,2019,   Trauma- and stressor-related disorders,Female,Agegroup:10–14years–Rate,130.1,,
hospitalisation,2019-2020,2020,2019,   Trauma- and stressor-related disorders,Male,Agegroup:10–14years–Rate,41.8,,
hospitalisation,2019-2020,2020,2019,   Trauma- and stressor-related disorders,Total,Agegroup:10–14years–Rate,84.7,,
hospitalisation,2019-2020,2020,2019,"   Disruptive, impulse control and conduct disorders",Female,Agegroup:10–14years–Rate,28.7,,
hospitalisation,2019-2020,2020,2019,"   Disruptive, impulse control and conduct disorders",Male,Agegroup:10–14years–Rate,34.9,,
hospitalisation,2019-2020,2020,2019,"   Disruptive, impulse control and conduct disorders",Total,Agegroup:10–14years–Rate,31.9,,
hospitalisation,2019-2020,2020,2019,   Eating and feeding disorders,Female,Agegroup:10–14years–Rate,35.6,,
hospitalisation,2019-2020,2020,2019,   Eating and feeding disorders,Male,Agegroup:10–14years–Rate,5.9,,
hospitalisation,2019-2020,2020,2019,   Eating and feeding disorders,Total,Agegroup:10–14years–Rate,20.4,,
hospitalisation,2019-2020,2020,2019,   Tic disorders,Female,Agegroup:10–14years–Rate,0.6,,
hospitalisation,2019-2020,2020,2019,   Tic disorders,Male,Agegroup:10–14years–Rate,2.7,,
hospitalisation,2019-2020,2020,2019,   Tic disorders,Total,Agegroup:10–14years–Rate,1.7,,
hospitalisation,2019-2020,2020,2019,   ADHD,Female,Agegroup:10–14years–Rate,21.1,,
hospitalisation,2019-2020,2020,2019,   ADHD,Male,Agegroup:10–14years–Rate,32.0,,
hospitalisation,2019-2020,2020,2019,   ADHD,Total,Agegroup:10–14years–Rate,26.7,,
hospitalisation,2020-2021,2021,2020,Neurocognitive disorders,Female,Agegroup:10–14years–Rate,0.8,,
hospitalisation,2020-2021,2021,2020,Neurocognitive disorders,Male,Agegroup:10–14years–Rate,0.3,,
hospitalisation,2020-2021,2021,2020,Neurocognitive disorders,Total,Agegroup:10–14years–Rate,0.5,,
hospitalisation,2020-2021,2021,2020,Substance-related disorders,Female,Agegroup:10–14years–Rate,9.6,,
hospitalisation,2020-2021,2021,2020,Substance-related disorders,Male,Agegroup:10–14years–Rate,4.9,,
hospitalisation,2020-2021,2021,2020,Substance-related disorders,Total,Agegroup:10–14years–Rate,7.2,,
hospitalisation,2020-2021,2021,2020,Schizophrenic and psychotic disorders,Female,Agegroup:10–14years–Rate,7.4,,
hospitalisation,2020-2021,2021,2020,Schizophrenic and psychotic disorders,Male,Agegroup:10–14years–Rate,6.4,,
hospitalisation,2020-2021,2021,2020,Schizophrenic and psychotic disorders,Total,Agegroup:10–14years–Rate,6.9,,
hospitalisation,2020-2021,2021,2020,Mood disorders,Female,Agegroup:10–14years–Rate,146.0,,
hospitalisation,2020-2021,2021,2020,Mood disorders,Male,Agegroup:10–14years–Rate,26.0,,
hospitalisation,2020-2021,2021,2020,Mood disorders,Total,Agegroup:10–14years–Rate,84.3,,
hospitalisation,2020-2021,2021,2020,Anxiety disorders,Female,Agegroup:10–14years–Rate,66.1,,
hospitalisation,2020-2021,2021,2020,Anxiety disorders,Male,Agegroup:10–14years–Rate,14.9,,
hospitalisation,2020-2021,2021,2020,Anxiety disorders,Total,Agegroup:10–14years–Rate,39.8,,
hospitalisation,2020-2021,2021,2020,Personality disorders,Female,Agegroup:10–14years–Rate,18.1,,
hospitalisation,2020-2021,2021,2020,Personality disorders,Male,Agegroup:10–14years–Rate,2.1,,
hospitalisation,2020-2021,2021,2020,Personality disorders,Total,Agegroup:10–14years–Rate,9.9,,
hospitalisation,2020-2021,2021,2020,Other disorders,Female,Agegroup:10–14years–Rate,252.6,,
hospitalisation,2020-2021,2021,2020,Other disorders,Male,Agegroup:10–14years–Rate,96.1,,
hospitalisation,2020-2021,2021,2020,Other disorders,Total,Agegroup:10–14years–Rate,172.1,,
hospitalisation,2020-2021,2021,2020,   Trauma- and stressor-related disorders,Female,Agegroup:10–14years–Rate,124.2,,
hospitalisation,2020-2021,2021,2020,   Trauma- and stressor-related disorders,Male,Agegroup:10–14years–Rate,28.4,,
hospitalisation,2020-2021,2021,2020,   Trauma- and stressor-related disorders,Total,Agegroup:10–14years–Rate,74.9,,
hospitalisation,2020-2021,2021,2020,"   Disruptive, impulse control and conduct disorders",Female,Agegroup:10–14years–Rate,22.0,,
hospitalisation,2020-2021,2021,2020,"   Disruptive, impulse control and conduct disorders",Male,Agegroup:10–14years–Rate,21.5,,
hospitalisation,2020-2021,2021,2020,"   Disruptive, impulse control and conduct disorders",Total,Agegroup:10–14years–Rate,21.7,,
hospitalisation,2020-2021,2021,2020,   Eating and feeding disorders,Female,Agegroup:10–14years–Rate,59.8,,
hospitalisation,2020-2021,2021,2020,   Eating and feeding disorders,Male,Agegroup:10–14years–Rate,6.3,,
hospitalisation,2020-2021,2021,2020,   Eating and feeding disorders,Total,Agegroup:10–14years–Rate,32.3,,
hospitalisation,2020-2021,2021,2020,   Tic disorders,Female,Agegroup:10–14years–Rate,2.7,,
hospitalisation,2020-2021,2021,2020,   Tic disorders,Male,Agegroup:10–14years–Rate,1.7,,
hospitalisation,2020-2021,2021,2020,   Tic disorders,Total,Agegroup:10–14years–Rate,2.2,,
hospitalisation,2020-2021,2021,2020,   ADHD,Female,Agegroup:10–14years–Rate,21.1,,
hospitalisation,2020-2021,2021,2020,   ADHD,Male,Agegroup:10–14years–Rate,22.9,,
hospitalisation,2020-2021,2021,2020,   ADHD,Total,Agegroup:10–14years–Rate,22.0,,
hospitalisation,2021-2022,2022,2021,Neurocognitive disorders,Female,Agegroup:10–14years–Rate,0.8,,
hospitalisation,2021-2022,2022,2021,Neurocognitive disorders,Male,Agegroup:10–14years–Rate,1.0,,
hospitalisation,2021-2022,2022,2021,Neurocognitive disorders,Total,Agegroup:10–14years–Rate,0.9,,
hospitalisation,2021-2022,2022,2021,Substance-related disorders,Female,Agegroup:10–14years–Rate,11.4,,
hospitalisation,2021-2022,2022,2021,Substance-related disorders,Male,Agegroup:10–14years–Rate,5.5,,
hospitalisation,2021-2022,2022,2021,Substance-related disorders,Total,Agegroup:10–14years–Rate,8.4,,
hospitalisation,2021-2022,2022,2021,Schizophrenic and psychotic disorders,Female,Agegroup:10–14years–Rate,9.8,,
hospitalisation,2021-2022,2022,2021,Schizophrenic and psychotic disorders,Male,Agegroup:10–14years–Rate,8.2,,
hospitalisation,2021-2022,2022,2021,Schizophrenic and psychotic disorders,Total,Agegroup:10–14years–Rate,9.0,,
hospitalisation,2021-2022,2022,2021,Mood disorders,Female,Agegroup:10–14years–Rate,187.7,,
hospitalisation,2021-2022,2022,2021,Mood disorders,Male,Agegroup:10–14years–Rate,31.1,,
hospitalisation,2021-2022,2022,2021,Mood disorders,Total,Agegroup:10–14years–Rate,107.1,,
hospitalisation,2021-2022,2022,2021,Anxiety disorders,Female,Agegroup:10–14years–Rate,92.7,,
hospitalisation,2021-2022,2022,2021,Anxiety disorders,Male,Agegroup:10–14years–Rate,15.2,,
hospitalisation,2021-2022,2022,2021,Anxiety disorders,Total,Agegroup:10–14years–Rate,52.8,,
hospitalisation,2021-2022,2022,2021,Personality disorders,Female,Agegroup:10–14years–Rate,31.2,,
hospitalisation,2021-2022,2022,2021,Personality disorders,Male,Agegroup:10–14years–Rate,2.3,,
hospitalisation,2021-2022,2022,2021,Personality disorders,Total,Agegroup:10–14years–Rate,16.3,,
hospitalisation,2021-2022,2022,2021,Other disorders,Female,Agegroup:10–14years–Rate,329.4,,
hospitalisation,2021-2022,2022,2021,Other disorders,Male,Agegroup:10–14years–Rate,112.1,,
hospitalisation,2021-2022,2022,2021,Other disorders,Total,Agegroup:10–14years–Rate,217.5,,
hospitalisation,2021-2022,2022,2021,   Trauma- and stressor-related disorders,Female,Agegroup:10–14years–Rate,161.6,,
hospitalisation,2021-2022,2022,2021,   Trauma- and stressor-related disorders,Male,Agegroup:10–14years–Rate,32.9,,
hospitalisation,2021-2022,2022,2021,   Trauma- and stressor-related disorders,Total,Agegroup:10–14years–Rate,95.3,,
hospitalisation,2021-2022,2022,2021,"   Disruptive, impulse control and conduct disorders",Female,Agegroup:10–14years–Rate,27.7,,
hospitalisation,2021-2022,2022,2021,"   Disruptive, impulse control and conduct disorders",Male,Agegroup:10–14years–Rate,25.4,,
hospitalisation,2021-2022,2022,2021,"   Disruptive, impulse control and conduct disorders",Total,Agegroup:10–14years–Rate,26.5,,
hospitalisation,2021-2022,2022,2021,   Eating and feeding disorders,Female,Agegroup:10–14years–Rate,77.9,,
hospitalisation,2021-2022,2022,2021,   Eating and feeding disorders,Male,Agegroup:10–14years–Rate,8.5,,
hospitalisation,2021-2022,2022,2021,   Eating and feeding disorders,Total,Agegroup:10–14years–Rate,42.2,,
hospitalisation,2021-2022,2022,2021,   Tic disorders,Female,Agegroup:10–14years–Rate,2.3,,
hospitalisation,2021-2022,2022,2021,   Tic disorders,Male,Agegroup:10–14years–Rate,1.8,,
hospitalisation,2021-2022,2022,2021,   Tic disorders,Total,Agegroup:10–14years–Rate,2.1,,
hospitalisation,2021-2022,2022,2021,   ADHD,Female,Agegroup:10–14years–Rate,27.5,,
hospitalisation,2021-2022,2022,2021,   ADHD,Male,Agegroup:10–14years–Rate,26.0,,
hospitalisation,2021-2022,2022,2021,   ADHD,Total,Agegroup:10–14years–Rate,26.7,,
hospitalisation,2022-2023,2023,2022,Neurocognitive disorders,Female,Agegroup:10–14years–Rate,0.6,,
hospitalisation,2022-2023,2023,2022,Neurocognitive disorders,Male,Agegroup:10–14years–Rate,0.7,,
hospitalisation,2022-2023,2023,2022,Neurocognitive disorders,Total,Agegroup:10–14years–Rate,0.7,,
hospitalisation,2022-2023,2023,2022,Substance-related disorders,Female,Agegroup:10–14years–Rate,11.2,,
hospitalisation,2022-2023,2023,2022,Substance-related disorders,Male,Agegroup:10–14years–Rate,6.4,,
hospitalisation,2022-2023,2023,2022,Substance-related disorders,Total,Agegroup:10–14years–Rate,8.8,,
hospitalisation,2022-2023,2023,2022,Schizophrenic and psychotic disorders,Female,Agegroup:10–14years–Rate,8.9,,
hospitalisation,2022-2023,2023,2022,Schizophrenic and psychotic disorders,Male,Agegroup:10–14years–Rate,6.2,,
hospitalisation,2022-2023,2023,2022,Schizophrenic and psychotic disorders,Total,Agegroup:10–14years–Rate,7.5,,
hospitalisation,2022-2023,2023,2022,Mood disorders,Female,Agegroup:10–14years–Rate,132.8,,
hospitalisation,2022-2023,2023,2022,Mood disorders,Male,Agegroup:10–14years–Rate,27.8,,
hospitalisation,2022-2023,2023,2022,Mood disorders,Total,Agegroup:10–14years–Rate,78.8,,
hospitalisation,2022-2023,2023,2022,Anxiety disorders,Female,Agegroup:10–14years–Rate,74.4,,
hospitalisation,2022-2023,2023,2022,Anxiety disorders,Male,Agegroup:10–14years–Rate,13.3,,
hospitalisation,2022-2023,2023,2022,Anxiety disorders,Total,Agegroup:10–14years–Rate,43.0,,
hospitalisation,2022-2023,2023,2022,Personality disorders,Female,Agegroup:10–14years–Rate,30.4,,
hospitalisation,2022-2023,2023,2022,Personality disorders,Male,Agegroup:10–14years–Rate,3.0,,
hospitalisation,2022-2023,2023,2022,Personality disorders,Total,Agegroup:10–14years–Rate,16.3,,
hospitalisation,2022-2023,2023,2022,Other disorders,Female,Agegroup:10–14years–Rate,264.3,,
hospitalisation,2022-2023,2023,2022,Other disorders,Male,Agegroup:10–14years–Rate,104.1,,
hospitalisation,2022-2023,2023,2022,Other disorders,Total,Agegroup:10–14years–Rate,181.9,,
hospitalisation,2022-2023,2023,2022,   Trauma- and stressor-related disorders,Female,Agegroup:10–14years–Rate,126.3,,
hospitalisation,2022-2023,2023,2022,   Trauma- and stressor-related disorders,Male,Agegroup:10–14years–Rate,31.1,,
hospitalisation,2022-2023,2023,2022,   Trauma- and stressor-related disorders,Total,Agegroup:10–14years–Rate,77.3,,
hospitalisation,2022-2023,2023,2022,"   Disruptive, impulse control and conduct disorders",Female,Agegroup:10–14years–Rate,24.2,,
hospitalisation,2022-2023,2023,2022,"   Disruptive, impulse control and conduct disorders",Male,Agegroup:10–14years–Rate,20.4,,
hospitalisation,2022-2023,2023,2022,"   Disruptive, impulse control and conduct disorders",Total,Agegroup:10–14years–Rate,22.2,,
hospitalisation,2022-2023,2023,2022,   Eating and feeding disorders,Female,Agegroup:10–14years–Rate,60.4,,
hospitalisation,2022-2023,2023,2022,   Eating and feeding disorders,Male,Agegroup:10–14years–Rate,7.7,,
hospitalisation,2022-2023,2023,2022,   Eating and feeding disorders,Total,Agegroup:10–14years–Rate,33.3,,
hospitalisation,2022-2023,2023,2022,   Tic disorders,Female,Agegroup:10–14years–Rate,0.7,,
hospitalisation,2022-2023,2023,2022,   Tic disorders,Male,Agegroup:10–14years–Rate,1.3,,
hospitalisation,2022-2023,2023,2022,   Tic disorders,Total,Agegroup:10–14years–Rate,1.0,,
hospitalisation,2022-2023,2023,2022,   ADHD,Female,Agegroup:10–14years–Rate,28.9,,
hospitalisation,2022-2023,2023,2022,   ADHD,Male,Agegroup:10–14years–Rate,24.3,,
hospitalisation,2022-2023,2023,2022,   ADHD,Total,Agegroup:10–14years–Rate,26.5,,
hospitalisation,2023-2024,2024,2023,Neurocognitive disorders,Female,Agegroup:10–14years–Rate,0.4,,
hospitalisation,2023-2024,2024,2023,Neurocognitive disorders,Male,Agegroup:10–14years–Rate,0.8,,
hospitalisation,2023-2024,2024,2023,Neurocognitive disorders,Total,Agegroup:10–14years–Rate,0.6,,
hospitalisation,2023-2024,2024,2023,Substance-related disorders,Female,Agegroup:10–14years–Rate,11.4,,
hospitalisation,2023-2024,2024,2023,Substance-related disorders,Male,Agegroup:10–14years–Rate,5.8,,
hospitalisation,2023-2024,2024,2023,Substance-related disorders,Total,Agegroup:10–14years–Rate,8.5,,
hospitalisation,2023-2024,2024,2023,Schizophrenic and psychotic disorders,Female,Agegroup:10–14years–Rate,9.2,,
hospitalisation,2023-2024,2024,2023,Schizophrenic and psychotic disorders,Male,Agegroup:10–14years–Rate,5.9,,
hospitalisation,2023-2024,2024,2023,Schizophrenic and psychotic disorders,Total,Agegroup:10–14years–Rate,7.5,,
hospitalisation,2023-2024,2024,2023,Mood disorders,Female,Agegroup:10–14years–Rate,113.9,,
hospitalisation,2023-2024,2024,2023,Mood disorders,Male,Agegroup:10–14years–Rate,26.9,,
hospitalisation,2023-2024,2024,2023,Mood disorders,Total,Agegroup:10–14years–Rate,69.1,,
hospitalisation,2023-2024,2024,2023,Anxiety disorders,Female,Agegroup:10–14years–Rate,51.7,,
hospitalisation,2023-2024,2024,2023,Anxiety disorders,Male,Agegroup:10–14years–Rate,12.4,,
hospitalisation,2023-2024,2024,2023,Anxiety disorders,Total,Agegroup:10–14years–Rate,31.5,,
hospitalisation,2023-2024,2024,2023,Personality disorders,Female,Agegroup:10–14years–Rate,24.7,,
hospitalisation,2023-2024,2024,2023,Personality disorders,Male,Agegroup:10–14years–Rate,2.9,,
hospitalisation,2023-2024,2024,2023,Personality disorders,Total,Agegroup:10–14years–Rate,13.5,,
hospitalisation,2023-2024,2024,2023,Other disorders,Female,Agegroup:10–14years–Rate,249.7,,
hospitalisation,2023-2024,2024,2023,Other disorders,Male,Agegroup:10–14years–Rate,109.1,,
hospitalisation,2023-2024,2024,2023,Other disorders,Total,Agegroup:10–14years–Rate,177.4,,
hospitalisation,2023-2024,2024,2023,   Trauma- and stressor-related disorders,Female,Agegroup:10–14years–Rate,126.7,,
hospitalisation,2023-2024,2024,2023,   Trauma- and stressor-related disorders,Male,Agegroup:10–14years–Rate,31.5,,
hospitalisation,2023-2024,2024,2023,   Trauma- and stressor-related disorders,Total,Agegroup:10–14years–Rate,77.7,,
hospitalisation,2023-2024,2024,2023,"   Disruptive, impulse control and conduct disorders",Female,Agegroup:10–14years–Rate,23.3,,
hospitalisation,2023-2024,2024,2023,"   Disruptive, impulse control and conduct disorders",Male,Agegroup:10–14years–Rate,21.6,,
hospitalisation,2023-2024,2024,2023,"   Disruptive, impulse control and conduct disorders",Total,Agegroup:10–14years–Rate,22.4,,
hospitalisation,2023-2024,2024,2023,   Eating and feeding disorders,Female,Agegroup:10–14years–Rate,51.0,,
hospitalisation,2023-2024,2024,2023,   Eating and feeding disorders,Male,Agegroup:10–14years–Rate,6.7,,
hospitalisation,2023-2024,2024,2023,   Eating and feeding disorders,Total,Agegroup:10–14years–Rate,28.2,,
hospitalisation,2023-2024,2024,2023,   Tic disorders,Female,Agegroup:10–14years–Rate,1.5,,
hospitalisation,2023-2024,2024,2023,   Tic disorders,Male,Agegroup:10–14years–Rate,1.3,,
hospitalisation,2023-2024,2024,2023,   Tic disorders,Total,Agegroup:10–14years–Rate,1.4,,
hospitalisation,2023-2024,2024,2023,   ADHD,Female,Agegroup:10–14years–Rate,28.1,,
hospitalisation,2023-2024,2024,2023,   ADHD,Male,Agegroup:10–14years–Rate,27.8,,
hospitalisation,2023-2024,2024,2023,   ADHD,Total,Agegroup:10–14years–Rate,28.0,,
hospitalisation,2018-2019,2019,2018,Neurocognitive disorders,Female,Agegroup:10–14years–95%CI,0.0,0.0,2.0
hospitalisation,2018-2019,2019,2018,Neurocognitive disorders,Male,Agegroup:10–14years–95%CI,0.0,0.0,1.0
hospitalisation,2018-2019,2019,2018,Neurocognitive disorders,Total,Agegroup:10–14years–95%CI,0.0,0.0,1.0
hospitalisation,2018-2019,2019,2018,Substance-related disorders,Female,Agegroup:10–14years–95%CI,9.0,9.0,13.0
hospitalisation,2018-2019,2019,2018,Substance-related disorders,Male,Agegroup:10–14years–95%CI,5.0,5.0,8.0
hospitalisation,2018-2019,2019,2018,Substance-related disorders,Total,Agegroup:10–14years–95%CI,7.0,7.0,10.0
hospitalisation,2018-2019,2019,2018,Schizophrenic and psychotic disorders,Female,Agegroup:10–14years–95%CI,7.0,7.0,11.0
hospitalisation,2018-2019,2019,2018,Schizophrenic and psychotic disorders,Male,Agegroup:10–14years–95%CI,6.0,6.0,9.0
hospitalisation,2018-2019,2019,2018,Schizophrenic and psychotic disorders,Total,Agegroup:10–14years–95%CI,7.0,7.0,10.0
hospitalisation,2018-2019,2019,2018,Mood disorders,Female,Agegroup:10–14years–95%CI,131.0,131.0,146.0
hospitalisation,2018-2019,2019,2018,Mood disorders,Male,Agegroup:10–14years–95%CI,34.0,34.0,42.0
hospitalisation,2018-2019,2019,2018,Mood disorders,Total,Agegroup:10–14years–95%CI,83.0,83.0,91.0
hospitalisation,2018-2019,2019,2018,Anxiety disorders,Female,Agegroup:10–14years–95%CI,53.0,53.0,63.0
hospitalisation,2018-2019,2019,2018,Anxiety disorders,Male,Agegroup:10–14years–95%CI,20.0,20.0,26.0
hospitalisation,2018-2019,2019,2018,Anxiety disorders,Total,Agegroup:10–14years–95%CI,37.0,37.0,43.0
hospitalisation,2018-2019,2019,2018,Personality disorders,Female,Agegroup:10–14years–95%CI,14.0,14.0,19.0
hospitalisation,2018-2019,2019,2018,Personality disorders,Male,Agegroup:10–14years–95%CI,1.0,1.0,3.0
hospitalisation,2018-2019,2019,2018,Personality disorders,Total,Agegroup:10–14years–95%CI,8.0,8.0,10.0
hospitalisation,2018-2019,2019,2018,Other disorders,Female,Agegroup:10–14years–95%CI,242.0,242.0,262.0
hospitalisation,2018-2019,2019,2018,Other disorders,Male,Agegroup:10–14years–95%CI,135.0,135.0,150.0
hospitalisation,2018-2019,2019,2018,Other disorders,Total,Agegroup:10–14years–95%CI,190.0,190.0,202.0
hospitalisation,2018-2019,2019,2018,   Trauma- and stressor-related disorders,Female,Agegroup:10–14years–95%CI,135.0,135.0,150.0
hospitalisation,2018-2019,2019,2018,   Trauma- and stressor-related disorders,Male,Agegroup:10–14years–95%CI,44.0,44.0,53.0
hospitalisation,2018-2019,2019,2018,   Trauma- and stressor-related disorders,Total,Agegroup:10–14years–95%CI,90.0,90.0,99.0
hospitalisation,2018-2019,2019,2018,"   Disruptive, impulse control and conduct disorders",Female,Agegroup:10–14years–95%CI,28.0,28.0,35.0
hospitalisation,2018-2019,2019,2018,"   Disruptive, impulse control and conduct disorders",Male,Agegroup:10–14years–95%CI,29.0,29.0,36.0
hospitalisation,2018-2019,2019,2018,"   Disruptive, impulse control and conduct disorders",Total,Agegroup:10–14years–95%CI,30.0,30.0,35.0
hospitalisation,2018-2019,2019,2018,   Eating and feeding disorders,Female,Agegroup:10–14years–95%CI,32.0,32.0,40.0
hospitalisation,2018-2019,2019,2018,   Eating and feeding disorders,Male,Agegroup:10–14years–95%CI,4.0,4.0,7.0
hospitalisation,2018-2019,2019,2018,   Eating and feeding disorders,Total,Agegroup:10–14years–95%CI,19.0,19.0,22.0
hospitalisation,2018-2019,2019,2018,   Tic disorders,Female,Agegroup:10–14years–95%CI,0.0,0.0,0.0
hospitalisation,2018-2019,2019,2018,   Tic disorders,Male,Agegroup:10–14years–95%CI,1.0,1.0,3.0
hospitalisation,2018-2019,2019,2018,   Tic disorders,Total,Agegroup:10–14years–95%CI,1.0,1.0,2.0
hospitalisation,2018-2019,2019,2018,   ADHD,Female,Agegroup:10–14years–95%CI,17.0,17.0,23.0
hospitalisation,2018-2019,2019,2018,   ADHD,Male,Agegroup:10–14years–95%CI,26.0,26.0,33.0
hospitalisation,2018-2019,2019,2018,   ADHD,Total,Agegroup:10–14years–95%CI,23.0,23.0,27.0
hospitalisation,2019-2020,2020,2019,Neurocognitive disorders,Female,Agegroup:10–14years–95%CI,0.0,0.0,1.0
hospitalisation,2019-2020,2020,2019,Neurocognitive disorders,Male,Agegroup:10–14years–95%CI,0.0,0.0,2.0
hospitalisation,2019-2020,2020,2019,Neurocognitive disorders,Total,Agegroup:10–14years–95%CI,0.0,0.0,1.0
hospitalisation,2019-2020,2020,2019,Substance-related disorders,Female,Agegroup:10–14years–95%CI,10.0,10.0,14.0
hospitalisation,2019-2020,2020,2019,Substance-related disorders,Male,Agegroup:10–14years–95%CI,5.0,5.0,8.0
hospitalisation,2019-2020,2020,2019,Substance-related disorders,Total,Agegroup:10–14years–95%CI,8.0,8.0,10.0
hospitalisation,2019-2020,2020,2019,Schizophrenic and psychotic disorders,Female,Agegroup:10–14years–95%CI,6.0,6.0,9.0
hospitalisation,2019-2020,2020,2019,Schizophrenic and psychotic disorders,Male,Agegroup:10–14years–95%CI,4.0,4.0,7.0
hospitalisation,2019-2020,2020,2019,Schizophrenic and psychotic disorders,Total,Agegroup:10–14years–95%CI,5.0,5.0,7.0
hospitalisation,2019-2020,2020,2019,Mood disorders,Female,Agegroup:10–14years–95%CI,121.0,121.0,135.0
hospitalisation,2019-2020,2020,2019,Mood disorders,Male,Agegroup:10–14years–95%CI,33.0,33.0,41.0
hospitalisation,2019-2020,2020,2019,Mood disorders,Total,Agegroup:10–14years–95%CI,77.0,77.0,85.0
hospitalisation,2019-2020,2020,2019,Anxiety disorders,Female,Agegroup:10–14years–95%CI,61.0,61.0,71.0
hospitalisation,2019-2020,2020,2019,Anxiety disorders,Male,Agegroup:10–14years–95%CI,18.0,18.0,23.0
hospitalisation,2019-2020,2020,2019,Anxiety disorders,Total,Agegroup:10–14years–95%CI,40.0,40.0,45.0
hospitalisation,2019-2020,2020,2019,Personality disorders,Female,Agegroup:10–14years–95%CI,15.0,15.0,20.0
hospitalisation,2019-2020,2020,2019,Personality disorders,Male,Agegroup:10–14years–95%CI,2.0,2.0,3.0
hospitalisation,2019-2020,2020,2019,Personality disorders,Total,Agegroup:10–14years–95%CI,8.0,8.0,11.0
hospitalisation,2019-2020,2020,2019,Other disorders,Female,Agegroup:10–14years–95%CI,232.0,232.0,252.0
hospitalisation,2019-2020,2020,2019,Other disorders,Male,Agegroup:10–14years–95%CI,131.0,131.0,145.0
hospitalisation,2019-2020,2020,2019,Other disorders,Total,Agegroup:10–14years–95%CI,182.0,182.0,194.0
hospitalisation,2019-2020,2020,2019,   Trauma- and stressor-related disorders,Female,Agegroup:10–14years–95%CI,123.0,123.0,137.0
hospitalisation,2019-2020,2020,2019,   Trauma- and stressor-related disorders,Male,Agegroup:10–14years–95%CI,38.0,38.0,46.0
hospitalisation,2019-2020,2020,2019,   Trauma- and stressor-related disorders,Total,Agegroup:10–14years–95%CI,81.0,81.0,89.0
hospitalisation,2019-2020,2020,2019,"   Disruptive, impulse control and conduct disorders",Female,Agegroup:10–14years–95%CI,25.0,25.0,32.0
hospitalisation,2019-2020,2020,2019,"   Disruptive, impulse control and conduct disorders",Male,Agegroup:10–14years–95%CI,31.0,31.0,38.0
hospitalisation,2019-2020,2020,2019,"   Disruptive, impulse control and conduct disorders",Total,Agegroup:10–14years–95%CI,29.0,29.0,34.0
hospitalisation,2019-2020,2020,2019,   Eating and feeding disorders,Female,Agegroup:10–14years–95%CI,32.0,32.0,39.0
hospitalisation,2019-2020,2020,2019,   Eating and feeding disorders,Male,Agegroup:10–14years–95%CI,4.0,4.0,7.0
hospitalisation,2019-2020,2020,2019,   Eating and feeding disorders,Total,Agegroup:10–14years–95%CI,18.0,18.0,22.0
hospitalisation,2019-2020,2020,2019,   Tic disorders,Female,Agegroup:10–14years–95%CI,0.0,0.0,1.0
hospitalisation,2019-2020,2020,2019,   Tic disorders,Male,Agegroup:10–14years–95%CI,2.0,2.0,4.0
hospitalisation,2019-2020,2020,2019,   Tic disorders,Total,Agegroup:10–14years–95%CI,1.0,1.0,2.0
hospitalisation,2019-2020,2020,2019,   ADHD,Female,Agegroup:10–14years–95%CI,18.0,18.0,24.0
hospitalisation,2019-2020,2020,2019,   ADHD,Male,Agegroup:10–14years–95%CI,29.0,29.0,35.0
hospitalisation,2019-2020,2020,2019,   ADHD,Total,Agegroup:10–14years–95%CI,24.0,24.0,29.0
hospitalisation,2020-2021,2021,2020,Neurocognitive disorders,Female,Agegroup:10–14years–95%CI,0.0,0.0,1.0
hospitalisation,2020-2021,2021,2020,Neurocognitive disorders,Male,Agegroup:10–14years–95%CI,0.0,0.0,1.0
hospitalisation,2020-2021,2021,2020,Neurocognitive disorders,Total,Agegroup:10–14years–95%CI,0.0,0.0,1.0
hospitalisation,2020-2021,2021,2020,Substance-related disorders,Female,Agegroup:10–14years–95%CI,8.0,8.0,12.0
hospitalisation,2020-2021,2021,2020,Substance-related disorders,Male,Agegroup:10–14years–95%CI,4.0,4.0,6.0
hospitalisation,2020-2021,2021,2020,Substance-related disorders,Total,Agegroup:10–14years–95%CI,6.0,6.0,8.0
hospitalisation,2020-2021,2021,2020,Schizophrenic and psychotic disorders,Female,Agegroup:10–14years–95%CI,6.0,6.0,9.0
hospitalisation,2020-2021,2021,2020,Schizophrenic and psychotic disorders,Male,Agegroup:10–14years–95%CI,5.0,5.0,8.0
hospitalisation,2020-2021,2021,2020,Schizophrenic and psychotic disorders,Total,Agegroup:10–14years–95%CI,6.0,6.0,8.0
hospitalisation,2020-2021,2021,2020,Mood disorders,Female,Agegroup:10–14years–95%CI,139.0,139.0,153.0
hospitalisation,2020-2021,2021,2020,Mood disorders,Male,Agegroup:10–14years–95%CI,23.0,23.0,29.0
hospitalisation,2020-2021,2021,2020,Mood disorders,Total,Agegroup:10–14years–95%CI,80.0,80.0,88.0
hospitalisation,2020-2021,2021,2020,Anxiety disorders,Female,Agegroup:10–14years–95%CI,61.0,61.0,71.0
hospitalisation,2020-2021,2021,2020,Anxiety disorders,Male,Agegroup:10–14years–95%CI,13.0,13.0,17.0
hospitalisation,2020-2021,2021,2020,Anxiety disorders,Total,Agegroup:10–14years–95%CI,37.0,37.0,42.0
hospitalisation,2020-2021,2021,2020,Personality disorders,Female,Agegroup:10–14years–95%CI,15.0,15.0,21.0
hospitalisation,2020-2021,2021,2020,Personality disorders,Male,Agegroup:10–14years–95%CI,1.0,1.0,3.0
hospitalisation,2020-2021,2021,2020,Personality disorders,Total,Agegroup:10–14years–95%CI,9.0,9.0,11.0
hospitalisation,2020-2021,2021,2020,Other disorders,Female,Agegroup:10–14years–95%CI,243.0,243.0,262.0
hospitalisation,2020-2021,2021,2020,Other disorders,Male,Agegroup:10–14years–95%CI,90.0,90.0,102.0
hospitalisation,2020-2021,2021,2020,Other disorders,Total,Agegroup:10–14years–95%CI,166.0,166.0,178.0
hospitalisation,2020-2021,2021,2020,   Trauma- and stressor-related disorders,Female,Agegroup:10–14years–95%CI,117.0,117.0,131.0
hospitalisation,2020-2021,2021,2020,   Trauma- and stressor-related disorders,Male,Agegroup:10–14years–95%CI,25.0,25.0,32.0
hospitalisation,2020-2021,2021,2020,   Trauma- and stressor-related disorders,Total,Agegroup:10–14years–95%CI,71.0,71.0,79.0
hospitalisation,2020-2021,2021,2020,"   Disruptive, impulse control and conduct disorders",Female,Agegroup:10–14years–95%CI,19.0,19.0,25.0
hospitalisation,2020-2021,2021,2020,"   Disruptive, impulse control and conduct disorders",Male,Agegroup:10–14years–95%CI,19.0,19.0,24.0
hospitalisation,2020-2021,2021,2020,"   Disruptive, impulse control and conduct disorders",Total,Agegroup:10–14years–95%CI,20.0,20.0,24.0
hospitalisation,2020-2021,2021,2020,   Eating and feeding disorders,Female,Agegroup:10–14years–95%CI,55.0,55.0,65.0
hospitalisation,2020-2021,2021,2020,   Eating and feeding disorders,Male,Agegroup:10–14years–95%CI,5.0,5.0,8.0
hospitalisation,2020-2021,2021,2020,   Eating and feeding disorders,Total,Agegroup:10–14years–95%CI,30.0,30.0,35.0
hospitalisation,2020-2021,2021,2020,   Tic disorders,Female,Agegroup:10–14years–95%CI,2.0,2.0,4.0
hospitalisation,2020-2021,2021,2020,   Tic disorders,Male,Agegroup:10–14years–95%CI,1.0,1.0,2.0
hospitalisation,2020-2021,2021,2020,   Tic disorders,Total,Agegroup:10–14years–95%CI,2.0,2.0,3.0
hospitalisation,2020-2021,2021,2020,   ADHD,Female,Agegroup:10–14years–95%CI,18.0,18.0,24.0
hospitalisation,2020-2021,2021,2020,   ADHD,Male,Agegroup:10–14years–95%CI,20.0,20.0,26.0
hospitalisation,2020-2021,2021,2020,   ADHD,Total,Agegroup:10–14years–95%CI,20.0,20.0,24.0
hospitalisation,2021-2022,2022,2021,Neurocognitive disorders,Female,Agegroup:10–14years–95%CI,0.0,0.0,1.0
hospitalisation,2021-2022,2022,2021,Neurocognitive disorders,Male,Agegroup:10–14years–95%CI,0.0,0.0,2.0
hospitalisation,2021-2022,2022,2021,Neurocognitive disorders,Total,Agegroup:10–14years–95%CI,0.0,0.0,1.0
hospitalisation,2021-2022,2022,2021,Substance-related disorders,Female,Agegroup:10–14years–95%CI,9.0,9.0,13.0
hospitalisation,2021-2022,2022,2021,Substance-related disorders,Male,Agegroup:10–14years–95%CI,4.0,4.0,7.0
hospitalisation,2021-2022,2022,2021,Substance-related disorders,Total,Agegroup:10–14years–95%CI,7.0,7.0,10.0
hospitalisation,2021-2022,2022,2021,Schizophrenic and psychotic disorders,Female,Agegroup:10–14years–95%CI,8.0,8.0,12.0
hospitalisation,2021-2022,2022,2021,Schizophrenic and psychotic disorders,Male,Agegroup:10–14years–95%CI,6.0,6.0,10.0
hospitalisation,2021-2022,2022,2021,Schizophrenic and psychotic disorders,Total,Agegroup:10–14years–95%CI,8.0,8.0,10.0
hospitalisation,2021-2022,2022,2021,Mood disorders,Female,Agegroup:10–14years–95%CI,179.0,179.0,196.0
hospitalisation,2021-2022,2022,2021,Mood disorders,Male,Agegroup:10–14years–95%CI,28.0,28.0,34.0
hospitalisation,2021-2022,2022,2021,Mood disorders,Total,Agegroup:10–14years–95%CI,103.0,103.0,112.0
hospitalisation,2021-2022,2022,2021,Anxiety disorders,Female,Agegroup:10–14years–95%CI,87.0,87.0,99.0
hospitalisation,2021-2022,2022,2021,Anxiety disorders,Male,Agegroup:10–14years–95%CI,13.0,13.0,18.0
hospitalisation,2021-2022,2022,2021,Anxiety disorders,Total,Agegroup:10–14years–95%CI,50.0,50.0,56.0
hospitalisation,2021-2022,2022,2021,Personality disorders,Female,Agegroup:10–14years–95%CI,28.0,28.0,35.0
hospitalisation,2021-2022,2022,2021,Personality disorders,Male,Agegroup:10–14years–95%CI,1.0,1.0,3.0
hospitalisation,2021-2022,2022,2021,Personality disorders,Total,Agegroup:10–14years–95%CI,15.0,15.0,18.0
hospitalisation,2021-2022,2022,2021,Other disorders,Female,Agegroup:10–14years–95%CI,318.0,318.0,341.0
hospitalisation,2021-2022,2022,2021,Other disorders,Male,Agegroup:10–14years–95%CI,106.0,106.0,118.0
hospitalisation,2021-2022,2022,2021,Other disorders,Total,Agegroup:10–14years–95%CI,211.0,211.0,224.0
hospitalisation,2021-2022,2022,2021,   Trauma- and stressor-related disorders,Female,Agegroup:10–14years–95%CI,154.0,154.0,169.0
hospitalisation,2021-2022,2022,2021,   Trauma- and stressor-related disorders,Male,Agegroup:10–14years–95%CI,29.0,29.0,36.0
hospitalisation,2021-2022,2022,2021,   Trauma- and stressor-related disorders,Total,Agegroup:10–14years–95%CI,91.0,91.0,99.0
hospitalisation,2021-2022,2022,2021,"   Disruptive, impulse control and conduct disorders",Female,Agegroup:10–14years–95%CI,24.0,24.0,31.0
hospitalisation,2021-2022,2022,2021,"   Disruptive, impulse control and conduct disorders",Male,Agegroup:10–14years–95%CI,22.0,22.0,28.0
hospitalisation,2021-2022,2022,2021,"   Disruptive, impulse control and conduct disorders",Total,Agegroup:10–14years–95%CI,24.0,24.0,29.0
hospitalisation,2021-2022,2022,2021,   Eating and feeding disorders,Female,Agegroup:10–14years–95%CI,73.0,73.0,83.0
hospitalisation,2021-2022,2022,2021,   Eating and feeding disorders,Male,Agegroup:10–14years–95%CI,7.0,7.0,10.0
hospitalisation,2021-2022,2022,2021,   Eating and feeding disorders,Total,Agegroup:10–14years–95%CI,39.0,39.0,45.0
hospitalisation,2021-2022,2022,2021,   Tic disorders,Female,Agegroup:10–14years–95%CI,1.0,1.0,3.0
hospitalisation,2021-2022,2022,2021,   Tic disorders,Male,Agegroup:10–14years–95%CI,1.0,1.0,3.0
hospitalisation,2021-2022,2022,2021,   Tic disorders,Total,Agegroup:10–14years–95%CI,1.0,1.0,3.0
hospitalisation,2021-2022,2022,2021,   ADHD,Female,Agegroup:10–14years–95%CI,24.0,24.0,31.0
hospitalisation,2021-2022,2022,2021,   ADHD,Male,Agegroup:10–14years–95%CI,23.0,23.0,29.0
hospitalisation,2021-2022,2022,2021,   ADHD,Total,Agegroup:10–14years–95%CI,25.0,25.0,29.0
hospitalisation,2022-2023,2023,2022,Neurocognitive disorders,Female,Agegroup:10–14years–95%CI,0.0,0.0,1.0
hospitalisation,2022-2023,2023,2022,Neurocognitive disorders,Male,Agegroup:10–14years–95%CI,0.0,0.0,1.0
hospitalisation,2022-2023,2023,2022,Neurocognitive disorders,Total,Agegroup:10–14years–95%CI,0.0,0.0,1.0
hospitalisation,2022-2023,2023,2022,Substance-related disorders,Female,Agegroup:10–14years–95%CI,9.0,9.0,13.0
hospitalisation,2022-2023,2023,2022,Substance-related disorders,Male,Agegroup:10–14years–95%CI,5.0,5.0,8.0
hospitalisation,2022-2023,2023,2022,Substance-related disorders,Total,Agegroup:10–14years–95%CI,8.0,8.0,10.0
hospitalisation,2022-2023,2023,2022,Schizophrenic and psychotic disorders,Female,Agegroup:10–14years–95%CI,7.0,7.0,11.0
hospitalisation,2022-2023,2023,2022,Schizophrenic and psychotic disorders,Male,Agegroup:10–14years–95%CI,5.0,5.0,8.0
hospitalisation,2022-2023,2023,2022,Schizophrenic and psychotic disorders,Total,Agegroup:10–14years–95%CI,6.0,6.0,9.0
hospitalisation,2022-2023,2023,2022,Mood disorders,Female,Agegroup:10–14years–95%CI,126.0,126.0,140.0
hospitalisation,2022-2023,2023,2022,Mood disorders,Male,Agegroup:10–14years–95%CI,25.0,25.0,31.0
hospitalisation,2022-2023,2023,2022,Mood disorders,Total,Agegroup:10–14years–95%CI,75.0,75.0,83.0
hospitalisation,2022-2023,2023,2022,Anxiety disorders,Female,Agegroup:10–14years–95%CI,69.0,69.0,80.0
hospitalisation,2022-2023,2023,2022,Anxiety disorders,Male,Agegroup:10–14years–95%CI,11.0,11.0,15.0
hospitalisation,2022-2023,2023,2022,Anxiety disorders,Total,Agegroup:10–14years–95%CI,40.0,40.0,46.0
hospitalisation,2022-2023,2023,2022,Personality disorders,Female,Agegroup:10–14years–95%CI,27.0,27.0,34.0
hospitalisation,2022-2023,2023,2022,Personality disorders,Male,Agegroup:10–14years–95%CI,2.0,2.0,4.0
hospitalisation,2022-2023,2023,2022,Personality disorders,Total,Agegroup:10–14years–95%CI,15.0,15.0,18.0
hospitalisation,2022-2023,2023,2022,Other disorders,Female,Agegroup:10–14years–95%CI,254.0,254.0,274.0
hospitalisation,2022-2023,2023,2022,Other disorders,Male,Agegroup:10–14years–95%CI,98.0,98.0,110.0
hospitalisation,2022-2023,2023,2022,Other disorders,Total,Agegroup:10–14years–95%CI,176.0,176.0,188.0
hospitalisation,2022-2023,2023,2022,   Trauma- and stressor-related disorders,Female,Agegroup:10–14years–95%CI,119.0,119.0,133.0
hospitalisation,2022-2023,2023,2022,   Trauma- and stressor-related disorders,Male,Agegroup:10–14years–95%CI,28.0,28.0,34.0
hospitalisation,2022-2023,2023,2022,   Trauma- and stressor-related disorders,Total,Agegroup:10–14years–95%CI,74.0,74.0,81.0
hospitalisation,2022-2023,2023,2022,"   Disruptive, impulse control and conduct disorders",Female,Agegroup:10–14years–95%CI,21.0,21.0,27.0
hospitalisation,2022-2023,2023,2022,"   Disruptive, impulse control and conduct disorders",Male,Agegroup:10–14years–95%CI,18.0,18.0,23.0
hospitalisation,2022-2023,2023,2022,"   Disruptive, impulse control and conduct disorders",Total,Agegroup:10–14years–95%CI,20.0,20.0,24.0
hospitalisation,2022-2023,2023,2022,   Eating and feeding disorders,Female,Agegroup:10–14years–95%CI,56.0,56.0,65.0
hospitalisation,2022-2023,2023,2022,   Eating and feeding disorders,Male,Agegroup:10–14years–95%CI,6.0,6.0,9.0
hospitalisation,2022-2023,2023,2022,   Eating and feeding disorders,Total,Agegroup:10–14years–95%CI,31.0,31.0,36.0
hospitalisation,2022-2023,2023,2022,   Tic disorders,Female,Agegroup:10–14years–95%CI,0.0,0.0,1.0
hospitalisation,2022-2023,2023,2022,   Tic disorders,Male,Agegroup:10–14years–95%CI,1.0,1.0,2.0
hospitalisation,2022-2023,2023,2022,   Tic disorders,Total,Agegroup:10–14years–95%CI,1.0,1.0,1.0
hospitalisation,2022-2023,2023,2022,   ADHD,Female,Agegroup:10–14years–95%CI,26.0,26.0,32.0
hospitalisation,2022-2023,2023,2022,   ADHD,Male,Agegroup:10–14years–95%CI,21.0,21.0,27.0
hospitalisation,2022-2023,2023,2022,   ADHD,Total,Agegroup:10–14years–95%CI,24.0,24.0,29.0
hospitalisation,2023-2024,2024,2023,Neurocognitive disorders,Female,Agegroup:10–14years–95%CI,0.0,0.0,1.0
hospitalisation,2023-2024,2024,2023,Neurocognitive disorders,Male,Agegroup:10–14years–95%CI,0.0,0.0,1.0
hospitalisation,2023-2024,2024,2023,Neurocognitive disorders,Total,Agegroup:10–14years–95%CI,0.0,0.0,1.0
hospitalisation,2023-2024,2024,2023,Substance-related disorders,Female,Agegroup:10–14years–95%CI,9.0,9.0,13.0
hospitalisation,2023-2024,2024,2023,Substance-related disorders,Male,Agegroup:10–14years–95%CI,4.0,4.0,7.0
hospitalisation,2023-2024,2024,2023,Substance-related disorders,Total,Agegroup:10–14years–95%CI,7.0,7.0,10.0
hospitalisation,2023-2024,2024,2023,Schizophrenic and psychotic disorders,Female,Agegroup:10–14years–95%CI,7.0,7.0,11.0
hospitalisation,2023-2024,2024,2023,Schizophrenic and psychotic disorders,Male,Agegroup:10–14years–95%CI,4.0,4.0,7.0
hospitalisation,2023-2024,2024,2023,Schizophrenic and psychotic disorders,Total,Agegroup:10–14years–95%CI,6.0,6.0,9.0
hospitalisation,2023-2024,2024,2023,Mood disorders,Female,Agegroup:10–14years–95%CI,107.0,107.0,120.0
hospitalisation,2023-2024,2024,2023,Mood disorders,Male,Agegroup:10–14years–95%CI,24.0,24.0,30.0
hospitalisation,2023-2024,2024,2023,Mood disorders,Total,Agegroup:10–14years–95%CI,66.0,66.0,73.0
hospitalisation,2023-2024,2024,2023,Anxiety disorders,Female,Agegroup:10–14years–95%CI,47.0,47.0,56.0
hospitalisation,2023-2024,2024,2023,Anxiety disorders,Male,Agegroup:10–14years–95%CI,10.0,10.0,15.0
hospitalisation,2023-2024,2024,2023,Anxiety disorders,Total,Agegroup:10–14years–95%CI,29.0,29.0,34.0
hospitalisation,2023-2024,2024,2023,Personality disorders,Female,Agegroup:10–14years–95%CI,22.0,22.0,28.0
hospitalisation,2023-2024,2024,2023,Personality disorders,Male,Agegroup:10–14years–95%CI,2.0,2.0,4.0
hospitalisation,2023-2024,2024,2023,Personality disorders,Total,Agegroup:10–14years–95%CI,12.0,12.0,15.0
hospitalisation,2023-2024,2024,2023,Other disorders,Female,Agegroup:10–14years–95%CI,240.0,240.0,259.0
hospitalisation,2023-2024,2024,2023,Other disorders,Male,Agegroup:10–14years–95%CI,103.0,103.0,115.0
hospitalisation,2023-2024,2024,2023,Other disorders,Total,Agegroup:10–14years–95%CI,172.0,172.0,183.0
hospitalisation,2023-2024,2024,2023,   Trauma- and stressor-related disorders,Female,Agegroup:10–14years–95%CI,120.0,120.0,133.0
hospitalisation,2023-2024,2024,2023,   Trauma- and stressor-related disorders,Male,Agegroup:10–14years–95%CI,28.0,28.0,35.0
hospitalisation,2023-2024,2024,2023,   Trauma- and stressor-related disorders,Total,Agegroup:10–14years–95%CI,74.0,74.0,81.0
hospitalisation,2023-2024,2024,2023,"   Disruptive, impulse control and conduct disorders",Female,Agegroup:10–14years–95%CI,20.0,20.0,26.0
hospitalisation,2023-2024,2024,2023,"   Disruptive, impulse control and conduct disorders",Male,Agegroup:10–14years–95%CI,19.0,19.0,24.0
hospitalisation,2023-2024,2024,2023,"   Disruptive, impulse control and conduct disorders",Total,Agegroup:10–14years–95%CI,20.0,20.0,24.0
hospitalisation,2023-2024,2024,2023,   Eating and feeding disorders,Female,Agegroup:10–14years–95%CI,47.0,47.0,55.0
hospitalisation,2023-2024,2024,2023,   Eating and feeding disorders,Male,Agegroup:10–14years–95%CI,5.0,5.0,8.0
hospitalisation,2023-2024,2024,2023,   Eating and feeding disorders,Total,Agegroup:10–14years–95%CI,26.0,26.0,30.0
hospitalisation,2023-2024,2024,2023,   Tic disorders,Female,Agegroup:10–14years–95%CI,1.0,1.0,2.0
hospitalisation,2023-2024,2024,2023,   Tic disorders,Male,Agegroup:10–14years–95%CI,1.0,1.0,2.0
hospitalisation,2023-2024,2024,2023,   Tic disorders,Total,Agegroup:10–14years–95%CI,1.0,1.0,2.0
hospitalisation,2023-2024,2024,2023,   ADHD,Female,Agegroup:10–14years–95%CI,25.0,25.0,31.0
hospitalisation,2023-2024,2024,2023,   ADHD,Male,Agegroup:10–14years–95%CI,25.0,25.0,31.0
hospitalisation,2023-2024,2024,2023,   ADHD,Total,Agegroup:10–14years–95%CI,26.0,26.0,30.0
hospitalisation,2018-2019,2019,2018,Neurocognitive disorders,Female,Agegroup:15–17years–Rate,2.2,,
hospitalisation,2018-2019,2019,2018,Neurocognitive disorders,Male,Agegroup:15–17years–Rate,1.5,,
hospitalisation,2018-2019,2019,2018,Neurocognitive disorders,Total,Agegroup:15–17years–Rate,1.8,,
hospitalisation,2018-2019,2019,2018,Substance-related disorders,Female,Agegroup:15–17years–Rate,79.3,,
hospitalisation,2018-2019,2019,2018,Substance-related disorders,Male,Agegroup:15–17years–Rate,83.6,,
hospitalisation,2018-2019,2019,2018,Substance-related disorders,Total,Agegroup:15–17years–Rate,81.5,,
hospitalisation,2018-2019,2019,2018,Schizophrenic and psychotic disorders,Female,Agegroup:15–17years–Rate,43.6,,
hospitalisation,2018-2019,2019,2018,Schizophrenic and psychotic disorders,Male,Agegroup:15–17years–Rate,73.9,,
hospitalisation,2018-2019,2019,2018,Schizophrenic and psychotic disorders,Total,Agegroup:15–17years–Rate,59.1,,
hospitalisation,2018-2019,2019,2018,Mood disorders,Female,Agegroup:15–17years–Rate,501.8,,
hospitalisation,2018-2019,2019,2018,Mood disorders,Male,Agegroup:15–17years–Rate,203.2,,
hospitalisation,2018-2019,2019,2018,Mood disorders,Total,Agegroup:15–17years–Rate,349.2,,
hospitalisation,2018-2019,2019,2018,Anxiety disorders,Female,Agegroup:15–17years–Rate,165.6,,
hospitalisation,2018-2019,2019,2018,Anxiety disorders,Male,Agegroup:15–17years–Rate,61.3,,
hospitalisation,2018-2019,2019,2018,Anxiety disorders,Total,Agegroup:15–17years–Rate,112.3,,
hospitalisation,2018-2019,2019,2018,Personality disorders,Female,Agegroup:15–17years–Rate,105.1,,
hospitalisation,2018-2019,2019,2018,Personality disorders,Male,Agegroup:15–17years–Rate,19.4,,
hospitalisation,2018-2019,2019,2018,Personality disorders,Total,Agegroup:15–17years–Rate,61.3,,
hospitalisation,2018-2019,2019,2018,Other disorders,Female,Agegroup:15–17years–Rate,522.6,,
hospitalisation,2018-2019,2019,2018,Other disorders,Male,Agegroup:15–17years–Rate,254.6,,
hospitalisation,2018-2019,2019,2018,Other disorders,Total,Agegroup:15–17years–Rate,385.6,,
hospitalisation,2018-2019,2019,2018,   Trauma- and stressor-related disorders,Female,Agegroup:15–17years–Rate,332.3,,
hospitalisation,2018-2019,2019,2018,   Trauma- and stressor-related disorders,Male,Agegroup:15–17years–Rate,137.0,,
hospitalisation,2018-2019,2019,2018,   Trauma- and stressor-related disorders,Total,Agegroup:15–17years–Rate,232.5,,
hospitalisation,2018-2019,2019,2018,"   Disruptive, impulse control and conduct disorders",Female,Agegroup:15–17years–Rate,34.5,,
hospitalisation,2018-2019,2019,2018,"   Disruptive, impulse control and conduct disorders",Male,Agegroup:15–17years–Rate,41.4,,
hospitalisation,2018-2019,2019,2018,"   Disruptive, impulse control and conduct disorders",Total,Agegroup:15–17years–Rate,38.0,,
hospitalisation,2018-2019,2019,2018,   Eating and feeding disorders,Female,Agegroup:15–17years–Rate,81.8,,
hospitalisation,2018-2019,2019,2018,   Eating and feeding disorders,Male,Agegroup:15–17years–Rate,7.4,,
hospitalisation,2018-2019,2019,2018,   Eating and feeding disorders,Total,Agegroup:15–17years–Rate,43.7,,
hospitalisation,2018-2019,2019,2018,   Tic disorders,Female,Agegroup:15–17years–Rate,1.7,,
hospitalisation,2018-2019,2019,2018,   Tic disorders,Male,Agegroup:15–17years–Rate,0.8,,
hospitalisation,2018-2019,2019,2018,   Tic disorders,Total,Agegroup:15–17years–Rate,1.3,,
hospitalisation,2018-2019,2019,2018,   ADHD,Female,Agegroup:15–17years–Rate,24.0,,
hospitalisation,2018-2019,2019,2018,   ADHD,Male,Agegroup:15–17years–Rate,29.6,,
hospitalisation,2018-2019,2019,2018,   ADHD,Total,Agegroup:15–17years–Rate,26.9,,
hospitalisation,2019-2020,2020,2019,Neurocognitive disorders,Female,Agegroup:15–17years–Rate,1.5,,
hospitalisation,2019-2020,2020,2019,Neurocognitive disorders,Male,Agegroup:15–17years–Rate,1.3,,
hospitalisation,2019-2020,2020,2019,Neurocognitive disorders,Total,Agegroup:15–17years–Rate,1.4,,
hospitalisation,2019-2020,2020,2019,Substance-related disorders,Female,Agegroup:15–17years–Rate,72.1,,
hospitalisation,2019-2020,2020,2019,Substance-related disorders,Male,Agegroup:15–17years–Rate,86.8,,
hospitalisation,2019-2020,2020,2019,Substance-related disorders,Total,Agegroup:15–17years–Rate,79.6,,
hospitalisation,2019-2020,2020,2019,Schizophrenic and psychotic disorders,Female,Agegroup:15–17years–Rate,41.0,,
hospitalisation,2019-2020,2020,2019,Schizophrenic and psychotic disorders,Male,Agegroup:15–17years–Rate,73.2,,
hospitalisation,2019-2020,2020,2019,Schizophrenic and psychotic disorders,Total,Agegroup:15–17years–Rate,57.5,,
hospitalisation,2019-2020,2020,2019,Mood disorders,Female,Agegroup:15–17years–Rate,449.2,,
hospitalisation,2019-2020,2020,2019,Mood disorders,Male,Agegroup:15–17years–Rate,187.1,,
hospitalisation,2019-2020,2020,2019,Mood disorders,Total,Agegroup:15–17years–Rate,315.1,,
hospitalisation,2019-2020,2020,2019,Anxiety disorders,Female,Agegroup:15–17years–Rate,159.5,,
hospitalisation,2019-2020,2020,2019,Anxiety disorders,Male,Agegroup:15–17years–Rate,56.0,,
hospitalisation,2019-2020,2020,2019,Anxiety disorders,Total,Agegroup:15–17years–Rate,106.5,,
hospitalisation,2019-2020,2020,2019,Personality disorders,Female,Agegroup:15–17years–Rate,90.8,,
hospitalisation,2019-2020,2020,2019,Personality disorders,Male,Agegroup:15–17years–Rate,15.7,,
hospitalisation,2019-2020,2020,2019,Personality disorders,Total,Agegroup:15–17years–Rate,52.4,,
hospitalisation,2019-2020,2020,2019,Other disorders,Female,Agegroup:15–17years–Rate,492.1,,
hospitalisation,2019-2020,2020,2019,Other disorders,Male,Agegroup:15–17years–Rate,241.3,,
hospitalisation,2019-2020,2020,2019,Other disorders,Total,Agegroup:15–17years–Rate,363.8,,
hospitalisation,2019-2020,2020,2019,   Trauma- and stressor-related disorders,Female,Agegroup:15–17years–Rate,305.2,,
hospitalisation,2019-2020,2020,2019,   Trauma- and stressor-related disorders,Male,Agegroup:15–17years–Rate,122.4,,
hospitalisation,2019-2020,2020,2019,   Trauma- and stressor-related disorders,Total,Agegroup:15–17years–Rate,211.6,,
hospitalisation,2019-2020,2020,2019,"   Disruptive, impulse control and conduct disorders",Female,Agegroup:15–17years–Rate,31.3,,
hospitalisation,2019-2020,2020,2019,"   Disruptive, impulse control and conduct disorders",Male,Agegroup:15–17years–Rate,37.8,,
hospitalisation,2019-2020,2020,2019,"   Disruptive, impulse control and conduct disorders",Total,Agegroup:15–17years–Rate,34.6,,
hospitalisation,2019-2020,2020,2019,   Eating and feeding disorders,Female,Agegroup:15–17years–Rate,81.3,,
hospitalisation,2019-2020,2020,2019,   Eating and feeding disorders,Male,Agegroup:15–17years–Rate,6.3,,
hospitalisation,2019-2020,2020,2019,   Eating and feeding disorders,Total,Agegroup:15–17years–Rate,42.9,,
hospitalisation,2019-2020,2020,2019,   Tic disorders,Female,Agegroup:15–17years–Rate,2.0,,
hospitalisation,2019-2020,2020,2019,   Tic disorders,Male,Agegroup:15–17years–Rate,1.0,,
hospitalisation,2019-2020,2020,2019,   Tic disorders,Total,Agegroup:15–17years–Rate,1.5,,
hospitalisation,2019-2020,2020,2019,   ADHD,Female,Agegroup:15–17years–Rate,22.4,,
hospitalisation,2019-2020,2020,2019,   ADHD,Male,Agegroup:15–17years–Rate,27.9,,
hospitalisation,2019-2020,2020,2019,   ADHD,Total,Agegroup:15–17years–Rate,25.2,,
hospitalisation,2020-2021,2021,2020,Neurocognitive disorders,Female,Agegroup:15–17years–Rate,0.8,,
hospitalisation,2020-2021,2021,2020,Neurocognitive disorders,Male,Agegroup:15–17years–Rate,1.0,,
hospitalisation,2020-2021,2021,2020,Neurocognitive disorders,Total,Agegroup:15–17years–Rate,0.9,,
hospitalisation,2020-2021,2021,2020,Substance-related disorders,Female,Agegroup:15–17years–Rate,64.0,,
hospitalisation,2020-2021,2021,2020,Substance-related disorders,Male,Agegroup:15–17years–Rate,77.0,,
hospitalisation,2020-2021,2021,2020,Substance-related disorders,Total,Agegroup:15–17years–Rate,70.7,,
hospitalisation,2020-2021,2021,2020,Schizophrenic and psychotic disorders,Female,Agegroup:15–17years–Rate,39.0,,
hospitalisation,2020-2021,2021,2020,Schizophrenic and psychotic disorders,Male,Agegroup:15–17years–Rate,69.4,,
hospitalisation,2020-2021,2021,2020,Schizophrenic and psychotic disorders,Total,Agegroup:15–17years–Rate,54.6,,
hospitalisation,2020-2021,2021,2020,Mood disorders,Female,Agegroup:15–17years–Rate,387.6,,
hospitalisation,2020-2021,2021,2020,Mood disorders,Male,Agegroup:15–17years–Rate,139.4,,
hospitalisation,2020-2021,2021,2020,Mood disorders,Total,Agegroup:15–17years–Rate,260.1,,
hospitalisation,2020-2021,2021,2020,Anxiety disorders,Female,Agegroup:15–17years–Rate,139.6,,
hospitalisation,2020-2021,2021,2020,Anxiety disorders,Male,Agegroup:15–17years–Rate,47.3,,
hospitalisation,2020-2021,2021,2020,Anxiety disorders,Total,Agegroup:15–17years–Rate,92.2,,
hospitalisation,2020-2021,2021,2020,Personality disorders,Female,Agegroup:15–17years–Rate,82.4,,
hospitalisation,2020-2021,2021,2020,Personality disorders,Male,Agegroup:15–17years–Rate,10.7,,
hospitalisation,2020-2021,2021,2020,Personality disorders,Total,Agegroup:15–17years–Rate,45.6,,
hospitalisation,2020-2021,2021,2020,Other disorders,Female,Agegroup:15–17years–Rate,459.0,,
hospitalisation,2020-2021,2021,2020,Other disorders,Male,Agegroup:15–17years–Rate,178.4,,
hospitalisation,2020-2021,2021,2020,Other disorders,Total,Agegroup:15–17years–Rate,314.9,,
hospitalisation,2020-2021,2021,2020,   Trauma- and stressor-related disorders,Female,Agegroup:15–17years–Rate,241.0,,
hospitalisation,2020-2021,2021,2020,   Trauma- and stressor-related disorders,Male,Agegroup:15–17years–Rate,83.9,,
hospitalisation,2020-2021,2021,2020,   Trauma- and stressor-related disorders,Total,Agegroup:15–17years–Rate,160.3,,
hospitalisation,2020-2021,2021,2020,"   Disruptive, impulse control and conduct disorders",Female,Agegroup:15–17years–Rate,21.4,,
hospitalisation,2020-2021,2021,2020,"   Disruptive, impulse control and conduct disorders",Male,Agegroup:15–17years–Rate,27.2,,
hospitalisation,2020-2021,2021,2020,"   Disruptive, impulse control and conduct disorders",Total,Agegroup:15–17years–Rate,24.4,,
hospitalisation,2020-2021,2021,2020,   Eating and feeding disorders,Female,Agegroup:15–17years–Rate,119.5,,
hospitalisation,2020-2021,2021,2020,   Eating and feeding disorders,Male,Agegroup:15–17years–Rate,9.3,,
hospitalisation,2020-2021,2021,2020,   Eating and feeding disorders,Total,Agegroup:15–17years–Rate,62.9,,
hospitalisation,2020-2021,2021,2020,   Tic disorders,Female,Agegroup:15–17years–Rate,3.4,,
hospitalisation,2020-2021,2021,2020,   Tic disorders,Male,Agegroup:15–17years–Rate,1.4,,
hospitalisation,2020-2021,2021,2020,   Tic disorders,Total,Agegroup:15–17years–Rate,2.4,,
hospitalisation,2020-2021,2021,2020,   ADHD,Female,Agegroup:15–17years–Rate,22.6,,
hospitalisation,2020-2021,2021,2020,   ADHD,Male,Agegroup:15–17years–Rate,26.4,,
hospitalisation,2020-2021,2021,2020,   ADHD,Total,Agegroup:15–17years–Rate,24.5,,
hospitalisation,2021-2022,2022,2021,Neurocognitive disorders,Female,Agegroup:15–17years–Rate,1.2,,
hospitalisation,2021-2022,2022,2021,Neurocognitive disorders,Male,Agegroup:15–17years–Rate,2.2,,
hospitalisation,2021-2022,2022,2021,Neurocognitive disorders,Total,Agegroup:15–17years–Rate,1.7,,
hospitalisation,2021-2022,2022,2021,Substance-related disorders,Female,Agegroup:15–17years–Rate,56.6,,
hospitalisation,2021-2022,2022,2021,Substance-related disorders,Male,Agegroup:15–17years–Rate,60.0,,
hospitalisation,2021-2022,2022,2021,Substance-related disorders,Total,Agegroup:15–17years–Rate,58.3,,
hospitalisation,2021-2022,2022,2021,Schizophrenic and psychotic disorders,Female,Agegroup:15–17years–Rate,42.6,,
hospitalisation,2021-2022,2022,2021,Schizophrenic and psychotic disorders,Male,Agegroup:15–17years–Rate,69.3,,
hospitalisation,2021-2022,2022,2021,Schizophrenic and psychotic disorders,Total,Agegroup:15–17years–Rate,56.4,,
hospitalisation,2021-2022,2022,2021,Mood disorders,Female,Agegroup:15–17years–Rate,453.7,,
hospitalisation,2021-2022,2022,2021,Mood disorders,Male,Agegroup:15–17years–Rate,152.1,,
hospitalisation,2021-2022,2022,2021,Mood disorders,Total,Agegroup:15–17years–Rate,298.3,,
hospitalisation,2021-2022,2022,2021,Anxiety disorders,Female,Agegroup:15–17years–Rate,159.6,,
hospitalisation,2021-2022,2022,2021,Anxiety disorders,Male,Agegroup:15–17years–Rate,45.6,,
hospitalisation,2021-2022,2022,2021,Anxiety disorders,Total,Agegroup:15–17years–Rate,100.9,,
hospitalisation,2021-2022,2022,2021,Personality disorders,Female,Agegroup:15–17years–Rate,115.5,,
hospitalisation,2021-2022,2022,2021,Personality disorders,Male,Agegroup:15–17years–Rate,15.5,,
hospitalisation,2021-2022,2022,2021,Personality disorders,Total,Agegroup:15–17years–Rate,64.0,,
hospitalisation,2021-2022,2022,2021,Other disorders,Female,Agegroup:15–17years–Rate,547.6,,
hospitalisation,2021-2022,2022,2021,Other disorders,Male,Agegroup:15–17years–Rate,198.8,,
hospitalisation,2021-2022,2022,2021,Other disorders,Total,Agegroup:15–17years–Rate,367.9,,
hospitalisation,2021-2022,2022,2021,   Trauma- and stressor-related disorders,Female,Agegroup:15–17years–Rate,296.4,,
hospitalisation,2021-2022,2022,2021,   Trauma- and stressor-related disorders,Male,Agegroup:15–17years–Rate,96.3,,
hospitalisation,2021-2022,2022,2021,   Trauma- and stressor-related disorders,Total,Agegroup:15–17years–Rate,193.2,,
hospitalisation,2021-2022,2022,2021,"   Disruptive, impulse control and conduct disorders",Female,Agegroup:15–17years–Rate,26.6,,
hospitalisation,2021-2022,2022,2021,"   Disruptive, impulse control and conduct disorders",Male,Agegroup:15–17years–Rate,30.4,,
hospitalisation,2021-2022,2022,2021,"   Disruptive, impulse control and conduct disorders",Total,Agegroup:15–17years–Rate,28.6,,
hospitalisation,2021-2022,2022,2021,   Eating and feeding disorders,Female,Agegroup:15–17years–Rate,137.4,,
hospitalisation,2021-2022,2022,2021,   Eating and feeding disorders,Male,Agegroup:15–17years–Rate,10.4,,
hospitalisation,2021-2022,2022,2021,   Eating and feeding disorders,Total,Agegroup:15–17years–Rate,72.0,,
hospitalisation,2021-2022,2022,2021,   Tic disorders,Female,Agegroup:15–17years–Rate,3.2,,
hospitalisation,2021-2022,2022,2021,   Tic disorders,Male,Agegroup:15–17years–Rate,0.3,,
hospitalisation,2021-2022,2022,2021,   Tic disorders,Total,Agegroup:15–17years–Rate,1.7,,
hospitalisation,2021-2022,2022,2021,   ADHD,Female,Agegroup:15–17years–Rate,28.8,,
hospitalisation,2021-2022,2022,2021,   ADHD,Male,Agegroup:15–17years–Rate,26.8,,
hospitalisation,2021-2022,2022,2021,   ADHD,Total,Agegroup:15–17years–Rate,27.7,,
hospitalisation,2022-2023,2023,2022,Neurocognitive disorders,Female,Agegroup:15–17years–Rate,0.5,,
hospitalisation,2022-2023,2023,2022,Neurocognitive disorders,Male,Agegroup:15–17years–Rate,1.9,,
hospitalisation,2022-2023,2023,2022,Neurocognitive disorders,Total,Agegroup:15–17years–Rate,1.2,,
hospitalisation,2022-2023,2023,2022,Substance-related disorders,Female,Agegroup:15–17years–Rate,63.0,,
hospitalisation,2022-2023,2023,2022,Substance-related disorders,Male,Agegroup:15–17years–Rate,59.6,,
hospitalisation,2022-2023,2023,2022,Substance-related disorders,Total,Agegroup:15–17years–Rate,61.3,,
hospitalisation,2022-2023,2023,2022,Schizophrenic and psychotic disorders,Female,Agegroup:15–17years–Rate,41.1,,
hospitalisation,2022-2023,2023,2022,Schizophrenic and psychotic disorders,Male,Agegroup:15–17years–Rate,62.5,,
hospitalisation,2022-2023,2023,2022,Schizophrenic and psychotic disorders,Total,Agegroup:15–17years–Rate,52.1,,
hospitalisation,2022-2023,2023,2022,Mood disorders,Female,Agegroup:15–17years–Rate,359.8,,
hospitalisation,2022-2023,2023,2022,Mood disorders,Male,Agegroup:15–17years–Rate,133.2,,
hospitalisation,2022-2023,2023,2022,Mood disorders,Total,Agegroup:15–17years–Rate,243.1,,
hospitalisation,2022-2023,2023,2022,Anxiety disorders,Female,Agegroup:15–17years–Rate,124.8,,
hospitalisation,2022-2023,2023,2022,Anxiety disorders,Male,Agegroup:15–17years–Rate,42.8,,
hospitalisation,2022-2023,2023,2022,Anxiety disorders,Total,Agegroup:15–17years–Rate,82.6,,
hospitalisation,2022-2023,2023,2022,Personality disorders,Female,Agegroup:15–17years–Rate,115.0,,
hospitalisation,2022-2023,2023,2022,Personality disorders,Male,Agegroup:15–17years–Rate,16.8,,
hospitalisation,2022-2023,2023,2022,Personality disorders,Total,Agegroup:15–17years–Rate,64.4,,
hospitalisation,2022-2023,2023,2022,Other disorders,Female,Agegroup:15–17years–Rate,472.5,,
hospitalisation,2022-2023,2023,2022,Other disorders,Male,Agegroup:15–17years–Rate,186.6,,
hospitalisation,2022-2023,2023,2022,Other disorders,Total,Agegroup:15–17years–Rate,325.3,,
hospitalisation,2022-2023,2023,2022,   Trauma- and stressor-related disorders,Female,Agegroup:15–17years–Rate,261.2,,
hospitalisation,2022-2023,2023,2022,   Trauma- and stressor-related disorders,Male,Agegroup:15–17years–Rate,89.5,,
hospitalisation,2022-2023,2023,2022,   Trauma- and stressor-related disorders,Total,Agegroup:15–17years–Rate,172.8,,
hospitalisation,2022-2023,2023,2022,"   Disruptive, impulse control and conduct disorders",Female,Agegroup:15–17years–Rate,22.1,,
hospitalisation,2022-2023,2023,2022,"   Disruptive, impulse control and conduct disorders",Male,Agegroup:15–17years–Rate,23.8,,
hospitalisation,2022-2023,2023,2022,"   Disruptive, impulse control and conduct disorders",Total,Agegroup:15–17years–Rate,23.0,,
hospitalisation,2022-2023,2023,2022,   Eating and feeding disorders,Female,Agegroup:15–17years–Rate,105.6,,
hospitalisation,2022-2023,2023,2022,   Eating and feeding disorders,Male,Agegroup:15–17years–Rate,11.6,,
hospitalisation,2022-2023,2023,2022,   Eating and feeding disorders,Total,Agegroup:15–17years–Rate,57.2,,
hospitalisation,2022-2023,2023,2022,   Tic disorders,Female,Agegroup:15–17years–Rate,1.1,,
hospitalisation,2022-2023,2023,2022,   Tic disorders,Male,Agegroup:15–17years–Rate,0.6,,
hospitalisation,2022-2023,2023,2022,   Tic disorders,Total,Agegroup:15–17years–Rate,0.9,,
hospitalisation,2022-2023,2023,2022,   ADHD,Female,Agegroup:15–17years–Rate,29.1,,
hospitalisation,2022-2023,2023,2022,   ADHD,Male,Agegroup:15–17years–Rate,24.7,,
hospitalisation,2022-2023,2023,2022,   ADHD,Total,Agegroup:15–17years–Rate,26.9,,
hospitalisation,2023-2024,2024,2023,Neurocognitive disorders,Female,Agegroup:15–17years–Rate,1.6,,
hospitalisation,2023-2024,2024,2023,Neurocognitive disorders,Male,Agegroup:15–17years–Rate,1.3,,
hospitalisation,2023-2024,2024,2023,Neurocognitive disorders,Total,Agegroup:15–17years–Rate,1.5,,
hospitalisation,2023-2024,2024,2023,Substance-related disorders,Female,Agegroup:15–17years–Rate,54.0,,
hospitalisation,2023-2024,2024,2023,Substance-related disorders,Male,Agegroup:15–17years–Rate,56.3,,
hospitalisation,2023-2024,2024,2023,Substance-related disorders,Total,Agegroup:15–17years–Rate,55.1,,
hospitalisation,2023-2024,2024,2023,Schizophrenic and psychotic disorders,Female,Agegroup:15–17years–Rate,44.0,,
hospitalisation,2023-2024,2024,2023,Schizophrenic and psychotic disorders,Male,Agegroup:15–17years–Rate,59.4,,
hospitalisation,2023-2024,2024,2023,Schizophrenic and psychotic disorders,Total,Agegroup:15–17years–Rate,51.9,,
hospitalisation,2023-2024,2024,2023,Mood disorders,Female,Agegroup:15–17years–Rate,291.3,,
hospitalisation,2023-2024,2024,2023,Mood disorders,Male,Agegroup:15–17years–Rate,121.8,,
hospitalisation,2023-2024,2024,2023,Mood disorders,Total,Agegroup:15–17years–Rate,204.1,,
hospitalisation,2023-2024,2024,2023,Anxiety disorders,Female,Agegroup:15–17years–Rate,106.4,,
hospitalisation,2023-2024,2024,2023,Anxiety disorders,Male,Agegroup:15–17years–Rate,30.7,,
hospitalisation,2023-2024,2024,2023,Anxiety disorders,Total,Agegroup:15–17years–Rate,67.4,,
hospitalisation,2023-2024,2024,2023,Personality disorders,Female,Agegroup:15–17years–Rate,96.7,,
hospitalisation,2023-2024,2024,2023,Personality disorders,Male,Agegroup:15–17years–Rate,11.6,,
hospitalisation,2023-2024,2024,2023,Personality disorders,Total,Agegroup:15–17years–Rate,52.9,,
hospitalisation,2023-2024,2024,2023,Other disorders,Female,Agegroup:15–17years–Rate,438.7,,
hospitalisation,2023-2024,2024,2023,Other disorders,Male,Agegroup:15–17years–Rate,193.4,,
hospitalisation,2023-2024,2024,2023,Other disorders,Total,Agegroup:15–17years–Rate,312.4,,
hospitalisation,2023-2024,2024,2023,   Trauma- and stressor-related disorders,Female,Agegroup:15–17years–Rate,238.9,,
hospitalisation,2023-2024,2024,2023,   Trauma- and stressor-related disorders,Male,Agegroup:15–17years–Rate,88.4,,
hospitalisation,2023-2024,2024,2023,   Trauma- and stressor-related disorders,Total,Agegroup:15–17years–Rate,161.5,,
hospitalisation,2023-2024,2024,2023,"   Disruptive, impulse control and conduct disorders",Female,Agegroup:15–17years–Rate,26.7,,
hospitalisation,2023-2024,2024,2023,"   Disruptive, impulse control and conduct disorders",Male,Agegroup:15–17years–Rate,22.0,,
hospitalisation,2023-2024,2024,2023,"   Disruptive, impulse control and conduct disorders",Total,Agegroup:15–17years–Rate,24.3,,
hospitalisation,2023-2024,2024,2023,   Eating and feeding disorders,Female,Agegroup:15–17years–Rate,104.5,,
hospitalisation,2023-2024,2024,2023,   Eating and feeding disorders,Male,Agegroup:15–17years–Rate,12.5,,
hospitalisation,2023-2024,2024,2023,   Eating and feeding disorders,Total,Agegroup:15–17years–Rate,57.1,,
hospitalisation,2023-2024,2024,2023,   Tic disorders,Female,Agegroup:15–17years–Rate,0.9,,
hospitalisation,2023-2024,2024,2023,   Tic disorders,Male,Agegroup:15–17years–Rate,0.6,,
hospitalisation,2023-2024,2024,2023,   Tic disorders,Total,Agegroup:15–17years–Rate,0.8,,
hospitalisation,2023-2024,2024,2023,   ADHD,Female,Agegroup:15–17years–Rate,29.0,,
hospitalisation,2023-2024,2024,2023,   ADHD,Male,Agegroup:15–17years–Rate,29.6,,
hospitalisation,2023-2024,2024,2023,   ADHD,Total,Agegroup:15–17years–Rate,29.3,,
hospitalisation,2018-2019,2019,2018,Neurocognitive disorders,Female,Agegroup:15–17years–95%CI,1.0,1.0,3.0
hospitalisation,2018-2019,2019,2018,Neurocognitive disorders,Male,Agegroup:15–17years–95%CI,1.0,1.0,2.0
hospitalisation,2018-2019,2019,2018,Neurocognitive disorders,Total,Agegroup:15–17years–95%CI,1.0,1.0,3.0
hospitalisation,2018-2019,2019,2018,Substance-related disorders,Female,Agegroup:15–17years–95%CI,72.0,72.0,87.0
hospitalisation,2018-2019,2019,2018,Substance-related disorders,Male,Agegroup:15–17years–95%CI,76.0,76.0,91.0
hospitalisation,2018-2019,2019,2018,Substance-related disorders,Total,Agegroup:15–17years–95%CI,76.0,76.0,87.0
hospitalisation,2018-2019,2019,2018,Schizophrenic and psychotic disorders,Female,Agegroup:15–17years–95%CI,38.0,38.0,49.0
hospitalisation,2018-2019,2019,2018,Schizophrenic and psychotic disorders,Male,Agegroup:15–17years–95%CI,67.0,67.0,81.0
hospitalisation,2018-2019,2019,2018,Schizophrenic and psychotic disorders,Total,Agegroup:15–17years–95%CI,55.0,55.0,63.0
hospitalisation,2018-2019,2019,2018,Mood disorders,Female,Agegroup:15–17years–95%CI,484.0,484.0,520.0
hospitalisation,2018-2019,2019,2018,Mood disorders,Male,Agegroup:15–17years–95%CI,192.0,192.0,215.0
hospitalisation,2018-2019,2019,2018,Mood disorders,Total,Agegroup:15–17years–95%CI,339.0,339.0,360.0
hospitalisation,2018-2019,2019,2018,Anxiety disorders,Female,Agegroup:15–17years–95%CI,155.0,155.0,176.0
hospitalisation,2018-2019,2019,2018,Anxiety disorders,Male,Agegroup:15–17years–95%CI,55.0,55.0,67.0
hospitalisation,2018-2019,2019,2018,Anxiety disorders,Total,Agegroup:15–17years–95%CI,106.0,106.0,118.0
hospitalisation,2018-2019,2019,2018,Personality disorders,Female,Agegroup:15–17years–95%CI,97.0,97.0,113.0
hospitalisation,2018-2019,2019,2018,Personality disorders,Male,Agegroup:15–17years–95%CI,16.0,16.0,23.0
hospitalisation,2018-2019,2019,2018,Personality disorders,Total,Agegroup:15–17years–95%CI,57.0,57.0,66.0
hospitalisation,2018-2019,2019,2018,Other disorders,Female,Agegroup:15–17years–95%CI,504.0,504.0,541.0
hospitalisation,2018-2019,2019,2018,Other disorders,Male,Agegroup:15–17years–95%CI,242.0,242.0,267.0
hospitalisation,2018-2019,2019,2018,Other disorders,Total,Agegroup:15–17years–95%CI,374.0,374.0,397.0
hospitalisation,2018-2019,2019,2018,   Trauma- and stressor-related disorders,Female,Agegroup:15–17years–95%CI,318.0,318.0,347.0
hospitalisation,2018-2019,2019,2018,   Trauma- and stressor-related disorders,Male,Agegroup:15–17years–95%CI,128.0,128.0,146.0
hospitalisation,2018-2019,2019,2018,   Trauma- and stressor-related disorders,Total,Agegroup:15–17years–95%CI,224.0,224.0,241.0
hospitalisation,2018-2019,2019,2018,"   Disruptive, impulse control and conduct disorders",Female,Agegroup:15–17years–95%CI,30.0,30.0,39.0
hospitalisation,2018-2019,2019,2018,"   Disruptive, impulse control and conduct disorders",Male,Agegroup:15–17years–95%CI,36.0,36.0,47.0
hospitalisation,2018-2019,2019,2018,"   Disruptive, impulse control and conduct disorders",Total,Agegroup:15–17years–95%CI,35.0,35.0,42.0
hospitalisation,2018-2019,2019,2018,   Eating and feeding disorders,Female,Agegroup:15–17years–95%CI,74.0,74.0,89.0
hospitalisation,2018-2019,2019,2018,   Eating and feeding disorders,Male,Agegroup:15–17years–95%CI,5.0,5.0,10.0
hospitalisation,2018-2019,2019,2018,   Eating and feeding disorders,Total,Agegroup:15–17years–95%CI,40.0,40.0,47.0
hospitalisation,2018-2019,2019,2018,   Tic disorders,Female,Agegroup:15–17years–95%CI,1.0,1.0,3.0
hospitalisation,2018-2019,2019,2018,   Tic disorders,Male,Agegroup:15–17years–95%CI,0.0,0.0,2.0
hospitalisation,2018-2019,2019,2018,   Tic disorders,Total,Agegroup:15–17years–95%CI,1.0,1.0,2.0
hospitalisation,2018-2019,2019,2018,   ADHD,Female,Agegroup:15–17years–95%CI,20.0,20.0,28.0
hospitalisation,2018-2019,2019,2018,   ADHD,Male,Agegroup:15–17years–95%CI,25.0,25.0,34.0
hospitalisation,2018-2019,2019,2018,   ADHD,Total,Agegroup:15–17years–95%CI,24.0,24.0,30.0
hospitalisation,2019-2020,2020,2019,Neurocognitive disorders,Female,Agegroup:15–17years–95%CI,1.0,1.0,3.0
hospitalisation,2019-2020,2020,2019,Neurocognitive disorders,Male,Agegroup:15–17years–95%CI,0.0,0.0,2.0
hospitalisation,2019-2020,2020,2019,Neurocognitive disorders,Total,Agegroup:15–17years–95%CI,1.0,1.0,2.0
hospitalisation,2019-2020,2020,2019,Substance-related disorders,Female,Agegroup:15–17years–95%CI,65.0,65.0,79.0
hospitalisation,2019-2020,2020,2019,Substance-related disorders,Male,Agegroup:15–17years–95%CI,79.0,79.0,94.0
hospitalisation,2019-2020,2020,2019,Substance-related disorders,Total,Agegroup:15–17years–95%CI,75.0,75.0,85.0
hospitalisation,2019-2020,2020,2019,Schizophrenic and psychotic disorders,Female,Agegroup:15–17years–95%CI,36.0,36.0,46.0
hospitalisation,2019-2020,2020,2019,Schizophrenic and psychotic disorders,Male,Agegroup:15–17years–95%CI,66.0,66.0,80.0
hospitalisation,2019-2020,2020,2019,Schizophrenic and psychotic disorders,Total,Agegroup:15–17years–95%CI,53.0,53.0,62.0
hospitalisation,2019-2020,2020,2019,Mood disorders,Female,Agegroup:15–17years–95%CI,432.0,432.0,466.0
hospitalisation,2019-2020,2020,2019,Mood disorders,Male,Agegroup:15–17years–95%CI,176.0,176.0,198.0
hospitalisation,2019-2020,2020,2019,Mood disorders,Total,Agegroup:15–17years–95%CI,305.0,305.0,325.0
hospitalisation,2019-2020,2020,2019,Anxiety disorders,Female,Agegroup:15–17years–95%CI,149.0,149.0,170.0
hospitalisation,2019-2020,2020,2019,Anxiety disorders,Male,Agegroup:15–17years–95%CI,50.0,50.0,62.0
hospitalisation,2019-2020,2020,2019,Anxiety disorders,Total,Agegroup:15–17years–95%CI,101.0,101.0,112.0
hospitalisation,2019-2020,2020,2019,Personality disorders,Female,Agegroup:15–17years–95%CI,83.0,83.0,98.0
hospitalisation,2019-2020,2020,2019,Personality disorders,Male,Agegroup:15–17years–95%CI,13.0,13.0,19.0
hospitalisation,2019-2020,2020,2019,Personality disorders,Total,Agegroup:15–17years–95%CI,48.0,48.0,56.0
hospitalisation,2019-2020,2020,2019,Other disorders,Female,Agegroup:15–17years–95%CI,474.0,474.0,510.0
hospitalisation,2019-2020,2020,2019,Other disorders,Male,Agegroup:15–17years–95%CI,229.0,229.0,254.0
hospitalisation,2019-2020,2020,2019,Other disorders,Total,Agegroup:15–17years–95%CI,353.0,353.0,375.0
hospitalisation,2019-2020,2020,2019,   Trauma- and stressor-related disorders,Female,Agegroup:15–17years–95%CI,291.0,291.0,319.0
hospitalisation,2019-2020,2020,2019,   Trauma- and stressor-related disorders,Male,Agegroup:15–17years–95%CI,114.0,114.0,131.0
hospitalisation,2019-2020,2020,2019,   Trauma- and stressor-related disorders,Total,Agegroup:15–17years–95%CI,203.0,203.0,220.0
hospitalisation,2019-2020,2020,2019,"   Disruptive, impulse control and conduct disorders",Female,Agegroup:15–17years–95%CI,27.0,27.0,36.0
hospitalisation,2019-2020,2020,2019,"   Disruptive, impulse control and conduct disorders",Male,Agegroup:15–17years–95%CI,33.0,33.0,43.0
hospitalisation,2019-2020,2020,2019,"   Disruptive, impulse control and conduct disorders",Total,Agegroup:15–17years–95%CI,31.0,31.0,38.0
hospitalisation,2019-2020,2020,2019,   Eating and feeding disorders,Female,Agegroup:15–17years–95%CI,74.0,74.0,89.0
hospitalisation,2019-2020,2020,2019,   Eating and feeding disorders,Male,Agegroup:15–17years–95%CI,4.0,4.0,8.0
hospitalisation,2019-2020,2020,2019,   Eating and feeding disorders,Total,Agegroup:15–17years–95%CI,39.0,39.0,47.0
hospitalisation,2019-2020,2020,2019,   Tic disorders,Female,Agegroup:15–17years–95%CI,1.0,1.0,3.0
hospitalisation,2019-2020,2020,2019,   Tic disorders,Male,Agegroup:15–17years–95%CI,0.0,0.0,2.0
hospitalisation,2019-2020,2020,2019,   Tic disorders,Total,Agegroup:15–17years–95%CI,1.0,1.0,2.0
hospitalisation,2019-2020,2020,2019,   ADHD,Female,Agegroup:15–17years–95%CI,19.0,19.0,26.0
hospitalisation,2019-2020,2020,2019,   ADHD,Male,Agegroup:15–17years–95%CI,24.0,24.0,32.0
hospitalisation,2019-2020,2020,2019,   ADHD,Total,Agegroup:15–17years–95%CI,22.0,22.0,28.0
hospitalisation,2020-2021,2021,2020,Neurocognitive disorders,Female,Agegroup:15–17years–95%CI,0.0,0.0,2.0
hospitalisation,2020-2021,2021,2020,Neurocognitive disorders,Male,Agegroup:15–17years–95%CI,0.0,0.0,2.0
hospitalisation,2020-2021,2021,2020,Neurocognitive disorders,Total,Agegroup:15–17years–95%CI,0.0,0.0,1.0
hospitalisation,2020-2021,2021,2020,Substance-related disorders,Female,Agegroup:15–17years–95%CI,58.0,58.0,70.0
hospitalisation,2020-2021,2021,2020,Substance-related disorders,Male,Agegroup:15–17years–95%CI,70.0,70.0,84.0
hospitalisation,2020-2021,2021,2020,Substance-related disorders,Total,Agegroup:15–17years–95%CI,66.0,66.0,75.0
hospitalisation,2020-2021,2021,2020,Schizophrenic and psychotic disorders,Female,Agegroup:15–17years–95%CI,34.0,34.0,44.0
hospitalisation,2020-2021,2021,2020,Schizophrenic and psychotic disorders,Male,Agegroup:15–17years–95%CI,63.0,63.0,76.0
hospitalisation,2020-2021,2021,2020,Schizophrenic and psychotic disorders,Total,Agegroup:15–17years–95%CI,50.0,50.0,59.0
hospitalisation,2020-2021,2021,2020,Mood disorders,Female,Agegroup:15–17years–95%CI,372.0,372.0,403.0
hospitalisation,2020-2021,2021,2020,Mood disorders,Male,Agegroup:15–17years–95%CI,130.0,130.0,149.0
hospitalisation,2020-2021,2021,2020,Mood disorders,Total,Agegroup:15–17years–95%CI,251.0,251.0,269.0
hospitalisation,2020-2021,2021,2020,Anxiety disorders,Female,Agegroup:15–17years–95%CI,130.0,130.0,149.0
hospitalisation,2020-2021,2021,2020,Anxiety disorders,Male,Agegroup:15–17years–95%CI,42.0,42.0,53.0
hospitalisation,2020-2021,2021,2020,Anxiety disorders,Total,Agegroup:15–17years–95%CI,87.0,87.0,98.0
hospitalisation,2020-2021,2021,2020,Personality disorders,Female,Agegroup:15–17years–95%CI,75.0,75.0,90.0
hospitalisation,2020-2021,2021,2020,Personality disorders,Male,Agegroup:15–17years–95%CI,8.0,8.0,13.0
hospitalisation,2020-2021,2021,2020,Personality disorders,Total,Agegroup:15–17years–95%CI,42.0,42.0,49.0
hospitalisation,2020-2021,2021,2020,Other disorders,Female,Agegroup:15–17years–95%CI,442.0,442.0,476.0
hospitalisation,2020-2021,2021,2020,Other disorders,Male,Agegroup:15–17years–95%CI,168.0,168.0,189.0
hospitalisation,2020-2021,2021,2020,Other disorders,Total,Agegroup:15–17years–95%CI,305.0,305.0,325.0
hospitalisation,2020-2021,2021,2020,   Trauma- and stressor-related disorders,Female,Agegroup:15–17years–95%CI,228.0,228.0,253.0
hospitalisation,2020-2021,2021,2020,   Trauma- and stressor-related disorders,Male,Agegroup:15–17years–95%CI,77.0,77.0,91.0
hospitalisation,2020-2021,2021,2020,   Trauma- and stressor-related disorders,Total,Agegroup:15–17years–95%CI,153.0,153.0,167.0
hospitalisation,2020-2021,2021,2020,"   Disruptive, impulse control and conduct disorders",Female,Agegroup:15–17years–95%CI,18.0,18.0,25.0
hospitalisation,2020-2021,2021,2020,"   Disruptive, impulse control and conduct disorders",Male,Agegroup:15–17years–95%CI,23.0,23.0,31.0
hospitalisation,2020-2021,2021,2020,"   Disruptive, impulse control and conduct disorders",Total,Agegroup:15–17years–95%CI,22.0,22.0,27.0
hospitalisation,2020-2021,2021,2020,   Eating and feeding disorders,Female,Agegroup:15–17years–95%CI,111.0,111.0,128.0
hospitalisation,2020-2021,2021,2020,   Eating and feeding disorders,Male,Agegroup:15–17years–95%CI,7.0,7.0,12.0
hospitalisation,2020-2021,2021,2020,   Eating and feeding disorders,Total,Agegroup:15–17years–95%CI,58.0,58.0,67.0
hospitalisation,2020-2021,2021,2020,   Tic disorders,Female,Agegroup:15–17years–95%CI,2.0,2.0,5.0
hospitalisation,2020-2021,2021,2020,   Tic disorders,Male,Agegroup:15–17years–95%CI,0.0,0.0,2.0
hospitalisation,2020-2021,2021,2020,   Tic disorders,Total,Agegroup:15–17years–95%CI,2.0,2.0,3.0
hospitalisation,2020-2021,2021,2020,   ADHD,Female,Agegroup:15–17years–95%CI,19.0,19.0,26.0
hospitalisation,2020-2021,2021,2020,   ADHD,Male,Agegroup:15–17years–95%CI,22.0,22.0,30.0
hospitalisation,2020-2021,2021,2020,   ADHD,Total,Agegroup:15–17years–95%CI,22.0,22.0,27.0
hospitalisation,2021-2022,2022,2021,Neurocognitive disorders,Female,Agegroup:15–17years–95%CI,0.0,0.0,2.0
hospitalisation,2021-2022,2022,2021,Neurocognitive disorders,Male,Agegroup:15–17years–95%CI,1.0,1.0,3.0
hospitalisation,2021-2022,2022,2021,Neurocognitive disorders,Total,Agegroup:15–17years–95%CI,1.0,1.0,2.0
hospitalisation,2021-2022,2022,2021,Substance-related disorders,Female,Agegroup:15–17years–95%CI,51.0,51.0,63.0
hospitalisation,2021-2022,2022,2021,Substance-related disorders,Male,Agegroup:15–17years–95%CI,54.0,54.0,66.0
hospitalisation,2021-2022,2022,2021,Substance-related disorders,Total,Agegroup:15–17years–95%CI,54.0,54.0,63.0
hospitalisation,2021-2022,2022,2021,Schizophrenic and psychotic disorders,Female,Agegroup:15–17years–95%CI,37.0,37.0,48.0
hospitalisation,2021-2022,2022,2021,Schizophrenic and psychotic disorders,Male,Agegroup:15–17years–95%CI,63.0,63.0,76.0
hospitalisation,2021-2022,2022,2021,Schizophrenic and psychotic disorders,Total,Agegroup:15–17years–95%CI,52.0,52.0,61.0
hospitalisation,2021-2022,2022,2021,Mood disorders,Female,Agegroup:15–17years–95%CI,437.0,437.0,471.0
hospitalisation,2021-2022,2022,2021,Mood disorders,Male,Agegroup:15–17years–95%CI,143.0,143.0,162.0
hospitalisation,2021-2022,2022,2021,Mood disorders,Total,Agegroup:15–17years–95%CI,289.0,289.0,308.0
hospitalisation,2021-2022,2022,2021,Anxiety disorders,Female,Agegroup:15–17years–95%CI,149.0,149.0,170.0
hospitalisation,2021-2022,2022,2021,Anxiety disorders,Male,Agegroup:15–17years–95%CI,40.0,40.0,51.0
hospitalisation,2021-2022,2022,2021,Anxiety disorders,Total,Agegroup:15–17years–95%CI,95.0,95.0,106.0
hospitalisation,2021-2022,2022,2021,Personality disorders,Female,Agegroup:15–17years–95%CI,107.0,107.0,124.0
hospitalisation,2021-2022,2022,2021,Personality disorders,Male,Agegroup:15–17years–95%CI,12.0,12.0,19.0
hospitalisation,2021-2022,2022,2021,Personality disorders,Total,Agegroup:15–17years–95%CI,59.0,59.0,68.0
hospitalisation,2021-2022,2022,2021,Other disorders,Female,Agegroup:15–17years–95%CI,529.0,529.0,566.0
hospitalisation,2021-2022,2022,2021,Other disorders,Male,Agegroup:15–17years–95%CI,188.0,188.0,210.0
hospitalisation,2021-2022,2022,2021,Other disorders,Total,Agegroup:15–17years–95%CI,357.0,357.0,379.0
hospitalisation,2021-2022,2022,2021,   Trauma- and stressor-related disorders,Female,Agegroup:15–17years–95%CI,283.0,283.0,310.0
hospitalisation,2021-2022,2022,2021,   Trauma- and stressor-related disorders,Male,Agegroup:15–17years–95%CI,89.0,89.0,104.0
hospitalisation,2021-2022,2022,2021,   Trauma- and stressor-related disorders,Total,Agegroup:15–17years–95%CI,185.0,185.0,201.0
hospitalisation,2021-2022,2022,2021,"   Disruptive, impulse control and conduct disorders",Female,Agegroup:15–17years–95%CI,22.0,22.0,31.0
hospitalisation,2021-2022,2022,2021,"   Disruptive, impulse control and conduct disorders",Male,Agegroup:15–17years–95%CI,26.0,26.0,35.0
hospitalisation,2021-2022,2022,2021,"   Disruptive, impulse control and conduct disorders",Total,Agegroup:15–17years–95%CI,26.0,26.0,32.0
hospitalisation,2021-2022,2022,2021,   Eating and feeding disorders,Female,Agegroup:15–17years–95%CI,128.0,128.0,147.0
hospitalisation,2021-2022,2022,2021,   Eating and feeding disorders,Male,Agegroup:15–17years–95%CI,8.0,8.0,13.0
hospitalisation,2021-2022,2022,2021,   Eating and feeding disorders,Total,Agegroup:15–17years–95%CI,67.0,67.0,77.0
hospitalisation,2021-2022,2022,2021,   Tic disorders,Female,Agegroup:15–17years–95%CI,2.0,2.0,5.0
hospitalisation,2021-2022,2022,2021,   Tic disorders,Male,Agegroup:15–17years–95%CI,0.0,0.0,1.0
hospitalisation,2021-2022,2022,2021,   Tic disorders,Total,Agegroup:15–17years–95%CI,1.0,1.0,2.0
hospitalisation,2021-2022,2022,2021,   ADHD,Female,Agegroup:15–17years–95%CI,24.0,24.0,33.0
hospitalisation,2021-2022,2022,2021,   ADHD,Male,Agegroup:15–17years–95%CI,23.0,23.0,31.0
hospitalisation,2021-2022,2022,2021,   ADHD,Total,Agegroup:15–17years–95%CI,25.0,25.0,31.0
hospitalisation,2022-2023,2023,2022,Neurocognitive disorders,Female,Agegroup:15–17years–95%CI,0.0,0.0,1.0
hospitalisation,2022-2023,2023,2022,Neurocognitive disorders,Male,Agegroup:15–17years–95%CI,1.0,1.0,3.0
hospitalisation,2022-2023,2023,2022,Neurocognitive disorders,Total,Agegroup:15–17years–95%CI,1.0,1.0,2.0
hospitalisation,2022-2023,2023,2022,Substance-related disorders,Female,Agegroup:15–17years–95%CI,57.0,57.0,69.0
hospitalisation,2022-2023,2023,2022,Substance-related disorders,Male,Agegroup:15–17years–95%CI,54.0,54.0,66.0
hospitalisation,2022-2023,2023,2022,Substance-related disorders,Total,Agegroup:15–17years–95%CI,57.0,57.0,66.0
hospitalisation,2022-2023,2023,2022,Schizophrenic and psychotic disorders,Female,Agegroup:15–17years–95%CI,36.0,36.0,46.0
hospitalisation,2022-2023,2023,2022,Schizophrenic and psychotic disorders,Male,Agegroup:15–17years–95%CI,56.0,56.0,69.0
hospitalisation,2022-2023,2023,2022,Schizophrenic and psychotic disorders,Total,Agegroup:15–17years–95%CI,48.0,48.0,56.0
hospitalisation,2022-2023,2023,2022,Mood disorders,Female,Agegroup:15–17years–95%CI,345.0,345.0,375.0
hospitalisation,2022-2023,2023,2022,Mood disorders,Male,Agegroup:15–17years–95%CI,124.0,124.0,142.0
hospitalisation,2022-2023,2023,2022,Mood disorders,Total,Agegroup:15–17years–95%CI,235.0,235.0,252.0
hospitalisation,2022-2023,2023,2022,Anxiety disorders,Female,Agegroup:15–17years–95%CI,116.0,116.0,134.0
hospitalisation,2022-2023,2023,2022,Anxiety disorders,Male,Agegroup:15–17years–95%CI,38.0,38.0,48.0
hospitalisation,2022-2023,2023,2022,Anxiety disorders,Total,Agegroup:15–17years–95%CI,78.0,78.0,88.0
hospitalisation,2022-2023,2023,2022,Personality disorders,Female,Agegroup:15–17years–95%CI,106.0,106.0,123.0
hospitalisation,2022-2023,2023,2022,Personality disorders,Male,Agegroup:15–17years–95%CI,14.0,14.0,20.0
hospitalisation,2022-2023,2023,2022,Personality disorders,Total,Agegroup:15–17years–95%CI,60.0,60.0,69.0
hospitalisation,2022-2023,2023,2022,Other disorders,Female,Agegroup:15–17years–95%CI,455.0,455.0,490.0
hospitalisation,2022-2023,2023,2022,Other disorders,Male,Agegroup:15–17years–95%CI,176.0,176.0,197.0
hospitalisation,2022-2023,2023,2022,Other disorders,Total,Agegroup:15–17years–95%CI,315.0,315.0,335.0
hospitalisation,2022-2023,2023,2022,   Trauma- and stressor-related disorders,Female,Agegroup:15–17years–95%CI,248.0,248.0,274.0
hospitalisation,2022-2023,2023,2022,   Trauma- and stressor-related disorders,Male,Agegroup:15–17years–95%CI,82.0,82.0,97.0
hospitalisation,2022-2023,2023,2022,   Trauma- and stressor-related disorders,Total,Agegroup:15–17years–95%CI,166.0,166.0,180.0
hospitalisation,2022-2023,2023,2022,"   Disruptive, impulse control and conduct disorders",Female,Agegroup:15–17years–95%CI,18.0,18.0,26.0
hospitalisation,2022-2023,2023,2022,"   Disruptive, impulse control and conduct disorders",Male,Agegroup:15–17years–95%CI,20.0,20.0,28.0
hospitalisation,2022-2023,2023,2022,"   Disruptive, impulse control and conduct disorders",Total,Agegroup:15–17years–95%CI,20.0,20.0,26.0
hospitalisation,2022-2023,2023,2022,   Eating and feeding disorders,Female,Agegroup:15–17years–95%CI,97.0,97.0,114.0
hospitalisation,2022-2023,2023,2022,   Eating and feeding disorders,Male,Agegroup:15–17years–95%CI,9.0,9.0,14.0
hospitalisation,2022-2023,2023,2022,   Eating and feeding disorders,Total,Agegroup:15–17years–95%CI,53.0,53.0,61.0
hospitalisation,2022-2023,2023,2022,   Tic disorders,Female,Agegroup:15–17years–95%CI,0.0,0.0,2.0
hospitalisation,2022-2023,2023,2022,   Tic disorders,Male,Agegroup:15–17years–95%CI,0.0,0.0,1.0
hospitalisation,2022-2023,2023,2022,   Tic disorders,Total,Agegroup:15–17years–95%CI,0.0,0.0,1.0
hospitalisation,2022-2023,2023,2022,   ADHD,Female,Agegroup:15–17years–95%CI,25.0,25.0,33.0
hospitalisation,2022-2023,2023,2022,   ADHD,Male,Agegroup:15–17years–95%CI,21.0,21.0,29.0
hospitalisation,2022-2023,2023,2022,   ADHD,Total,Agegroup:15–17years–95%CI,24.0,24.0,30.0
hospitalisation,2023-2024,2024,2023,Neurocognitive disorders,Female,Agegroup:15–17years–95%CI,1.0,1.0,3.0
hospitalisation,2023-2024,2024,2023,Neurocognitive disorders,Male,Agegroup:15–17years–95%CI,0.0,0.0,2.0
hospitalisation,2023-2024,2024,2023,Neurocognitive disorders,Total,Agegroup:15–17years–95%CI,1.0,1.0,2.0
hospitalisation,2023-2024,2024,2023,Substance-related disorders,Female,Agegroup:15–17years–95%CI,48.0,48.0,60.0
hospitalisation,2023-2024,2024,2023,Substance-related disorders,Male,Agegroup:15–17years–95%CI,51.0,51.0,62.0
hospitalisation,2023-2024,2024,2023,Substance-related disorders,Total,Agegroup:15–17years–95%CI,51.0,51.0,59.0
hospitalisation,2023-2024,2024,2023,Schizophrenic and psychotic disorders,Female,Agegroup:15–17years–95%CI,39.0,39.0,49.0
hospitalisation,2023-2024,2024,2023,Schizophrenic and psychotic disorders,Male,Agegroup:15–17years–95%CI,54.0,54.0,65.0
hospitalisation,2023-2024,2024,2023,Schizophrenic and psychotic disorders,Total,Agegroup:15–17years–95%CI,48.0,48.0,56.0
hospitalisation,2023-2024,2024,2023,Mood disorders,Female,Agegroup:15–17years–95%CI,278.0,278.0,305.0
hospitalisation,2023-2024,2024,2023,Mood disorders,Male,Agegroup:15–17years–95%CI,113.0,113.0,130.0
hospitalisation,2023-2024,2024,2023,Mood disorders,Total,Agegroup:15–17years–95%CI,196.0,196.0,212.0
hospitalisation,2023-2024,2024,2023,Anxiety disorders,Female,Agegroup:15–17years–95%CI,98.0,98.0,114.0
hospitalisation,2023-2024,2024,2023,Anxiety disorders,Male,Agegroup:15–17years–95%CI,26.0,26.0,35.0
hospitalisation,2023-2024,2024,2023,Anxiety disorders,Total,Agegroup:15–17years–95%CI,63.0,63.0,72.0
hospitalisation,2023-2024,2024,2023,Personality disorders,Female,Agegroup:15–17years–95%CI,89.0,89.0,104.0
hospitalisation,2023-2024,2024,2023,Personality disorders,Male,Agegroup:15–17years–95%CI,9.0,9.0,14.0
hospitalisation,2023-2024,2024,2023,Personality disorders,Total,Agegroup:15–17years–95%CI,49.0,49.0,57.0
hospitalisation,2023-2024,2024,2023,Other disorders,Female,Agegroup:15–17years–95%CI,422.0,422.0,455.0
hospitalisation,2023-2024,2024,2023,Other disorders,Male,Agegroup:15–17years–95%CI,183.0,183.0,204.0
hospitalisation,2023-2024,2024,2023,Other disorders,Total,Agegroup:15–17years–95%CI,303.0,303.0,322.0
hospitalisation,2023-2024,2024,2023,   Trauma- and stressor-related disorders,Female,Agegroup:15–17years–95%CI,227.0,227.0,251.0
hospitalisation,2023-2024,2024,2023,   Trauma- and stressor-related disorders,Male,Agegroup:15–17years–95%CI,81.0,81.0,96.0
hospitalisation,2023-2024,2024,2023,   Trauma- and stressor-related disorders,Total,Agegroup:15–17years–95%CI,155.0,155.0,168.0
hospitalisation,2023-2024,2024,2023,"   Disruptive, impulse control and conduct disorders",Female,Agegroup:15–17years–95%CI,23.0,23.0,31.0
hospitalisation,2023-2024,2024,2023,"   Disruptive, impulse control and conduct disorders",Male,Agegroup:15–17years–95%CI,18.0,18.0,26.0
hospitalisation,2023-2024,2024,2023,"   Disruptive, impulse control and conduct disorders",Total,Agegroup:15–17years–95%CI,22.0,22.0,27.0
hospitalisation,2023-2024,2024,2023,   Eating and feeding disorders,Female,Agegroup:15–17years–95%CI,97.0,97.0,112.0
hospitalisation,2023-2024,2024,2023,   Eating and feeding disorders,Male,Agegroup:15–17years–95%CI,10.0,10.0,15.0
hospitalisation,2023-2024,2024,2023,   Eating and feeding disorders,Total,Agegroup:15–17years–95%CI,53.0,53.0,61.0
hospitalisation,2023-2024,2024,2023,   Tic disorders,Female,Agegroup:15–17years–95%CI,0.0,0.0,2.0
hospitalisation,2023-2024,2024,2023,   Tic disorders,Male,Agegroup:15–17years–95%CI,0.0,0.0,1.0
hospitalisation,2023-2024,2024,2023,   Tic disorders,Total,Agegroup:15–17years–95%CI,0.0,0.0,1.0
hospitalisation,2023-2024,2024,2023,   ADHD,Female,Agegroup:15–17years–95%CI,25.0,25.0,33.0
hospitalisation,2023-2024,2024,2023,   ADHD,Male,Agegroup:15–17years–95%CI,26.0,26.0,34.0
hospitalisation,2023-2024,2024,2023,   ADHD,Total,Agegroup:15–17years–95%CI,26.0,26.0,32.0
hospitalisation,2018-2019,2019,2018,Neurocognitive disorders,Female,Agegroup:18–24years–Rate,2.2,,
hospitalisation,2018-2019,2019,2018,Neurocognitive disorders,Male,Agegroup:18–24years–Rate,2.7,,
hospitalisation,2018-2019,2019,2018,Neurocognitive disorders,Total,Agegroup:18–24years–Rate,2.4,,
hospitalisation,2018-2019,2019,2018,Substance-related disorders,Female,Agegroup:18–24years–Rate,109.1,,
hospitalisation,2018-2019,2019,2018,Substance-related disorders,Male,Agegroup:18–24years–Rate,179.9,,
hospitalisation,2018-2019,2019,2018,Substance-related disorders,Total,Agegroup:18–24years–Rate,145.9,,
hospitalisation,2018-2019,2019,2018,Schizophrenic and psychotic disorders,Female,Agegroup:18–24years–Rate,83.7,,
hospitalisation,2018-2019,2019,2018,Schizophrenic and psychotic disorders,Male,Agegroup:18–24years–Rate,227.4,,
hospitalisation,2018-2019,2019,2018,Schizophrenic and psychotic disorders,Total,Agegroup:18–24years–Rate,158.4,,
hospitalisation,2018-2019,2019,2018,Mood disorders,Female,Agegroup:18–24years–Rate,251.6,,
hospitalisation,2018-2019,2019,2018,Mood disorders,Male,Agegroup:18–24years–Rate,178.9,,
hospitalisation,2018-2019,2019,2018,Mood disorders,Total,Agegroup:18–24years–Rate,213.8,,
hospitalisation,2018-2019,2019,2018,Anxiety disorders,Female,Agegroup:18–24years–Rate,42.5,,
hospitalisation,2018-2019,2019,2018,Anxiety disorders,Male,Agegroup:18–24years–Rate,26.9,,
hospitalisation,2018-2019,2019,2018,Anxiety disorders,Total,Agegroup:18–24years–Rate,34.4,,
hospitalisation,2018-2019,2019,2018,Personality disorders,Female,Agegroup:18–24years–Rate,131.3,,
hospitalisation,2018-2019,2019,2018,Personality disorders,Male,Agegroup:18–24years–Rate,40.9,,
hospitalisation,2018-2019,2019,2018,Personality disorders,Total,Agegroup:18–24years–Rate,84.3,,
hospitalisation,2018-2019,2019,2018,Other disorders,Female,Agegroup:18–24years–Rate,185.7,,
hospitalisation,2018-2019,2019,2018,Other disorders,Male,Agegroup:18–24years–Rate,116.7,,
hospitalisation,2018-2019,2019,2018,Other disorders,Total,Agegroup:18–24years–Rate,149.8,,
hospitalisation,2018-2019,2019,2018,   Trauma- and stressor-related disorders,Female,Agegroup:18–24years–Rate,111.4,,
hospitalisation,2018-2019,2019,2018,   Trauma- and stressor-related disorders,Male,Agegroup:18–24years–Rate,68.0,,
hospitalisation,2018-2019,2019,2018,   Trauma- and stressor-related disorders,Total,Agegroup:18–24years–Rate,88.9,,
hospitalisation,2018-2019,2019,2018,"   Disruptive, impulse control and conduct disorders",Female,Agegroup:18–24years–Rate,4.1,,
hospitalisation,2018-2019,2019,2018,"   Disruptive, impulse control and conduct disorders",Male,Agegroup:18–24years–Rate,7.0,,
hospitalisation,2018-2019,2019,2018,"   Disruptive, impulse control and conduct disorders",Total,Agegroup:18–24years–Rate,5.6,,
hospitalisation,2018-2019,2019,2018,   Eating and feeding disorders,Female,Agegroup:18–24years–Rate,17.7,,
hospitalisation,2018-2019,2019,2018,   Eating and feeding disorders,Male,Agegroup:18–24years–Rate,1.1,,
hospitalisation,2018-2019,2019,2018,   Eating and feeding disorders,Total,Agegroup:18–24years–Rate,9.1,,
hospitalisation,2018-2019,2019,2018,   Tic disorders,Female,Agegroup:18–24years–Rate,0.8,,
hospitalisation,2018-2019,2019,2018,   Tic disorders,Male,Agegroup:18–24years–Rate,0.3,,
hospitalisation,2018-2019,2019,2018,   Tic disorders,Total,Agegroup:18–24years–Rate,0.6,,
hospitalisation,2018-2019,2019,2018,   ADHD,Female,Agegroup:18–24years–Rate,1.1,,
hospitalisation,2018-2019,2019,2018,   ADHD,Male,Agegroup:18–24years–Rate,4.2,,
hospitalisation,2018-2019,2019,2018,   ADHD,Total,Agegroup:18–24years–Rate,2.7,,
hospitalisation,2019-2020,2020,2019,Neurocognitive disorders,Female,Agegroup:18–24years–Rate,1.2,,
hospitalisation,2019-2020,2020,2019,Neurocognitive disorders,Male,Agegroup:18–24years–Rate,2.7,,
hospitalisation,2019-2020,2020,2019,Neurocognitive disorders,Total,Agegroup:18–24years–Rate,2.0,,
hospitalisation,2019-2020,2020,2019,Substance-related disorders,Female,Agegroup:18–24years–Rate,106.9,,
hospitalisation,2019-2020,2020,2019,Substance-related disorders,Male,Agegroup:18–24years–Rate,175.5,,
hospitalisation,2019-2020,2020,2019,Substance-related disorders,Total,Agegroup:18–24years–Rate,142.5,,
hospitalisation,2019-2020,2020,2019,Schizophrenic and psychotic disorders,Female,Agegroup:18–24years–Rate,85.5,,
hospitalisation,2019-2020,2020,2019,Schizophrenic and psychotic disorders,Male,Agegroup:18–24years–Rate,216.9,,
hospitalisation,2019-2020,2020,2019,Schizophrenic and psychotic disorders,Total,Agegroup:18–24years–Rate,153.8,,
hospitalisation,2019-2020,2020,2019,Mood disorders,Female,Agegroup:18–24years–Rate,236.0,,
hospitalisation,2019-2020,2020,2019,Mood disorders,Male,Agegroup:18–24years–Rate,171.3,,
hospitalisation,2019-2020,2020,2019,Mood disorders,Total,Agegroup:18–24years–Rate,202.4,,
hospitalisation,2019-2020,2020,2019,Anxiety disorders,Female,Agegroup:18–24years–Rate,40.6,,
hospitalisation,2019-2020,2020,2019,Anxiety disorders,Male,Agegroup:18–24years–Rate,25.9,,
hospitalisation,2019-2020,2020,2019,Anxiety disorders,Total,Agegroup:18–24years–Rate,33.0,,
hospitalisation,2019-2020,2020,2019,Personality disorders,Female,Agegroup:18–24years–Rate,126.4,,
hospitalisation,2019-2020,2020,2019,Personality disorders,Male,Agegroup:18–24years–Rate,38.9,,
hospitalisation,2019-2020,2020,2019,Personality disorders,Total,Agegroup:18–24years–Rate,80.9,,
hospitalisation,2019-2020,2020,2019,Other disorders,Female,Agegroup:18–24years–Rate,182.4,,
hospitalisation,2019-2020,2020,2019,Other disorders,Male,Agegroup:18–24years–Rate,120.7,,
hospitalisation,2019-2020,2020,2019,Other disorders,Total,Agegroup:18–24years–Rate,150.4,,
hospitalisation,2019-2020,2020,2019,   Trauma- and stressor-related disorders,Female,Agegroup:18–24years–Rate,109.8,,
hospitalisation,2019-2020,2020,2019,   Trauma- and stressor-related disorders,Male,Agegroup:18–24years–Rate,70.9,,
hospitalisation,2019-2020,2020,2019,   Trauma- and stressor-related disorders,Total,Agegroup:18–24years–Rate,89.6,,
hospitalisation,2019-2020,2020,2019,"   Disruptive, impulse control and conduct disorders",Female,Agegroup:18–24years–Rate,4.4,,
hospitalisation,2019-2020,2020,2019,"   Disruptive, impulse control and conduct disorders",Male,Agegroup:18–24years–Rate,7.4,,
hospitalisation,2019-2020,2020,2019,"   Disruptive, impulse control and conduct disorders",Total,Agegroup:18–24years–Rate,6.0,,
hospitalisation,2019-2020,2020,2019,   Eating and feeding disorders,Female,Agegroup:18–24years–Rate,19.1,,
hospitalisation,2019-2020,2020,2019,   Eating and feeding disorders,Male,Agegroup:18–24years–Rate,1.0,,
hospitalisation,2019-2020,2020,2019,   Eating and feeding disorders,Total,Agegroup:18–24years–Rate,9.7,,
hospitalisation,2019-2020,2020,2019,   Tic disorders,Female,Agegroup:18–24years–Rate,0.1,,
hospitalisation,2019-2020,2020,2019,   Tic disorders,Male,Agegroup:18–24years–Rate,0.1,,
hospitalisation,2019-2020,2020,2019,   Tic disorders,Total,Agegroup:18–24years–Rate,0.1,,
hospitalisation,2019-2020,2020,2019,   ADHD,Female,Agegroup:18–24years–Rate,1.7,,
hospitalisation,2019-2020,2020,2019,   ADHD,Male,Agegroup:18–24years–Rate,4.2,,
hospitalisation,2019-2020,2020,2019,   ADHD,Total,Agegroup:18–24years–Rate,3.0,,
hospitalisation,2020-2021,2021,2020,Neurocognitive disorders,Female,Agegroup:18–24years–Rate,1.9,,
hospitalisation,2020-2021,2021,2020,Neurocognitive disorders,Male,Agegroup:18–24years–Rate,2.4,,
hospitalisation,2020-2021,2021,2020,Neurocognitive disorders,Total,Agegroup:18–24years–Rate,2.2,,
hospitalisation,2020-2021,2021,2020,Substance-related disorders,Female,Agegroup:18–24years–Rate,113.5,,
hospitalisation,2020-2021,2021,2020,Substance-related disorders,Male,Agegroup:18–24years–Rate,180.6,,
hospitalisation,2020-2021,2021,2020,Substance-related disorders,Total,Agegroup:18–24years–Rate,148.3,,
hospitalisation,2020-2021,2021,2020,Schizophrenic and psychotic disorders,Female,Agegroup:18–24years–Rate,95.7,,
hospitalisation,2020-2021,2021,2020,Schizophrenic and psychotic disorders,Male,Agegroup:18–24years–Rate,216.4,,
hospitalisation,2020-2021,2021,2020,Schizophrenic and psychotic disorders,Total,Agegroup:18–24years–Rate,158.2,,
hospitalisation,2020-2021,2021,2020,Mood disorders,Female,Agegroup:18–24years–Rate,221.1,,
hospitalisation,2020-2021,2021,2020,Mood disorders,Male,Agegroup:18–24years–Rate,145.0,,
hospitalisation,2020-2021,2021,2020,Mood disorders,Total,Agegroup:18–24years–Rate,181.7,,
hospitalisation,2020-2021,2021,2020,Anxiety disorders,Female,Agegroup:18–24years–Rate,40.1,,
hospitalisation,2020-2021,2021,2020,Anxiety disorders,Male,Agegroup:18–24years–Rate,23.8,,
hospitalisation,2020-2021,2021,2020,Anxiety disorders,Total,Agegroup:18–24years–Rate,31.6,,
hospitalisation,2020-2021,2021,2020,Personality disorders,Female,Agegroup:18–24years–Rate,128.4,,
hospitalisation,2020-2021,2021,2020,Personality disorders,Male,Agegroup:18–24years–Rate,37.9,,
hospitalisation,2020-2021,2021,2020,Personality disorders,Total,Agegroup:18–24years–Rate,81.5,,
hospitalisation,2020-2021,2021,2020,Other disorders,Female,Agegroup:18–24years–Rate,167.8,,
hospitalisation,2020-2021,2021,2020,Other disorders,Male,Agegroup:18–24years–Rate,100.7,,
hospitalisation,2020-2021,2021,2020,Other disorders,Total,Agegroup:18–24years–Rate,133.0,,
hospitalisation,2020-2021,2021,2020,   Trauma- and stressor-related disorders,Female,Agegroup:18–24years–Rate,104.5,,
hospitalisation,2020-2021,2021,2020,   Trauma- and stressor-related disorders,Male,Agegroup:18–24years–Rate,60.9,,
hospitalisation,2020-2021,2021,2020,   Trauma- and stressor-related disorders,Total,Agegroup:18–24years–Rate,81.9,,
hospitalisation,2020-2021,2021,2020,"   Disruptive, impulse control and conduct disorders",Female,Agegroup:18–24years–Rate,3.1,,
hospitalisation,2020-2021,2021,2020,"   Disruptive, impulse control and conduct disorders",Male,Agegroup:18–24years–Rate,5.3,,
hospitalisation,2020-2021,2021,2020,"   Disruptive, impulse control and conduct disorders",Total,Agegroup:18–24years–Rate,4.2,,
hospitalisation,2020-2021,2021,2020,   Eating and feeding disorders,Female,Agegroup:18–24years–Rate,18.3,,
hospitalisation,2020-2021,2021,2020,   Eating and feeding disorders,Male,Agegroup:18–24years–Rate,0.8,,
hospitalisation,2020-2021,2021,2020,   Eating and feeding disorders,Total,Agegroup:18–24years–Rate,9.3,,
hospitalisation,2020-2021,2021,2020,   Tic disorders,Female,Agegroup:18–24years–Rate,0.1,,
hospitalisation,2020-2021,2021,2020,   Tic disorders,Male,Agegroup:18–24years–Rate,0.3,,
hospitalisation,2020-2021,2021,2020,   Tic disorders,Total,Agegroup:18–24years–Rate,0.2,,
hospitalisation,2020-2021,2021,2020,   ADHD,Female,Agegroup:18–24years–Rate,1.9,,
hospitalisation,2020-2021,2021,2020,   ADHD,Male,Agegroup:18–24years–Rate,4.2,,
hospitalisation,2020-2021,2021,2020,   ADHD,Total,Agegroup:18–24years–Rate,3.1,,
hospitalisation,2021-2022,2022,2021,Neurocognitive disorders,Female,Agegroup:18–24years–Rate,1.8,,
hospitalisation,2021-2022,2022,2021,Neurocognitive disorders,Male,Agegroup:18–24years–Rate,2.4,,
hospitalisation,2021-2022,2022,2021,Neurocognitive disorders,Total,Agegroup:18–24years–Rate,2.1,,
hospitalisation,2021-2022,2022,2021,Substance-related disorders,Female,Agegroup:18–24years–Rate,113.4,,
hospitalisation,2021-2022,2022,2021,Substance-related disorders,Male,Agegroup:18–24years–Rate,164.2,,
hospitalisation,2021-2022,2022,2021,Substance-related disorders,Total,Agegroup:18–24years–Rate,139.7,,
hospitalisation,2021-2022,2022,2021,Schizophrenic and psychotic disorders,Female,Agegroup:18–24years–Rate,99.6,,
hospitalisation,2021-2022,2022,2021,Schizophrenic and psychotic disorders,Male,Agegroup:18–24years–Rate,218.7,,
hospitalisation,2021-2022,2022,2021,Schizophrenic and psychotic disorders,Total,Agegroup:18–24years–Rate,161.2,,
hospitalisation,2021-2022,2022,2021,Mood disorders,Female,Agegroup:18–24years–Rate,254.5,,
hospitalisation,2021-2022,2022,2021,Mood disorders,Male,Agegroup:18–24years–Rate,150.7,,
hospitalisation,2021-2022,2022,2021,Mood disorders,Total,Agegroup:18–24years–Rate,200.7,,
hospitalisation,2021-2022,2022,2021,Anxiety disorders,Female,Agegroup:18–24years–Rate,49.0,,
hospitalisation,2021-2022,2022,2021,Anxiety disorders,Male,Agegroup:18–24years–Rate,24.7,,
hospitalisation,2021-2022,2022,2021,Anxiety disorders,Total,Agegroup:18–24years–Rate,36.4,,
hospitalisation,2021-2022,2022,2021,Personality disorders,Female,Agegroup:18–24years–Rate,143.9,,
hospitalisation,2021-2022,2022,2021,Personality disorders,Male,Agegroup:18–24years–Rate,41.6,,
hospitalisation,2021-2022,2022,2021,Personality disorders,Total,Agegroup:18–24years–Rate,91.0,,
hospitalisation,2021-2022,2022,2021,Other disorders,Female,Agegroup:18–24years–Rate,191.7,,
hospitalisation,2021-2022,2022,2021,Other disorders,Male,Agegroup:18–24years–Rate,105.2,,
hospitalisation,2021-2022,2022,2021,Other disorders,Total,Agegroup:18–24years–Rate,147.0,,
hospitalisation,2021-2022,2022,2021,   Trauma- and stressor-related disorders,Female,Agegroup:18–24years–Rate,109.6,,
hospitalisation,2021-2022,2022,2021,   Trauma- and stressor-related disorders,Male,Agegroup:18–24years–Rate,60.1,,
hospitalisation,2021-2022,2022,2021,   Trauma- and stressor-related disorders,Total,Agegroup:18–24years–Rate,84.0,,
hospitalisation,2021-2022,2022,2021,"   Disruptive, impulse control and conduct disorders",Female,Agegroup:18–24years–Rate,4.1,,
hospitalisation,2021-2022,2022,2021,"   Disruptive, impulse control and conduct disorders",Male,Agegroup:18–24years–Rate,4.8,,
hospitalisation,2021-2022,2022,2021,"   Disruptive, impulse control and conduct disorders",Total,Agegroup:18–24years–Rate,4.5,,
hospitalisation,2021-2022,2022,2021,   Eating and feeding disorders,Female,Agegroup:18–24years–Rate,23.2,,
hospitalisation,2021-2022,2022,2021,   Eating and feeding disorders,Male,Agegroup:18–24years–Rate,1.1,,
hospitalisation,2021-2022,2022,2021,   Eating and feeding disorders,Total,Agegroup:18–24years–Rate,11.8,,
hospitalisation,2021-2022,2022,2021,   Tic disorders,Female,Agegroup:18–24years–Rate,0.1,,
hospitalisation,2021-2022,2022,2021,   Tic disorders,Male,Agegroup:18–24years–Rate,0.4,,
hospitalisation,2021-2022,2022,2021,   Tic disorders,Total,Agegroup:18–24years–Rate,0.2,,
hospitalisation,2021-2022,2022,2021,   ADHD,Female,Agegroup:18–24years–Rate,2.6,,
hospitalisation,2021-2022,2022,2021,   ADHD,Male,Agegroup:18–24years–Rate,4.4,,
hospitalisation,2021-2022,2022,2021,   ADHD,Total,Agegroup:18–24years–Rate,3.5,,
hospitalisation,2022-2023,2023,2022,Neurocognitive disorders,Female,Agegroup:18–24years–Rate,1.7,,
hospitalisation,2022-2023,2023,2022,Neurocognitive disorders,Male,Agegroup:18–24years–Rate,1.8,,
hospitalisation,2022-2023,2023,2022,Neurocognitive disorders,Total,Agegroup:18–24years–Rate,1.8,,
hospitalisation,2022-2023,2023,2022,Substance-related disorders,Female,Agegroup:18–24years–Rate,101.2,,
hospitalisation,2022-2023,2023,2022,Substance-related disorders,Male,Agegroup:18–24years–Rate,140.8,,
hospitalisation,2022-2023,2023,2022,Substance-related disorders,Total,Agegroup:18–24years–Rate,121.8,,
hospitalisation,2022-2023,2023,2022,Schizophrenic and psychotic disorders,Female,Agegroup:18–24years–Rate,92.4,,
hospitalisation,2022-2023,2023,2022,Schizophrenic and psychotic disorders,Male,Agegroup:18–24years–Rate,189.8,,
hospitalisation,2022-2023,2023,2022,Schizophrenic and psychotic disorders,Total,Agegroup:18–24years–Rate,142.9,,
hospitalisation,2022-2023,2023,2022,Mood disorders,Female,Agegroup:18–24years–Rate,208.4,,
hospitalisation,2022-2023,2023,2022,Mood disorders,Male,Agegroup:18–24years–Rate,139.9,,
hospitalisation,2022-2023,2023,2022,Mood disorders,Total,Agegroup:18–24years–Rate,172.9,,
hospitalisation,2022-2023,2023,2022,Anxiety disorders,Female,Agegroup:18–24years–Rate,36.2,,
hospitalisation,2022-2023,2023,2022,Anxiety disorders,Male,Agegroup:18–24years–Rate,20.2,,
hospitalisation,2022-2023,2023,2022,Anxiety disorders,Total,Agegroup:18–24years–Rate,27.9,,
hospitalisation,2022-2023,2023,2022,Personality disorders,Female,Agegroup:18–24years–Rate,139.1,,
hospitalisation,2022-2023,2023,2022,Personality disorders,Male,Agegroup:18–24years–Rate,39.0,,
hospitalisation,2022-2023,2023,2022,Personality disorders,Total,Agegroup:18–24years–Rate,87.2,,
hospitalisation,2022-2023,2023,2022,Other disorders,Female,Agegroup:18–24years–Rate,167.5,,
hospitalisation,2022-2023,2023,2022,Other disorders,Male,Agegroup:18–24years–Rate,99.3,,
hospitalisation,2022-2023,2023,2022,Other disorders,Total,Agegroup:18–24years–Rate,132.2,,
hospitalisation,2022-2023,2023,2022,   Trauma- and stressor-related disorders,Female,Agegroup:18–24years–Rate,94.8,,
hospitalisation,2022-2023,2023,2022,   Trauma- and stressor-related disorders,Male,Agegroup:18–24years–Rate,53.6,,
hospitalisation,2022-2023,2023,2022,   Trauma- and stressor-related disorders,Total,Agegroup:18–24years–Rate,73.5,,
hospitalisation,2022-2023,2023,2022,"   Disruptive, impulse control and conduct disorders",Female,Agegroup:18–24years–Rate,4.3,,
hospitalisation,2022-2023,2023,2022,"   Disruptive, impulse control and conduct disorders",Male,Agegroup:18–24years–Rate,6.0,,
hospitalisation,2022-2023,2023,2022,"   Disruptive, impulse control and conduct disorders",Total,Agegroup:18–24years–Rate,5.2,,
hospitalisation,2022-2023,2023,2022,   Eating and feeding disorders,Female,Agegroup:18–24years–Rate,20.2,,
hospitalisation,2022-2023,2023,2022,   Eating and feeding disorders,Male,Agegroup:18–24years–Rate,1.5,,
hospitalisation,2022-2023,2023,2022,   Eating and feeding disorders,Total,Agegroup:18–24years–Rate,10.5,,
hospitalisation,2022-2023,2023,2022,   Tic disorders,Female,Agegroup:18–24years–Rate,0.2,,
hospitalisation,2022-2023,2023,2022,   Tic disorders,Male,Agegroup:18–24years–Rate,0.6,,
hospitalisation,2022-2023,2023,2022,   Tic disorders,Total,Agegroup:18–24years–Rate,0.4,,
hospitalisation,2022-2023,2023,2022,   ADHD,Female,Agegroup:18–24years–Rate,3.3,,
hospitalisation,2022-2023,2023,2022,   ADHD,Male,Agegroup:18–24years–Rate,3.2,,
hospitalisation,2022-2023,2023,2022,   ADHD,Total,Agegroup:18–24years–Rate,3.3,,
hospitalisation,2023-2024,2024,2023,Neurocognitive disorders,Female,Agegroup:18–24years–Rate,1.6,,
hospitalisation,2023-2024,2024,2023,Neurocognitive disorders,Male,Agegroup:18–24years–Rate,1.5,,
hospitalisation,2023-2024,2024,2023,Neurocognitive disorders,Total,Agegroup:18–24years–Rate,1.6,,
hospitalisation,2023-2024,2024,2023,Substance-related disorders,Female,Agegroup:18–24years–Rate,95.7,,
hospitalisation,2023-2024,2024,2023,Substance-related disorders,Male,Agegroup:18–24years–Rate,127.1,,
hospitalisation,2023-2024,2024,2023,Substance-related disorders,Total,Agegroup:18–24years–Rate,112.1,,
hospitalisation,2023-2024,2024,2023,Schizophrenic and psychotic disorders,Female,Agegroup:18–24years–Rate,84.3,,
hospitalisation,2023-2024,2024,2023,Schizophrenic and psychotic disorders,Male,Agegroup:18–24years–Rate,168.7,,
hospitalisation,2023-2024,2024,2023,Schizophrenic and psychotic disorders,Total,Agegroup:18–24years–Rate,128.3,,
hospitalisation,2023-2024,2024,2023,Mood disorders,Female,Agegroup:18–24years–Rate,169.8,,
hospitalisation,2023-2024,2024,2023,Mood disorders,Male,Agegroup:18–24years–Rate,112.7,,
hospitalisation,2023-2024,2024,2023,Mood disorders,Total,Agegroup:18–24years–Rate,140.1,,
hospitalisation,2023-2024,2024,2023,Anxiety disorders,Female,Agegroup:18–24years–Rate,27.1,,
hospitalisation,2023-2024,2024,2023,Anxiety disorders,Male,Agegroup:18–24years–Rate,16.4,,
hospitalisation,2023-2024,2024,2023,Anxiety disorders,Total,Agegroup:18–24years–Rate,21.5,,
hospitalisation,2023-2024,2024,2023,Personality disorders,Female,Agegroup:18–24years–Rate,119.5,,
hospitalisation,2023-2024,2024,2023,Personality disorders,Male,Agegroup:18–24years–Rate,34.9,,
hospitalisation,2023-2024,2024,2023,Personality disorders,Total,Agegroup:18–24years–Rate,75.4,,
hospitalisation,2023-2024,2024,2023,Other disorders,Female,Agegroup:18–24years–Rate,156.4,,
hospitalisation,2023-2024,2024,2023,Other disorders,Male,Agegroup:18–24years–Rate,94.2,,
hospitalisation,2023-2024,2024,2023,Other disorders,Total,Agegroup:18–24years–Rate,124.0,,
hospitalisation,2023-2024,2024,2023,   Trauma- and stressor-related disorders,Female,Agegroup:18–24years–Rate,90.6,,
hospitalisation,2023-2024,2024,2023,   Trauma- and stressor-related disorders,Male,Agegroup:18–24years–Rate,51.5,,
hospitalisation,2023-2024,2024,2023,   Trauma- and stressor-related disorders,Total,Agegroup:18–24years–Rate,70.2,,
hospitalisation,2023-2024,2024,2023,"   Disruptive, impulse control and conduct disorders",Female,Agegroup:18–24years–Rate,3.5,,
hospitalisation,2023-2024,2024,2023,"   Disruptive, impulse control and conduct disorders",Male,Agegroup:18–24years–Rate,4.6,,
hospitalisation,2023-2024,2024,2023,"   Disruptive, impulse control and conduct disorders",Total,Agegroup:18–24years–Rate,4.1,,
hospitalisation,2023-2024,2024,2023,   Eating and feeding disorders,Female,Agegroup:18–24years–Rate,16.9,,
hospitalisation,2023-2024,2024,2023,   Eating and feeding disorders,Male,Agegroup:18–24years–Rate,1.4,,
hospitalisation,2023-2024,2024,2023,   Eating and feeding disorders,Total,Agegroup:18–24years–Rate,8.8,,
hospitalisation,2023-2024,2024,2023,   Tic disorders,Female,Agegroup:18–24years–Rate,0.1,,
hospitalisation,2023-2024,2024,2023,   Tic disorders,Male,Agegroup:18–24years–Rate,0.2,,
hospitalisation,2023-2024,2024,2023,   Tic disorders,Total,Agegroup:18–24years–Rate,0.1,,
hospitalisation,2023-2024,2024,2023,   ADHD,Female,Agegroup:18–24years–Rate,1.8,,
hospitalisation,2023-2024,2024,2023,   ADHD,Male,Agegroup:18–24years–Rate,3.7,,
hospitalisation,2023-2024,2024,2023,   ADHD,Total,Agegroup:18–24years–Rate,2.8,,
hospitalisation,2018-2019,2019,2018,Neurocognitive disorders,Female,Agegroup:18–24years–95%CI,1.0,1.0,3.0
hospitalisation,2018-2019,2019,2018,Neurocognitive disorders,Male,Agegroup:18–24years–95%CI,2.0,2.0,3.0
hospitalisation,2018-2019,2019,2018,Neurocognitive disorders,Total,Agegroup:18–24years–95%CI,2.0,2.0,3.0
hospitalisation,2018-2019,2019,2018,Substance-related disorders,Female,Agegroup:18–24years–95%CI,104.0,104.0,114.0
hospitalisation,2018-2019,2019,2018,Substance-related disorders,Male,Agegroup:18–24years–95%CI,174.0,174.0,186.0
hospitalisation,2018-2019,2019,2018,Substance-related disorders,Total,Agegroup:18–24years–95%CI,142.0,142.0,150.0
hospitalisation,2018-2019,2019,2018,Schizophrenic and psychotic disorders,Female,Agegroup:18–24years–95%CI,79.0,79.0,88.0
hospitalisation,2018-2019,2019,2018,Schizophrenic and psychotic disorders,Male,Agegroup:18–24years–95%CI,220.0,220.0,235.0
hospitalisation,2018-2019,2019,2018,Schizophrenic and psychotic disorders,Total,Agegroup:18–24years–95%CI,154.0,154.0,163.0
hospitalisation,2018-2019,2019,2018,Mood disorders,Female,Agegroup:18–24years–95%CI,244.0,244.0,259.0
hospitalisation,2018-2019,2019,2018,Mood disorders,Male,Agegroup:18–24years–95%CI,173.0,173.0,185.0
hospitalisation,2018-2019,2019,2018,Mood disorders,Total,Agegroup:18–24years–95%CI,209.0,209.0,219.0
hospitalisation,2018-2019,2019,2018,Anxiety disorders,Female,Agegroup:18–24years–95%CI,39.0,39.0,46.0
hospitalisation,2018-2019,2019,2018,Anxiety disorders,Male,Agegroup:18–24years–95%CI,24.0,24.0,29.0
hospitalisation,2018-2019,2019,2018,Anxiety disorders,Total,Agegroup:18–24years–95%CI,32.0,32.0,36.0
hospitalisation,2018-2019,2019,2018,Personality disorders,Female,Agegroup:18–24years–95%CI,126.0,126.0,137.0
hospitalisation,2018-2019,2019,2018,Personality disorders,Male,Agegroup:18–24years–95%CI,38.0,38.0,44.0
hospitalisation,2018-2019,2019,2018,Personality disorders,Total,Agegroup:18–24years–95%CI,81.0,81.0,87.0
hospitalisation,2018-2019,2019,2018,Other disorders,Female,Agegroup:18–24years–95%CI,179.0,179.0,192.0
hospitalisation,2018-2019,2019,2018,Other disorders,Male,Agegroup:18–24years–95%CI,112.0,112.0,122.0
hospitalisation,2018-2019,2019,2018,Other disorders,Total,Agegroup:18–24years–95%CI,146.0,146.0,154.0
hospitalisation,2018-2019,2019,2018,   Trauma- and stressor-related disorders,Female,Agegroup:18–24years–95%CI,106.0,106.0,117.0
hospitalisation,2018-2019,2019,2018,   Trauma- and stressor-related disorders,Male,Agegroup:18–24years–95%CI,64.0,64.0,72.0
hospitalisation,2018-2019,2019,2018,   Trauma- and stressor-related disorders,Total,Agegroup:18–24years–95%CI,86.0,86.0,92.0
hospitalisation,2018-2019,2019,2018,"   Disruptive, impulse control and conduct disorders",Female,Agegroup:18–24years–95%CI,3.0,3.0,5.0
hospitalisation,2018-2019,2019,2018,"   Disruptive, impulse control and conduct disorders",Male,Agegroup:18–24years–95%CI,6.0,6.0,8.0
hospitalisation,2018-2019,2019,2018,"   Disruptive, impulse control and conduct disorders",Total,Agegroup:18–24years–95%CI,5.0,5.0,6.0
hospitalisation,2018-2019,2019,2018,   Eating and feeding disorders,Female,Agegroup:18–24years–95%CI,16.0,16.0,20.0
hospitalisation,2018-2019,2019,2018,   Eating and feeding disorders,Male,Agegroup:18–24years–95%CI,1.0,1.0,2.0
hospitalisation,2018-2019,2019,2018,   Eating and feeding disorders,Total,Agegroup:18–24years–95%CI,8.0,8.0,10.0
hospitalisation,2018-2019,2019,2018,   Tic disorders,Female,Agegroup:18–24years–95%CI,0.0,0.0,1.0
hospitalisation,2018-2019,2019,2018,   Tic disorders,Male,Agegroup:18–24years–95%CI,0.0,0.0,1.0
hospitalisation,2018-2019,2019,2018,   Tic disorders,Total,Agegroup:18–24years–95%CI,0.0,0.0,1.0
hospitalisation,2018-2019,2019,2018,   ADHD,Female,Agegroup:18–24years–95%CI,1.0,1.0,2.0
hospitalisation,2018-2019,2019,2018,   ADHD,Male,Agegroup:18–24years–95%CI,3.0,3.0,5.0
hospitalisation,2018-2019,2019,2018,   ADHD,Total,Agegroup:18–24years–95%CI,2.0,2.0,3.0
hospitalisation,2019-2020,2020,2019,Neurocognitive disorders,Female,Agegroup:18–24years–95%CI,1.0,1.0,2.0
hospitalisation,2019-2020,2020,2019,Neurocognitive disorders,Male,Agegroup:18–24years–95%CI,2.0,2.0,3.0
hospitalisation,2019-2020,2020,2019,Neurocognitive disorders,Total,Agegroup:18–24years–95%CI,2.0,2.0,2.0
hospitalisation,2019-2020,2020,2019,Substance-related disorders,Female,Agegroup:18–24years–95%CI,102.0,102.0,112.0
hospitalisation,2019-2020,2020,2019,Substance-related disorders,Male,Agegroup:18–24years–95%CI,169.0,169.0,182.0
hospitalisation,2019-2020,2020,2019,Substance-related disorders,Total,Agegroup:18–24years–95%CI,139.0,139.0,147.0
hospitalisation,2019-2020,2020,2019,Schizophrenic and psychotic disorders,Female,Agegroup:18–24years–95%CI,81.0,81.0,90.0
hospitalisation,2019-2020,2020,2019,Schizophrenic and psychotic disorders,Male,Agegroup:18–24years–95%CI,210.0,210.0,224.0
hospitalisation,2019-2020,2020,2019,Schizophrenic and psychotic disorders,Total,Agegroup:18–24years–95%CI,150.0,150.0,158.0
hospitalisation,2019-2020,2020,2019,Mood disorders,Female,Agegroup:18–24years–95%CI,229.0,229.0,244.0
hospitalisation,2019-2020,2020,2019,Mood disorders,Male,Agegroup:18–24years–95%CI,165.0,165.0,177.0
hospitalisation,2019-2020,2020,2019,Mood disorders,Total,Agegroup:18–24years–95%CI,198.0,198.0,207.0
hospitalisation,2019-2020,2020,2019,Anxiety disorders,Female,Agegroup:18–24years–95%CI,38.0,38.0,44.0
hospitalisation,2019-2020,2020,2019,Anxiety disorders,Male,Agegroup:18–24years–95%CI,24.0,24.0,28.0
hospitalisation,2019-2020,2020,2019,Anxiety disorders,Total,Agegroup:18–24years–95%CI,31.0,31.0,35.0
hospitalisation,2019-2020,2020,2019,Personality disorders,Female,Agegroup:18–24years–95%CI,121.0,121.0,132.0
hospitalisation,2019-2020,2020,2019,Personality disorders,Male,Agegroup:18–24years–95%CI,36.0,36.0,42.0
hospitalisation,2019-2020,2020,2019,Personality disorders,Total,Agegroup:18–24years–95%CI,78.0,78.0,84.0
hospitalisation,2019-2020,2020,2019,Other disorders,Female,Agegroup:18–24years–95%CI,176.0,176.0,189.0
hospitalisation,2019-2020,2020,2019,Other disorders,Male,Agegroup:18–24years–95%CI,116.0,116.0,126.0
hospitalisation,2019-2020,2020,2019,Other disorders,Total,Agegroup:18–24years–95%CI,146.0,146.0,154.0
hospitalisation,2019-2020,2020,2019,   Trauma- and stressor-related disorders,Female,Agegroup:18–24years–95%CI,105.0,105.0,115.0
hospitalisation,2019-2020,2020,2019,   Trauma- and stressor-related disorders,Male,Agegroup:18–24years–95%CI,67.0,67.0,75.0
hospitalisation,2019-2020,2020,2019,   Trauma- and stressor-related disorders,Total,Agegroup:18–24years–95%CI,86.0,86.0,93.0
hospitalisation,2019-2020,2020,2019,"   Disruptive, impulse control and conduct disorders",Female,Agegroup:18–24years–95%CI,3.0,3.0,5.0
hospitalisation,2019-2020,2020,2019,"   Disruptive, impulse control and conduct disorders",Male,Agegroup:18–24years–95%CI,6.0,6.0,9.0
hospitalisation,2019-2020,2020,2019,"   Disruptive, impulse control and conduct disorders",Total,Agegroup:18–24years–95%CI,5.0,5.0,7.0
hospitalisation,2019-2020,2020,2019,   Eating and feeding disorders,Female,Agegroup:18–24years–95%CI,17.0,17.0,21.0
hospitalisation,2019-2020,2020,2019,   Eating and feeding disorders,Male,Agegroup:18–24years–95%CI,1.0,1.0,1.0
hospitalisation,2019-2020,2020,2019,   Eating and feeding disorders,Total,Agegroup:18–24years–95%CI,9.0,9.0,11.0
hospitalisation,2019-2020,2020,2019,   Tic disorders,Female,Agegroup:18–24years–95%CI,0.0,0.0,0.0
hospitalisation,2019-2020,2020,2019,   Tic disorders,Male,Agegroup:18–24years–95%CI,0.0,0.0,0.0
hospitalisation,2019-2020,2020,2019,   Tic disorders,Total,Agegroup:18–24years–95%CI,0.0,0.0,0.0
hospitalisation,2019-2020,2020,2019,   ADHD,Female,Agegroup:18–24years–95%CI,1.0,1.0,2.0
hospitalisation,2019-2020,2020,2019,   ADHD,Male,Agegroup:18–24years–95%CI,3.0,3.0,5.0
hospitalisation,2019-2020,2020,2019,   ADHD,Total,Agegroup:18–24years–95%CI,2.0,2.0,4.0
hospitalisation,2020-2021,2021,2020,Neurocognitive disorders,Female,Agegroup:18–24years–95%CI,1.0,1.0,3.0
hospitalisation,2020-2021,2021,2020,Neurocognitive disorders,Male,Agegroup:18–24years–95%CI,2.0,2.0,3.0
hospitalisation,2020-2021,2021,2020,Neurocognitive disorders,Total,Agegroup:18–24years–95%CI,2.0,2.0,3.0
hospitalisation,2020-2021,2021,2020,Substance-related disorders,Female,Agegroup:18–24years–95%CI,108.0,108.0,119.0
hospitalisation,2020-2021,2021,2020,Substance-related disorders,Male,Agegroup:18–24years–95%CI,174.0,174.0,187.0
hospitalisation,2020-2021,2021,2020,Substance-related disorders,Total,Agegroup:18–24years–95%CI,144.0,144.0,152.0
hospitalisation,2020-2021,2021,2020,Schizophrenic and psychotic disorders,Female,Agegroup:18–24years–95%CI,91.0,91.0,100.0
hospitalisation,2020-2021,2021,2020,Schizophrenic and psychotic disorders,Male,Agegroup:18–24years–95%CI,209.0,209.0,223.0
hospitalisation,2020-2021,2021,2020,Schizophrenic and psychotic disorders,Total,Agegroup:18–24years–95%CI,154.0,154.0,163.0
hospitalisation,2020-2021,2021,2020,Mood disorders,Female,Agegroup:18–24years–95%CI,214.0,214.0,228.0
hospitalisation,2020-2021,2021,2020,Mood disorders,Male,Agegroup:18–24years–95%CI,139.0,139.0,151.0
hospitalisation,2020-2021,2021,2020,Mood disorders,Total,Agegroup:18–24years–95%CI,177.0,177.0,186.0
hospitalisation,2020-2021,2021,2020,Anxiety disorders,Female,Agegroup:18–24years–95%CI,37.0,37.0,43.0
hospitalisation,2020-2021,2021,2020,Anxiety disorders,Male,Agegroup:18–24years–95%CI,22.0,22.0,26.0
hospitalisation,2020-2021,2021,2020,Anxiety disorders,Total,Agegroup:18–24years–95%CI,30.0,30.0,34.0
hospitalisation,2020-2021,2021,2020,Personality disorders,Female,Agegroup:18–24years–95%CI,123.0,123.0,134.0
hospitalisation,2020-2021,2021,2020,Personality disorders,Male,Agegroup:18–24years–95%CI,35.0,35.0,41.0
hospitalisation,2020-2021,2021,2020,Personality disorders,Total,Agegroup:18–24years–95%CI,78.0,78.0,85.0
hospitalisation,2020-2021,2021,2020,Other disorders,Female,Agegroup:18–24years–95%CI,161.0,161.0,174.0
hospitalisation,2020-2021,2021,2020,Other disorders,Male,Agegroup:18–24years–95%CI,96.0,96.0,105.0
hospitalisation,2020-2021,2021,2020,Other disorders,Total,Agegroup:18–24years–95%CI,129.0,129.0,137.0
hospitalisation,2020-2021,2021,2020,   Trauma- and stressor-related disorders,Female,Agegroup:18–24years–95%CI,99.0,99.0,109.0
hospitalisation,2020-2021,2021,2020,   Trauma- and stressor-related disorders,Male,Agegroup:18–24years–95%CI,57.0,57.0,65.0
hospitalisation,2020-2021,2021,2020,   Trauma- and stressor-related disorders,Total,Agegroup:18–24years–95%CI,79.0,79.0,85.0
hospitalisation,2020-2021,2021,2020,"   Disruptive, impulse control and conduct disorders",Female,Agegroup:18–24years–95%CI,2.0,2.0,4.0
hospitalisation,2020-2021,2021,2020,"   Disruptive, impulse control and conduct disorders",Male,Agegroup:18–24years–95%CI,4.0,4.0,6.0
hospitalisation,2020-2021,2021,2020,"   Disruptive, impulse control and conduct disorders",Total,Agegroup:18–24years–95%CI,4.0,4.0,5.0
hospitalisation,2020-2021,2021,2020,   Eating and feeding disorders,Female,Agegroup:18–24years–95%CI,16.0,16.0,20.0
hospitalisation,2020-2021,2021,2020,   Eating and feeding disorders,Male,Agegroup:18–24years–95%CI,0.0,0.0,1.0
hospitalisation,2020-2021,2021,2020,   Eating and feeding disorders,Total,Agegroup:18–24years–95%CI,8.0,8.0,10.0
hospitalisation,2020-2021,2021,2020,   Tic disorders,Female,Agegroup:18–24years–95%CI,0.0,0.0,0.0
hospitalisation,2020-2021,2021,2020,   Tic disorders,Male,Agegroup:18–24years–95%CI,0.0,0.0,1.0
hospitalisation,2020-2021,2021,2020,   Tic disorders,Total,Agegroup:18–24years–95%CI,0.0,0.0,0.0
hospitalisation,2020-2021,2021,2020,   ADHD,Female,Agegroup:18–24years–95%CI,1.0,1.0,3.0
hospitalisation,2020-2021,2021,2020,   ADHD,Male,Agegroup:18–24years–95%CI,3.0,3.0,5.0
hospitalisation,2020-2021,2021,2020,   ADHD,Total,Agegroup:18–24years–95%CI,2.0,2.0,4.0
hospitalisation,2021-2022,2022,2021,Neurocognitive disorders,Female,Agegroup:18–24years–95%CI,1.0,1.0,2.0
hospitalisation,2021-2022,2022,2021,Neurocognitive disorders,Male,Agegroup:18–24years–95%CI,2.0,2.0,3.0
hospitalisation,2021-2022,2022,2021,Neurocognitive disorders,Total,Agegroup:18–24years–95%CI,2.0,2.0,3.0
hospitalisation,2021-2022,2022,2021,Substance-related disorders,Female,Agegroup:18–24years–95%CI,108.0,108.0,119.0
hospitalisation,2021-2022,2022,2021,Substance-related disorders,Male,Agegroup:18–24years–95%CI,158.0,158.0,170.0
hospitalisation,2021-2022,2022,2021,Substance-related disorders,Total,Agegroup:18–24years–95%CI,136.0,136.0,144.0
hospitalisation,2021-2022,2022,2021,Schizophrenic and psychotic disorders,Female,Agegroup:18–24years–95%CI,95.0,95.0,105.0
hospitalisation,2021-2022,2022,2021,Schizophrenic and psychotic disorders,Male,Agegroup:18–24years–95%CI,212.0,212.0,226.0
hospitalisation,2021-2022,2022,2021,Schizophrenic and psychotic disorders,Total,Agegroup:18–24years–95%CI,157.0,157.0,166.0
hospitalisation,2021-2022,2022,2021,Mood disorders,Female,Agegroup:18–24years–95%CI,247.0,247.0,262.0
hospitalisation,2021-2022,2022,2021,Mood disorders,Male,Agegroup:18–24years–95%CI,145.0,145.0,157.0
hospitalisation,2021-2022,2022,2021,Mood disorders,Total,Agegroup:18–24years–95%CI,196.0,196.0,206.0
hospitalisation,2021-2022,2022,2021,Anxiety disorders,Female,Agegroup:18–24years–95%CI,46.0,46.0,52.0
hospitalisation,2021-2022,2022,2021,Anxiety disorders,Male,Agegroup:18–24years–95%CI,22.0,22.0,27.0
hospitalisation,2021-2022,2022,2021,Anxiety disorders,Total,Agegroup:18–24years–95%CI,34.0,34.0,39.0
hospitalisation,2021-2022,2022,2021,Personality disorders,Female,Agegroup:18–24years–95%CI,138.0,138.0,150.0
hospitalisation,2021-2022,2022,2021,Personality disorders,Male,Agegroup:18–24years–95%CI,39.0,39.0,45.0
hospitalisation,2021-2022,2022,2021,Personality disorders,Total,Agegroup:18–24years–95%CI,88.0,88.0,94.0
hospitalisation,2021-2022,2022,2021,Other disorders,Female,Agegroup:18–24years–95%CI,185.0,185.0,199.0
hospitalisation,2021-2022,2022,2021,Other disorders,Male,Agegroup:18–24years–95%CI,100.0,100.0,110.0
hospitalisation,2021-2022,2022,2021,Other disorders,Total,Agegroup:18–24years–95%CI,143.0,143.0,151.0
hospitalisation,2021-2022,2022,2021,   Trauma- and stressor-related disorders,Female,Agegroup:18–24years–95%CI,104.0,104.0,115.0
hospitalisation,2021-2022,2022,2021,   Trauma- and stressor-related disorders,Male,Agegroup:18–24years–95%CI,56.0,56.0,64.0
hospitalisation,2021-2022,2022,2021,   Trauma- and stressor-related disorders,Total,Agegroup:18–24years–95%CI,81.0,81.0,87.0
hospitalisation,2021-2022,2022,2021,"   Disruptive, impulse control and conduct disorders",Female,Agegroup:18–24years–95%CI,3.0,3.0,5.0
hospitalisation,2021-2022,2022,2021,"   Disruptive, impulse control and conduct disorders",Male,Agegroup:18–24years–95%CI,4.0,4.0,6.0
hospitalisation,2021-2022,2022,2021,"   Disruptive, impulse control and conduct disorders",Total,Agegroup:18–24years–95%CI,4.0,4.0,5.0
hospitalisation,2021-2022,2022,2021,   Eating and feeding disorders,Female,Agegroup:18–24years–95%CI,21.0,21.0,26.0
hospitalisation,2021-2022,2022,2021,   Eating and feeding disorders,Male,Agegroup:18–24years–95%CI,1.0,1.0,2.0
hospitalisation,2021-2022,2022,2021,   Eating and feeding disorders,Total,Agegroup:18–24years–95%CI,11.0,11.0,13.0
hospitalisation,2021-2022,2022,2021,   Tic disorders,Female,Agegroup:18–24years–95%CI,0.0,0.0,0.0
hospitalisation,2021-2022,2022,2021,   Tic disorders,Male,Agegroup:18–24years–95%CI,0.0,0.0,1.0
hospitalisation,2021-2022,2022,2021,   Tic disorders,Total,Agegroup:18–24years–95%CI,0.0,0.0,0.0
hospitalisation,2021-2022,2022,2021,   ADHD,Female,Agegroup:18–24years–95%CI,2.0,2.0,3.0
hospitalisation,2021-2022,2022,2021,   ADHD,Male,Agegroup:18–24years–95%CI,3.0,3.0,5.0
hospitalisation,2021-2022,2022,2021,   ADHD,Total,Agegroup:18–24years–95%CI,3.0,3.0,4.0
hospitalisation,2022-2023,2023,2022,Neurocognitive disorders,Female,Agegroup:18–24years–95%CI,1.0,1.0,2.0
hospitalisation,2022-2023,2023,2022,Neurocognitive disorders,Male,Agegroup:18–24years–95%CI,1.0,1.0,2.0
hospitalisation,2022-2023,2023,2022,Neurocognitive disorders,Total,Agegroup:18–24years–95%CI,1.0,1.0,2.0
hospitalisation,2022-2023,2023,2022,Substance-related disorders,Female,Agegroup:18–24years–95%CI,96.0,96.0,106.0
hospitalisation,2022-2023,2023,2022,Substance-related disorders,Male,Agegroup:18–24years–95%CI,135.0,135.0,146.0
hospitalisation,2022-2023,2023,2022,Substance-related disorders,Total,Agegroup:18–24years–95%CI,118.0,118.0,125.0
hospitalisation,2022-2023,2023,2022,Schizophrenic and psychotic disorders,Female,Agegroup:18–24years–95%CI,88.0,88.0,97.0
hospitalisation,2022-2023,2023,2022,Schizophrenic and psychotic disorders,Male,Agegroup:18–24years–95%CI,183.0,183.0,196.0
hospitalisation,2022-2023,2023,2022,Schizophrenic and psychotic disorders,Total,Agegroup:18–24years–95%CI,139.0,139.0,147.0
hospitalisation,2022-2023,2023,2022,Mood disorders,Female,Agegroup:18–24years–95%CI,201.0,201.0,215.0
hospitalisation,2022-2023,2023,2022,Mood disorders,Male,Agegroup:18–24years–95%CI,134.0,134.0,145.0
hospitalisation,2022-2023,2023,2022,Mood disorders,Total,Agegroup:18–24years–95%CI,168.0,168.0,177.0
hospitalisation,2022-2023,2023,2022,Anxiety disorders,Female,Agegroup:18–24years–95%CI,33.0,33.0,39.0
hospitalisation,2022-2023,2023,2022,Anxiety disorders,Male,Agegroup:18–24years–95%CI,18.0,18.0,22.0
hospitalisation,2022-2023,2023,2022,Anxiety disorders,Total,Agegroup:18–24years–95%CI,26.0,26.0,30.0
hospitalisation,2022-2023,2023,2022,Personality disorders,Female,Agegroup:18–24years–95%CI,133.0,133.0,145.0
hospitalisation,2022-2023,2023,2022,Personality disorders,Male,Agegroup:18–24years–95%CI,36.0,36.0,42.0
hospitalisation,2022-2023,2023,2022,Personality disorders,Total,Agegroup:18–24years–95%CI,84.0,84.0,90.0
hospitalisation,2022-2023,2023,2022,Other disorders,Female,Agegroup:18–24years–95%CI,161.0,161.0,174.0
hospitalisation,2022-2023,2023,2022,Other disorders,Male,Agegroup:18–24years–95%CI,95.0,95.0,104.0
hospitalisation,2022-2023,2023,2022,Other disorders,Total,Agegroup:18–24years–95%CI,128.0,128.0,136.0
hospitalisation,2022-2023,2023,2022,   Trauma- and stressor-related disorders,Female,Agegroup:18–24years–95%CI,90.0,90.0,100.0
hospitalisation,2022-2023,2023,2022,   Trauma- and stressor-related disorders,Male,Agegroup:18–24years–95%CI,50.0,50.0,57.0
hospitalisation,2022-2023,2023,2022,   Trauma- and stressor-related disorders,Total,Agegroup:18–24years–95%CI,71.0,71.0,76.0
hospitalisation,2022-2023,2023,2022,"   Disruptive, impulse control and conduct disorders",Female,Agegroup:18–24years–95%CI,3.0,3.0,5.0
hospitalisation,2022-2023,2023,2022,"   Disruptive, impulse control and conduct disorders",Male,Agegroup:18–24years–95%CI,5.0,5.0,7.0
hospitalisation,2022-2023,2023,2022,"   Disruptive, impulse control and conduct disorders",Total,Agegroup:18–24years–95%CI,4.0,4.0,6.0
hospitalisation,2022-2023,2023,2022,   Eating and feeding disorders,Female,Agegroup:18–24years–95%CI,18.0,18.0,22.0
hospitalisation,2022-2023,2023,2022,   Eating and feeding disorders,Male,Agegroup:18–24years–95%CI,1.0,1.0,2.0
hospitalisation,2022-2023,2023,2022,   Eating and feeding disorders,Total,Agegroup:18–24years–95%CI,9.0,9.0,12.0
hospitalisation,2022-2023,2023,2022,   Tic disorders,Female,Agegroup:18–24years–95%CI,0.0,0.0,0.0
hospitalisation,2022-2023,2023,2022,   Tic disorders,Male,Agegroup:18–24years–95%CI,0.0,0.0,1.0
hospitalisation,2022-2023,2023,2022,   Tic disorders,Total,Agegroup:18–24years–95%CI,0.0,0.0,1.0
hospitalisation,2022-2023,2023,2022,   ADHD,Female,Agegroup:18–24years–95%CI,2.0,2.0,4.0
hospitalisation,2022-2023,2023,2022,   ADHD,Male,Agegroup:18–24years–95%CI,2.0,2.0,4.0
hospitalisation,2022-2023,2023,2022,   ADHD,Total,Agegroup:18–24years–95%CI,3.0,3.0,4.0
hospitalisation,2023-2024,2024,2023,Neurocognitive disorders,Female,Agegroup:18–24years–95%CI,1.0,1.0,2.0
hospitalisation,2023-2024,2024,2023,Neurocognitive disorders,Male,Agegroup:18–24years–95%CI,1.0,1.0,2.0
hospitalisation,2023-2024,2024,2023,Neurocognitive disorders,Total,Agegroup:18–24years–95%CI,1.0,1.0,2.0
hospitalisation,2023-2024,2024,2023,Substance-related disorders,Female,Agegroup:18–24years–95%CI,91.0,91.0,100.0
hospitalisation,2023-2024,2024,2023,Substance-related disorders,Male,Agegroup:18–24years–95%CI,122.0,122.0,132.0
hospitalisation,2023-2024,2024,2023,Substance-related disorders,Total,Agegroup:18–24years–95%CI,109.0,109.0,116.0
hospitalisation,2023-2024,2024,2023,Schizophrenic and psychotic disorders,Female,Agegroup:18–24years–95%CI,80.0,80.0,89.0
hospitalisation,2023-2024,2024,2023,Schizophrenic and psychotic disorders,Male,Agegroup:18–24years–95%CI,163.0,163.0,175.0
hospitalisation,2023-2024,2024,2023,Schizophrenic and psychotic disorders,Total,Agegroup:18–24years–95%CI,125.0,125.0,132.0
hospitalisation,2023-2024,2024,2023,Mood disorders,Female,Agegroup:18–24years–95%CI,164.0,164.0,176.0
hospitalisation,2023-2024,2024,2023,Mood disorders,Male,Agegroup:18–24years–95%CI,108.0,108.0,118.0
hospitalisation,2023-2024,2024,2023,Mood disorders,Total,Agegroup:18–24years–95%CI,136.0,136.0,144.0
hospitalisation,2023-2024,2024,2023,Anxiety disorders,Female,Agegroup:18–24years–95%CI,25.0,25.0,30.0
hospitalisation,2023-2024,2024,2023,Anxiety disorders,Male,Agegroup:18–24years–95%CI,15.0,15.0,18.0
hospitalisation,2023-2024,2024,2023,Anxiety disorders,Total,Agegroup:18–24years–95%CI,20.0,20.0,23.0
hospitalisation,2023-2024,2024,2023,Personality disorders,Female,Agegroup:18–24years–95%CI,114.0,114.0,125.0
hospitalisation,2023-2024,2024,2023,Personality disorders,Male,Agegroup:18–24years–95%CI,32.0,32.0,38.0
hospitalisation,2023-2024,2024,2023,Personality disorders,Total,Agegroup:18–24years–95%CI,73.0,73.0,78.0
hospitalisation,2023-2024,2024,2023,Other disorders,Female,Agegroup:18–24years–95%CI,150.0,150.0,162.0
hospitalisation,2023-2024,2024,2023,Other disorders,Male,Agegroup:18–24years–95%CI,90.0,90.0,99.0
hospitalisation,2023-2024,2024,2023,Other disorders,Total,Agegroup:18–24years–95%CI,120.0,120.0,128.0
hospitalisation,2023-2024,2024,2023,   Trauma- and stressor-related disorders,Female,Agegroup:18–24years–95%CI,86.0,86.0,95.0
hospitalisation,2023-2024,2024,2023,   Trauma- and stressor-related disorders,Male,Agegroup:18–24years–95%CI,48.0,48.0,55.0
hospitalisation,2023-2024,2024,2023,   Trauma- and stressor-related disorders,Total,Agegroup:18–24years–95%CI,67.0,67.0,73.0
hospitalisation,2023-2024,2024,2023,"   Disruptive, impulse control and conduct disorders",Female,Agegroup:18–24years–95%CI,3.0,3.0,4.0
hospitalisation,2023-2024,2024,2023,"   Disruptive, impulse control and conduct disorders",Male,Agegroup:18–24years–95%CI,4.0,4.0,6.0
hospitalisation,2023-2024,2024,2023,"   Disruptive, impulse control and conduct disorders",Total,Agegroup:18–24years–95%CI,3.0,3.0,5.0
hospitalisation,2023-2024,2024,2023,   Eating and feeding disorders,Female,Agegroup:18–24years–95%CI,15.0,15.0,19.0
hospitalisation,2023-2024,2024,2023,   Eating and feeding disorders,Male,Agegroup:18–24years–95%CI,1.0,1.0,2.0
hospitalisation,2023-2024,2024,2023,   Eating and feeding disorders,Total,Agegroup:18–24years–95%CI,8.0,8.0,10.0
hospitalisation,2023-2024,2024,2023,   Tic disorders,Female,Agegroup:18–24years–95%CI,0.0,0.0,0.0
hospitalisation,2023-2024,2024,2023,   Tic disorders,Male,Agegroup:18–24years–95%CI,0.0,0.0,0.0
hospitalisation,2023-2024,2024,2023,   Tic disorders,Total,Agegroup:18–24years–95%CI,0.0,0.0,0.0
hospitalisation,2023-2024,2024,2023,   ADHD,Female,Agegroup:18–24years–95%CI,1.0,1.0,2.0
hospitalisation,2023-2024,2024,2023,   ADHD,Male,Agegroup:18–24years–95%CI,3.0,3.0,5.0
hospitalisation,2023-2024,2024,2023,   ADHD,Total,Agegroup:18–24years–95%CI,2.0,2.0,3.0
hospitalisation,2018-2019,2019,2018,Neurocognitive disorders,Female,Agegroup:5–24years–Rate,1.5,,
hospitalisation,2018-2019,2019,2018,Neurocognitive disorders,Male,Agegroup:5–24years–Rate,1.5,,
hospitalisation,2018-2019,2019,2018,Neurocognitive disorders,Total,Agegroup:5–24years–Rate,1.5,,
hospitalisation,2018-2019,2019,2018,Substance-related disorders,Female,Agegroup:5–24years–Rate,55.8,,
hospitalisation,2018-2019,2019,2018,Substance-related disorders,Male,Agegroup:5–24years–Rate,83.8,,
hospitalisation,2018-2019,2019,2018,Substance-related disorders,Total,Agegroup:5–24years–Rate,70.2,,
hospitalisation,2018-2019,2019,2018,Schizophrenic and psychotic disorders,Female,Agegroup:5–24years–Rate,40.5,,
hospitalisation,2018-2019,2019,2018,Schizophrenic and psychotic disorders,Male,Agegroup:5–24years–Rate,101.7,,
hospitalisation,2018-2019,2019,2018,Schizophrenic and psychotic disorders,Total,Agegroup:5–24years–Rate,72.0,,
hospitalisation,2018-2019,2019,2018,Mood disorders,Female,Agegroup:5–24years–Rate,200.1,,
hospitalisation,2018-2019,2019,2018,Mood disorders,Male,Agegroup:5–24years–Rate,108.0,,
hospitalisation,2018-2019,2019,2018,Mood disorders,Total,Agegroup:5–24years–Rate,152.6,,
hospitalisation,2018-2019,2019,2018,Anxiety disorders,Female,Agegroup:5–24years–Rate,54.1,,
hospitalisation,2018-2019,2019,2018,Anxiety disorders,Male,Agegroup:5–24years–Rate,25.3,,
hospitalisation,2018-2019,2019,2018,Anxiety disorders,Total,Agegroup:5–24years–Rate,39.2,,
hospitalisation,2018-2019,2019,2018,Personality disorders,Female,Agegroup:5–24years–Rate,69.3,,
hospitalisation,2018-2019,2019,2018,Personality disorders,Male,Agegroup:5–24years–Rate,19.3,,
hospitalisation,2018-2019,2019,2018,Personality disorders,Total,Agegroup:5–24years–Rate,43.5,,
hospitalisation,2018-2019,2019,2018,Other disorders,Female,Agegroup:5–24years–Rate,208.4,,
hospitalisation,2018-2019,2019,2018,Other disorders,Male,Agegroup:5–24years–Rate,124.8,,
hospitalisation,2018-2019,2019,2018,Other disorders,Total,Agegroup:5–24years–Rate,165.4,,
hospitalisation,2018-2019,2019,2018,   Trauma- and stressor-related disorders,Female,Agegroup:5–24years–Rate,123.8,,
hospitalisation,2018-2019,2019,2018,   Trauma- and stressor-related disorders,Male,Agegroup:5–24years–Rate,58.7,,
hospitalisation,2018-2019,2019,2018,   Trauma- and stressor-related disorders,Total,Agegroup:5–24years–Rate,90.3,,
hospitalisation,2018-2019,2019,2018,"   Disruptive, impulse control and conduct disorders",Female,Agegroup:5–24years–Rate,14.9,,
hospitalisation,2018-2019,2019,2018,"   Disruptive, impulse control and conduct disorders",Male,Agegroup:5–24years–Rate,18.8,,
hospitalisation,2018-2019,2019,2018,"   Disruptive, impulse control and conduct disorders",Total,Agegroup:5–24years–Rate,16.9,,
hospitalisation,2018-2019,2019,2018,   Eating and feeding disorders,Female,Agegroup:5–24years–Rate,27.1,,
hospitalisation,2018-2019,2019,2018,   Eating and feeding disorders,Male,Agegroup:5–24years–Rate,3.1,,
hospitalisation,2018-2019,2019,2018,   Eating and feeding disorders,Total,Agegroup:5–24years–Rate,14.7,,
hospitalisation,2018-2019,2019,2018,   Tic disorders,Female,Agegroup:5–24years–Rate,0.7,,
hospitalisation,2018-2019,2019,2018,   Tic disorders,Male,Agegroup:5–24years–Rate,1.1,,
hospitalisation,2018-2019,2019,2018,   Tic disorders,Total,Agegroup:5–24years–Rate,0.9,,
hospitalisation,2018-2019,2019,2018,   ADHD,Female,Agegroup:5–24years–Rate,9.6,,
hospitalisation,2018-2019,2019,2018,   ADHD,Male,Agegroup:5–24years–Rate,16.4,,
hospitalisation,2018-2019,2019,2018,   ADHD,Total,Agegroup:5–24years–Rate,13.1,,
hospitalisation,2019-2020,2020,2019,Neurocognitive disorders,Female,Agegroup:5–24years–Rate,0.9,,
hospitalisation,2019-2020,2020,2019,Neurocognitive disorders,Male,Agegroup:5–24years–Rate,1.6,,
hospitalisation,2019-2020,2020,2019,Neurocognitive disorders,Total,Agegroup:5–24years–Rate,1.2,,
hospitalisation,2019-2020,2020,2019,Substance-related disorders,Female,Agegroup:5–24years–Rate,54.0,,
hospitalisation,2019-2020,2020,2019,Substance-related disorders,Male,Agegroup:5–24years–Rate,82.3,,
hospitalisation,2019-2020,2020,2019,Substance-related disorders,Total,Agegroup:5–24years–Rate,68.6,,
hospitalisation,2019-2020,2020,2019,Schizophrenic and psychotic disorders,Female,Agegroup:5–24years–Rate,40.5,,
hospitalisation,2019-2020,2020,2019,Schizophrenic and psychotic disorders,Male,Agegroup:5–24years–Rate,96.4,,
hospitalisation,2019-2020,2020,2019,Schizophrenic and psychotic disorders,Total,Agegroup:5–24years–Rate,69.3,,
hospitalisation,2019-2020,2020,2019,Mood disorders,Female,Agegroup:5–24years–Rate,184.4,,
hospitalisation,2019-2020,2020,2019,Mood disorders,Male,Agegroup:5–24years–Rate,102.2,,
hospitalisation,2019-2020,2020,2019,Mood disorders,Total,Agegroup:5–24years–Rate,142.0,,
hospitalisation,2019-2020,2020,2019,Anxiety disorders,Female,Agegroup:5–24years–Rate,54.3,,
hospitalisation,2019-2020,2020,2019,Anxiety disorders,Male,Agegroup:5–24years–Rate,23.5,,
hospitalisation,2019-2020,2020,2019,Anxiety disorders,Total,Agegroup:5–24years–Rate,38.5,,
hospitalisation,2019-2020,2020,2019,Personality disorders,Female,Agegroup:5–24years–Rate,65.6,,
hospitalisation,2019-2020,2020,2019,Personality disorders,Male,Agegroup:5–24years–Rate,18.0,,
hospitalisation,2019-2020,2020,2019,Personality disorders,Total,Agegroup:5–24years–Rate,41.1,,
hospitalisation,2019-2020,2020,2019,Other disorders,Female,Agegroup:5–24years–Rate,200.6,,
hospitalisation,2019-2020,2020,2019,Other disorders,Male,Agegroup:5–24years–Rate,122.8,,
hospitalisation,2019-2020,2020,2019,Other disorders,Total,Agegroup:5–24years–Rate,160.5,,
hospitalisation,2019-2020,2020,2019,   Trauma- and stressor-related disorders,Female,Agegroup:5–24years–Rate,116.6,,
hospitalisation,2019-2020,2020,2019,   Trauma- and stressor-related disorders,Male,Agegroup:5–24years–Rate,55.8,,
hospitalisation,2019-2020,2020,2019,   Trauma- and stressor-related disorders,Total,Agegroup:5–24years–Rate,85.3,,
hospitalisation,2019-2020,2020,2019,"   Disruptive, impulse control and conduct disorders",Female,Agegroup:5–24years–Rate,13.5,,
hospitalisation,2019-2020,2020,2019,"   Disruptive, impulse control and conduct disorders",Male,Agegroup:5–24years–Rate,18.9,,
hospitalisation,2019-2020,2020,2019,"   Disruptive, impulse control and conduct disorders",Total,Agegroup:5–24years–Rate,16.3,,
hospitalisation,2019-2020,2020,2019,   Eating and feeding disorders,Female,Agegroup:5–24years–Rate,27.6,,
hospitalisation,2019-2020,2020,2019,   Eating and feeding disorders,Male,Agegroup:5–24years–Rate,2.9,,
hospitalisation,2019-2020,2020,2019,   Eating and feeding disorders,Total,Agegroup:5–24years–Rate,14.9,,
hospitalisation,2019-2020,2020,2019,   Tic disorders,Female,Agegroup:5–24years–Rate,0.5,,
hospitalisation,2019-2020,2020,2019,   Tic disorders,Male,Agegroup:5–24years–Rate,1.2,,
hospitalisation,2019-2020,2020,2019,   Tic disorders,Total,Agegroup:5–24years–Rate,0.9,,
hospitalisation,2019-2020,2020,2019,   ADHD,Female,Agegroup:5–24years–Rate,9.7,,
hospitalisation,2019-2020,2020,2019,   ADHD,Male,Agegroup:5–24years–Rate,16.5,,
hospitalisation,2019-2020,2020,2019,   ADHD,Total,Agegroup:5–24years–Rate,13.2,,
hospitalisation,2020-2021,2021,2020,Neurocognitive disorders,Female,Agegroup:5–24years–Rate,1.1,,
hospitalisation,2020-2021,2021,2020,Neurocognitive disorders,Male,Agegroup:5–24years–Rate,1.1,,
hospitalisation,2020-2021,2021,2020,Neurocognitive disorders,Total,Agegroup:5–24years–Rate,1.1,,
hospitalisation,2020-2021,2021,2020,Substance-related disorders,Female,Agegroup:5–24years–Rate,54.5,,
hospitalisation,2020-2021,2021,2020,Substance-related disorders,Male,Agegroup:5–24years–Rate,81.6,,
hospitalisation,2020-2021,2021,2020,Substance-related disorders,Total,Agegroup:5–24years–Rate,68.5,,
hospitalisation,2020-2021,2021,2020,Schizophrenic and psychotic disorders,Female,Agegroup:5–24years–Rate,43.7,,
hospitalisation,2020-2021,2021,2020,Schizophrenic and psychotic disorders,Male,Agegroup:5–24years–Rate,94.6,,
hospitalisation,2020-2021,2021,2020,Schizophrenic and psychotic disorders,Total,Agegroup:5–24years–Rate,69.9,,
hospitalisation,2020-2021,2021,2020,Mood disorders,Female,Agegroup:5–24years–Rate,173.9,,
hospitalisation,2020-2021,2021,2020,Mood disorders,Male,Agegroup:5–24years–Rate,81.7,,
hospitalisation,2020-2021,2021,2020,Mood disorders,Total,Agegroup:5–24years–Rate,126.4,,
hospitalisation,2020-2021,2021,2020,Anxiety disorders,Female,Agegroup:5–24years–Rate,51.1,,
hospitalisation,2020-2021,2021,2020,Anxiety disorders,Male,Agegroup:5–24years–Rate,19.6,,
hospitalisation,2020-2021,2021,2020,Anxiety disorders,Total,Agegroup:5–24years–Rate,34.9,,
hospitalisation,2020-2021,2021,2020,Personality disorders,Female,Agegroup:5–24years–Rate,64.9,,
hospitalisation,2020-2021,2021,2020,Personality disorders,Male,Agegroup:5–24years–Rate,16.6,,
hospitalisation,2020-2021,2021,2020,Personality disorders,Total,Agegroup:5–24years–Rate,40.0,,
hospitalisation,2020-2021,2021,2020,Other disorders,Female,Agegroup:5–24years–Rate,191.9,,
hospitalisation,2020-2021,2021,2020,Other disorders,Male,Agegroup:5–24years–Rate,92.9,,
hospitalisation,2020-2021,2021,2020,Other disorders,Total,Agegroup:5–24years–Rate,140.9,,
hospitalisation,2020-2021,2021,2020,   Trauma- and stressor-related disorders,Female,Agegroup:5–24years–Rate,104.1,,
hospitalisation,2020-2021,2021,2020,   Trauma- and stressor-related disorders,Male,Agegroup:5–24years–Rate,42.6,,
hospitalisation,2020-2021,2021,2020,   Trauma- and stressor-related disorders,Total,Agegroup:5–24years–Rate,72.4,,
hospitalisation,2020-2021,2021,2020,"   Disruptive, impulse control and conduct disorders",Female,Agegroup:5–24years–Rate,10.1,,
hospitalisation,2020-2021,2021,2020,"   Disruptive, impulse control and conduct disorders",Male,Agegroup:5–24years–Rate,12.8,,
hospitalisation,2020-2021,2021,2020,"   Disruptive, impulse control and conduct disorders",Total,Agegroup:5–24years–Rate,11.5,,
hospitalisation,2020-2021,2021,2020,   Eating and feeding disorders,Female,Agegroup:5–24years–Rate,38.5,,
hospitalisation,2020-2021,2021,2020,   Eating and feeding disorders,Male,Agegroup:5–24years–Rate,3.3,,
hospitalisation,2020-2021,2021,2020,   Eating and feeding disorders,Total,Agegroup:5–24years–Rate,20.4,,
hospitalisation,2020-2021,2021,2020,   Tic disorders,Female,Agegroup:5–24years–Rate,1.1,,
hospitalisation,2020-2021,2021,2020,   Tic disorders,Male,Agegroup:5–24years–Rate,1.0,,
hospitalisation,2020-2021,2021,2020,   Tic disorders,Total,Agegroup:5–24years–Rate,1.0,,
hospitalisation,2020-2021,2021,2020,   ADHD,Female,Agegroup:5–24years–Rate,9.5,,
hospitalisation,2020-2021,2021,2020,   ADHD,Male,Agegroup:5–24years–Rate,13.0,,
hospitalisation,2020-2021,2021,2020,   ADHD,Total,Agegroup:5–24years–Rate,11.3,,
hospitalisation,2021-2022,2022,2021,Neurocognitive disorders,Female,Agegroup:5–24years–Rate,1.0,,
hospitalisation,2021-2022,2022,2021,Neurocognitive disorders,Male,Agegroup:5–24years–Rate,1.5,,
hospitalisation,2021-2022,2022,2021,Neurocognitive disorders,Total,Agegroup:5–24years–Rate,1.3,,
hospitalisation,2021-2022,2022,2021,Substance-related disorders,Female,Agegroup:5–24years–Rate,53.2,,
hospitalisation,2021-2022,2022,2021,Substance-related disorders,Male,Agegroup:5–24years–Rate,71.6,,
hospitalisation,2021-2022,2022,2021,Substance-related disorders,Total,Agegroup:5–24years–Rate,62.7,,
hospitalisation,2021-2022,2022,2021,Schizophrenic and psychotic disorders,Female,Agegroup:5–24years–Rate,45.6,,
hospitalisation,2021-2022,2022,2021,Schizophrenic and psychotic disorders,Male,Agegroup:5–24years–Rate,94.1,,
hospitalisation,2021-2022,2022,2021,Schizophrenic and psychotic disorders,Total,Agegroup:5–24years–Rate,70.6,,
hospitalisation,2021-2022,2022,2021,Mood disorders,Female,Agegroup:5–24years–Rate,205.3,,
hospitalisation,2021-2022,2022,2021,Mood disorders,Male,Agegroup:5–24years–Rate,86.1,,
hospitalisation,2021-2022,2022,2021,Mood disorders,Total,Agegroup:5–24years–Rate,143.9,,
hospitalisation,2021-2022,2022,2021,Anxiety disorders,Female,Agegroup:5–24years–Rate,64.0,,
hospitalisation,2021-2022,2022,2021,Anxiety disorders,Male,Agegroup:5–24years–Rate,19.9,,
hospitalisation,2021-2022,2022,2021,Anxiety disorders,Total,Agegroup:5–24years–Rate,41.2,,
hospitalisation,2021-2022,2022,2021,Personality disorders,Female,Agegroup:5–24years–Rate,77.7,,
hospitalisation,2021-2022,2022,2021,Personality disorders,Male,Agegroup:5–24years–Rate,18.4,,
hospitalisation,2021-2022,2022,2021,Personality disorders,Total,Agegroup:5–24years–Rate,47.2,,
hospitalisation,2021-2022,2022,2021,Other disorders,Female,Agegroup:5–24years–Rate,232.7,,
hospitalisation,2021-2022,2022,2021,Other disorders,Male,Agegroup:5–24years–Rate,101.8,,
hospitalisation,2021-2022,2022,2021,Other disorders,Total,Agegroup:5–24years–Rate,165.2,,
hospitalisation,2021-2022,2022,2021,   Trauma- and stressor-related disorders,Female,Agegroup:5–24years–Rate,122.9,,
hospitalisation,2021-2022,2022,2021,   Trauma- and stressor-related disorders,Male,Agegroup:5–24years–Rate,45.2,,
hospitalisation,2021-2022,2022,2021,   Trauma- and stressor-related disorders,Total,Agegroup:5–24years–Rate,82.8,,
hospitalisation,2021-2022,2022,2021,"   Disruptive, impulse control and conduct disorders",Female,Agegroup:5–24years–Rate,12.6,,
hospitalisation,2021-2022,2022,2021,"   Disruptive, impulse control and conduct disorders",Male,Agegroup:5–24years–Rate,13.8,,
hospitalisation,2021-2022,2022,2021,"   Disruptive, impulse control and conduct disorders",Total,Agegroup:5–24years–Rate,13.2,,
hospitalisation,2021-2022,2022,2021,   Eating and feeding disorders,Female,Agegroup:5–24years–Rate,47.6,,
hospitalisation,2021-2022,2022,2021,   Eating and feeding disorders,Male,Agegroup:5–24years–Rate,4.2,,
hospitalisation,2021-2022,2022,2021,   Eating and feeding disorders,Total,Agegroup:5–24years–Rate,25.2,,
hospitalisation,2021-2022,2022,2021,   Tic disorders,Female,Agegroup:5–24years–Rate,1.1,,
hospitalisation,2021-2022,2022,2021,   Tic disorders,Male,Agegroup:5–24years–Rate,0.8,,
hospitalisation,2021-2022,2022,2021,   Tic disorders,Total,Agegroup:5–24years–Rate,1.0,,
hospitalisation,2021-2022,2022,2021,   ADHD,Female,Agegroup:5–24years–Rate,12.4,,
hospitalisation,2021-2022,2022,2021,   ADHD,Male,Agegroup:5–24years–Rate,14.1,,
hospitalisation,2021-2022,2022,2021,   ADHD,Total,Agegroup:5–24years–Rate,13.3,,
hospitalisation,2022-2023,2023,2022,Neurocognitive disorders,Female,Agegroup:5–24years–Rate,0.9,,
hospitalisation,2022-2023,2023,2022,Neurocognitive disorders,Male,Agegroup:5–24years–Rate,1.2,,
hospitalisation,2022-2023,2023,2022,Neurocognitive disorders,Total,Agegroup:5–24years–Rate,1.0,,
hospitalisation,2022-2023,2023,2022,Substance-related disorders,Female,Agegroup:5–24years–Rate,50.0,,
hospitalisation,2022-2023,2023,2022,Substance-related disorders,Male,Agegroup:5–24years–Rate,63.9,,
hospitalisation,2022-2023,2023,2022,Substance-related disorders,Total,Agegroup:5–24years–Rate,57.2,,
hospitalisation,2022-2023,2023,2022,Schizophrenic and psychotic disorders,Female,Agegroup:5–24years–Rate,43.0,,
hospitalisation,2022-2023,2023,2022,Schizophrenic and psychotic disorders,Male,Agegroup:5–24years–Rate,82.9,,
hospitalisation,2022-2023,2023,2022,Schizophrenic and psychotic disorders,Total,Agegroup:5–24years–Rate,63.6,,
hospitalisation,2022-2023,2023,2022,Mood disorders,Female,Agegroup:5–24years–Rate,162.2,,
hospitalisation,2022-2023,2023,2022,Mood disorders,Male,Agegroup:5–24years–Rate,79.3,,
hospitalisation,2022-2023,2023,2022,Mood disorders,Total,Agegroup:5–24years–Rate,119.5,,
hospitalisation,2022-2023,2023,2022,Anxiety disorders,Female,Agegroup:5–24years–Rate,49.6,,
hospitalisation,2022-2023,2023,2022,Anxiety disorders,Male,Agegroup:5–24years–Rate,17.3,,
hospitalisation,2022-2023,2023,2022,Anxiety disorders,Total,Agegroup:5–24years–Rate,33.0,,
hospitalisation,2022-2023,2023,2022,Personality disorders,Female,Agegroup:5–24years–Rate,76.3,,
hospitalisation,2022-2023,2023,2022,Personality disorders,Male,Agegroup:5–24years–Rate,18.1,,
hospitalisation,2022-2023,2023,2022,Personality disorders,Total,Agegroup:5–24years–Rate,46.3,,
hospitalisation,2022-2023,2023,2022,Other disorders,Female,Agegroup:5–24years–Rate,197.5,,
hospitalisation,2022-2023,2023,2022,Other disorders,Male,Agegroup:5–24years–Rate,95.4,,
hospitalisation,2022-2023,2023,2022,Other disorders,Total,Agegroup:5–24years–Rate,144.8,,
hospitalisation,2022-2023,2023,2022,   Trauma- and stressor-related disorders,Female,Agegroup:5–24years–Rate,104.2,,
hospitalisation,2022-2023,2023,2022,   Trauma- and stressor-related disorders,Male,Agegroup:5–24years–Rate,41.4,,
hospitalisation,2022-2023,2023,2022,   Trauma- and stressor-related disorders,Total,Agegroup:5–24years–Rate,71.8,,
hospitalisation,2022-2023,2023,2022,"   Disruptive, impulse control and conduct disorders",Female,Agegroup:5–24years–Rate,11.0,,
hospitalisation,2022-2023,2023,2022,"   Disruptive, impulse control and conduct disorders",Male,Agegroup:5–24years–Rate,11.9,,
hospitalisation,2022-2023,2023,2022,"   Disruptive, impulse control and conduct disorders",Total,Agegroup:5–24years–Rate,11.5,,
hospitalisation,2022-2023,2023,2022,   Eating and feeding disorders,Female,Agegroup:5–24years–Rate,37.7,,
hospitalisation,2022-2023,2023,2022,   Eating and feeding disorders,Male,Agegroup:5–24years–Rate,4.4,,
hospitalisation,2022-2023,2023,2022,   Eating and feeding disorders,Total,Agegroup:5–24years–Rate,20.6,,
hospitalisation,2022-2023,2023,2022,   Tic disorders,Female,Agegroup:5–24years–Rate,0.4,,
hospitalisation,2022-2023,2023,2022,   Tic disorders,Male,Agegroup:5–24years–Rate,0.8,,
hospitalisation,2022-2023,2023,2022,   Tic disorders,Total,Agegroup:5–24years–Rate,0.6,,
hospitalisation,2022-2023,2023,2022,   ADHD,Female,Agegroup:5–24years–Rate,13.2,,
hospitalisation,2022-2023,2023,2022,   ADHD,Male,Agegroup:5–24years–Rate,12.7,,
hospitalisation,2022-2023,2023,2022,   ADHD,Total,Agegroup:5–24years–Rate,12.9,,
hospitalisation,2023-2024,2024,2023,Neurocognitive disorders,Female,Agegroup:5–24years–Rate,0.9,,
hospitalisation,2023-2024,2024,2023,Neurocognitive disorders,Male,Agegroup:5–24years–Rate,1.0,,
hospitalisation,2023-2024,2024,2023,Neurocognitive disorders,Total,Agegroup:5–24years–Rate,1.0,,
hospitalisation,2023-2024,2024,2023,Substance-related disorders,Female,Agegroup:5–24years–Rate,47.1,,
hospitalisation,2023-2024,2024,2023,Substance-related disorders,Male,Agegroup:5–24years–Rate,59.0,,
hospitalisation,2023-2024,2024,2023,Substance-related disorders,Total,Agegroup:5–24years–Rate,53.3,,
hospitalisation,2023-2024,2024,2023,Schizophrenic and psychotic disorders,Female,Agegroup:5–24years–Rate,40.8,,
hospitalisation,2023-2024,2024,2023,Schizophrenic and psychotic disorders,Male,Agegroup:5–24years–Rate,75.7,,
hospitalisation,2023-2024,2024,2023,Schizophrenic and psychotic disorders,Total,Agegroup:5–24years–Rate,58.9,,
hospitalisation,2023-2024,2024,2023,Mood disorders,Female,Agegroup:5–24years–Rate,134.3,,
hospitalisation,2023-2024,2024,2023,Mood disorders,Male,Agegroup:5–24years–Rate,67.8,,
hospitalisation,2023-2024,2024,2023,Mood disorders,Total,Agegroup:5–24years–Rate,99.9,,
hospitalisation,2023-2024,2024,2023,Anxiety disorders,Female,Agegroup:5–24years–Rate,38.4,,
hospitalisation,2023-2024,2024,2023,Anxiety disorders,Male,Agegroup:5–24years–Rate,14.2,,
hospitalisation,2023-2024,2024,2023,Anxiety disorders,Total,Agegroup:5–24years–Rate,25.9,,
hospitalisation,2023-2024,2024,2023,Personality disorders,Female,Agegroup:5–24years–Rate,65.7,,
hospitalisation,2023-2024,2024,2023,Personality disorders,Male,Agegroup:5–24years–Rate,16.0,,
hospitalisation,2023-2024,2024,2023,Personality disorders,Total,Agegroup:5–24years–Rate,40.0,,
hospitalisation,2023-2024,2024,2023,Other disorders,Female,Agegroup:5–24years–Rate,186.0,,
hospitalisation,2023-2024,2024,2023,Other disorders,Male,Agegroup:5–24years–Rate,96.4,,
hospitalisation,2023-2024,2024,2023,Other disorders,Total,Agegroup:5–24years–Rate,139.7,,
hospitalisation,2023-2024,2024,2023,   Trauma- and stressor-related disorders,Female,Agegroup:5–24years–Rate,99.7,,
hospitalisation,2023-2024,2024,2023,   Trauma- and stressor-related disorders,Male,Agegroup:5–24years–Rate,40.9,,
hospitalisation,2023-2024,2024,2023,   Trauma- and stressor-related disorders,Total,Agegroup:5–24years–Rate,69.3,,
hospitalisation,2023-2024,2024,2023,"   Disruptive, impulse control and conduct disorders",Female,Agegroup:5–24years–Rate,11.1,,
hospitalisation,2023-2024,2024,2023,"   Disruptive, impulse control and conduct disorders",Male,Agegroup:5–24years–Rate,11.4,,
hospitalisation,2023-2024,2024,2023,"   Disruptive, impulse control and conduct disorders",Total,Agegroup:5–24years–Rate,11.3,,
hospitalisation,2023-2024,2024,2023,   Eating and feeding disorders,Female,Agegroup:5–24years–Rate,34.3,,
hospitalisation,2023-2024,2024,2023,   Eating and feeding disorders,Male,Agegroup:5–24years–Rate,4.1,,
hospitalisation,2023-2024,2024,2023,   Eating and feeding disorders,Total,Agegroup:5–24years–Rate,18.7,,
hospitalisation,2023-2024,2024,2023,   Tic disorders,Female,Agegroup:5–24years–Rate,0.6,,
hospitalisation,2023-2024,2024,2023,   Tic disorders,Male,Agegroup:5–24years–Rate,0.6,,
hospitalisation,2023-2024,2024,2023,   Tic disorders,Total,Agegroup:5–24years–Rate,0.6,,
hospitalisation,2023-2024,2024,2023,   ADHD,Female,Agegroup:5–24years–Rate,12.3,,
hospitalisation,2023-2024,2024,2023,   ADHD,Male,Agegroup:5–24years–Rate,14.4,,
hospitalisation,2023-2024,2024,2023,   ADHD,Total,Agegroup:5–24years–Rate,13.4,,
hospitalisation,2018-2019,2019,2018,Neurocognitive disorders,Female,Agegroup:5–24years–95%CI,1.0,1.0,2.0
hospitalisation,2018-2019,2019,2018,Neurocognitive disorders,Male,Agegroup:5–24years–95%CI,1.0,1.0,2.0
hospitalisation,2018-2019,2019,2018,Neurocognitive disorders,Total,Agegroup:5–24years–95%CI,1.0,1.0,2.0
hospitalisation,2018-2019,2019,2018,Substance-related disorders,Female,Agegroup:5–24years–95%CI,53.0,53.0,58.0
hospitalisation,2018-2019,2019,2018,Substance-related disorders,Male,Agegroup:5–24years–95%CI,81.0,81.0,87.0
hospitalisation,2018-2019,2019,2018,Substance-related disorders,Total,Agegroup:5–24years–95%CI,68.0,68.0,72.0
hospitalisation,2018-2019,2019,2018,Schizophrenic and psychotic disorders,Female,Agegroup:5–24years–95%CI,39.0,39.0,42.0
hospitalisation,2018-2019,2019,2018,Schizophrenic and psychotic disorders,Male,Agegroup:5–24years–95%CI,99.0,99.0,105.0
hospitalisation,2018-2019,2019,2018,Schizophrenic and psychotic disorders,Total,Agegroup:5–24years–95%CI,70.0,70.0,74.0
hospitalisation,2018-2019,2019,2018,Mood disorders,Female,Agegroup:5–24years–95%CI,196.0,196.0,204.0
hospitalisation,2018-2019,2019,2018,Mood disorders,Male,Agegroup:5–24years–95%CI,105.0,105.0,111.0
hospitalisation,2018-2019,2019,2018,Mood disorders,Total,Agegroup:5–24years–95%CI,150.0,150.0,155.0
hospitalisation,2018-2019,2019,2018,Anxiety disorders,Female,Agegroup:5–24years–95%CI,52.0,52.0,56.0
hospitalisation,2018-2019,2019,2018,Anxiety disorders,Male,Agegroup:5–24years–95%CI,24.0,24.0,27.0
hospitalisation,2018-2019,2019,2018,Anxiety disorders,Total,Agegroup:5–24years–95%CI,38.0,38.0,41.0
hospitalisation,2018-2019,2019,2018,Personality disorders,Female,Agegroup:5–24years–95%CI,67.0,67.0,72.0
hospitalisation,2018-2019,2019,2018,Personality disorders,Male,Agegroup:5–24years–95%CI,18.0,18.0,21.0
hospitalisation,2018-2019,2019,2018,Personality disorders,Total,Agegroup:5–24years–95%CI,42.0,42.0,45.0
hospitalisation,2018-2019,2019,2018,Other disorders,Female,Agegroup:5–24years–95%CI,204.0,204.0,213.0
hospitalisation,2018-2019,2019,2018,Other disorders,Male,Agegroup:5–24years–95%CI,122.0,122.0,128.0
hospitalisation,2018-2019,2019,2018,Other disorders,Total,Agegroup:5–24years–95%CI,163.0,163.0,168.0
hospitalisation,2018-2019,2019,2018,   Trauma- and stressor-related disorders,Female,Agegroup:5–24years–95%CI,120.0,120.0,127.0
hospitalisation,2018-2019,2019,2018,   Trauma- and stressor-related disorders,Male,Agegroup:5–24years–95%CI,56.0,56.0,61.0
hospitalisation,2018-2019,2019,2018,   Trauma- and stressor-related disorders,Total,Agegroup:5–24years–95%CI,88.0,88.0,92.0
hospitalisation,2018-2019,2019,2018,"   Disruptive, impulse control and conduct disorders",Female,Agegroup:5–24years–95%CI,14.0,14.0,16.0
hospitalisation,2018-2019,2019,2018,"   Disruptive, impulse control and conduct disorders",Male,Agegroup:5–24years–95%CI,18.0,18.0,20.0
hospitalisation,2018-2019,2019,2018,"   Disruptive, impulse control and conduct disorders",Total,Agegroup:5–24years–95%CI,16.0,16.0,18.0
hospitalisation,2018-2019,2019,2018,   Eating and feeding disorders,Female,Agegroup:5–24years–95%CI,26.0,26.0,29.0
hospitalisation,2018-2019,2019,2018,   Eating and feeding disorders,Male,Agegroup:5–24years–95%CI,3.0,3.0,4.0
hospitalisation,2018-2019,2019,2018,   Eating and feeding disorders,Total,Agegroup:5–24years–95%CI,14.0,14.0,16.0
hospitalisation,2018-2019,2019,2018,   Tic disorders,Female,Agegroup:5–24years–95%CI,0.0,0.0,1.0
hospitalisation,2018-2019,2019,2018,   Tic disorders,Male,Agegroup:5–24years–95%CI,1.0,1.0,1.0
hospitalisation,2018-2019,2019,2018,   Tic disorders,Total,Agegroup:5–24years–95%CI,1.0,1.0,1.0
hospitalisation,2018-2019,2019,2018,   ADHD,Female,Agegroup:5–24years–95%CI,9.0,9.0,11.0
hospitalisation,2018-2019,2019,2018,   ADHD,Male,Agegroup:5–24years–95%CI,15.0,15.0,18.0
hospitalisation,2018-2019,2019,2018,   ADHD,Total,Agegroup:5–24years–95%CI,12.0,12.0,14.0
hospitalisation,2019-2020,2020,2019,Neurocognitive disorders,Female,Agegroup:5–24years–95%CI,1.0,1.0,1.0
hospitalisation,2019-2020,2020,2019,Neurocognitive disorders,Male,Agegroup:5–24years–95%CI,1.0,1.0,2.0
hospitalisation,2019-2020,2020,2019,Neurocognitive disorders,Total,Agegroup:5–24years–95%CI,1.0,1.0,1.0
hospitalisation,2019-2020,2020,2019,Substance-related disorders,Female,Agegroup:5–24years–95%CI,52.0,52.0,56.0
hospitalisation,2019-2020,2020,2019,Substance-related disorders,Male,Agegroup:5–24years–95%CI,80.0,80.0,85.0
hospitalisation,2019-2020,2020,2019,Substance-related disorders,Total,Agegroup:5–24years–95%CI,67.0,67.0,70.0
hospitalisation,2019-2020,2020,2019,Schizophrenic and psychotic disorders,Female,Agegroup:5–24years–95%CI,39.0,39.0,42.0
hospitalisation,2019-2020,2020,2019,Schizophrenic and psychotic disorders,Male,Agegroup:5–24years–95%CI,94.0,94.0,99.0
hospitalisation,2019-2020,2020,2019,Schizophrenic and psychotic disorders,Total,Agegroup:5–24years–95%CI,68.0,68.0,71.0
hospitalisation,2019-2020,2020,2019,Mood disorders,Female,Agegroup:5–24years–95%CI,180.0,180.0,189.0
hospitalisation,2019-2020,2020,2019,Mood disorders,Male,Agegroup:5–24years–95%CI,99.0,99.0,105.0
hospitalisation,2019-2020,2020,2019,Mood disorders,Total,Agegroup:5–24years–95%CI,140.0,140.0,145.0
hospitalisation,2019-2020,2020,2019,Anxiety disorders,Female,Agegroup:5–24years–95%CI,52.0,52.0,57.0
hospitalisation,2019-2020,2020,2019,Anxiety disorders,Male,Agegroup:5–24years–95%CI,22.0,22.0,25.0
hospitalisation,2019-2020,2020,2019,Anxiety disorders,Total,Agegroup:5–24years–95%CI,37.0,37.0,40.0
hospitalisation,2019-2020,2020,2019,Personality disorders,Female,Agegroup:5–24years–95%CI,63.0,63.0,68.0
hospitalisation,2019-2020,2020,2019,Personality disorders,Male,Agegroup:5–24years–95%CI,17.0,17.0,19.0
hospitalisation,2019-2020,2020,2019,Personality disorders,Total,Agegroup:5–24years–95%CI,40.0,40.0,42.0
hospitalisation,2019-2020,2020,2019,Other disorders,Female,Agegroup:5–24years–95%CI,196.0,196.0,205.0
hospitalisation,2019-2020,2020,2019,Other disorders,Male,Agegroup:5–24years–95%CI,120.0,120.0,126.0
hospitalisation,2019-2020,2020,2019,Other disorders,Total,Agegroup:5–24years–95%CI,158.0,158.0,163.0
hospitalisation,2019-2020,2020,2019,   Trauma- and stressor-related disorders,Female,Agegroup:5–24years–95%CI,113.0,113.0,120.0
hospitalisation,2019-2020,2020,2019,   Trauma- and stressor-related disorders,Male,Agegroup:5–24years–95%CI,54.0,54.0,58.0
hospitalisation,2019-2020,2020,2019,   Trauma- and stressor-related disorders,Total,Agegroup:5–24years–95%CI,83.0,83.0,87.0
hospitalisation,2019-2020,2020,2019,"   Disruptive, impulse control and conduct disorders",Female,Agegroup:5–24years–95%CI,12.0,12.0,15.0
hospitalisation,2019-2020,2020,2019,"   Disruptive, impulse control and conduct disorders",Male,Agegroup:5–24years–95%CI,18.0,18.0,20.0
hospitalisation,2019-2020,2020,2019,"   Disruptive, impulse control and conduct disorders",Total,Agegroup:5–24years–95%CI,15.0,15.0,17.0
hospitalisation,2019-2020,2020,2019,   Eating and feeding disorders,Female,Agegroup:5–24years–95%CI,26.0,26.0,29.0
hospitalisation,2019-2020,2020,2019,   Eating and feeding disorders,Male,Agegroup:5–24years–95%CI,2.0,2.0,3.0
hospitalisation,2019-2020,2020,2019,   Eating and feeding disorders,Total,Agegroup:5–24years–95%CI,14.0,14.0,16.0
hospitalisation,2019-2020,2020,2019,   Tic disorders,Female,Agegroup:5–24years–95%CI,0.0,0.0,1.0
hospitalisation,2019-2020,2020,2019,   Tic disorders,Male,Agegroup:5–24years–95%CI,1.0,1.0,1.0
hospitalisation,2019-2020,2020,2019,   Tic disorders,Total,Agegroup:5–24years–95%CI,1.0,1.0,1.0
hospitalisation,2019-2020,2020,2019,   ADHD,Female,Agegroup:5–24years–95%CI,9.0,9.0,11.0
hospitalisation,2019-2020,2020,2019,   ADHD,Male,Agegroup:5–24years–95%CI,15.0,15.0,18.0
hospitalisation,2019-2020,2020,2019,   ADHD,Total,Agegroup:5–24years–95%CI,12.0,12.0,14.0
hospitalisation,2020-2021,2021,2020,Neurocognitive disorders,Female,Agegroup:5–24years–95%CI,1.0,1.0,1.0
hospitalisation,2020-2021,2021,2020,Neurocognitive disorders,Male,Agegroup:5–24years–95%CI,1.0,1.0,1.0
hospitalisation,2020-2021,2021,2020,Neurocognitive disorders,Total,Agegroup:5–24years–95%CI,1.0,1.0,1.0
hospitalisation,2020-2021,2021,2020,Substance-related disorders,Female,Agegroup:5–24years–95%CI,52.0,52.0,57.0
hospitalisation,2020-2021,2021,2020,Substance-related disorders,Male,Agegroup:5–24years–95%CI,79.0,79.0,84.0
hospitalisation,2020-2021,2021,2020,Substance-related disorders,Total,Agegroup:5–24years–95%CI,67.0,67.0,70.0
hospitalisation,2020-2021,2021,2020,Schizophrenic and psychotic disorders,Female,Agegroup:5–24years–95%CI,42.0,42.0,46.0
hospitalisation,2020-2021,2021,2020,Schizophrenic and psychotic disorders,Male,Agegroup:5–24years–95%CI,92.0,92.0,97.0
hospitalisation,2020-2021,2021,2020,Schizophrenic and psychotic disorders,Total,Agegroup:5–24years–95%CI,68.0,68.0,72.0
hospitalisation,2020-2021,2021,2020,Mood disorders,Female,Agegroup:5–24years–95%CI,170.0,170.0,178.0
hospitalisation,2020-2021,2021,2020,Mood disorders,Male,Agegroup:5–24years–95%CI,79.0,79.0,84.0
hospitalisation,2020-2021,2021,2020,Mood disorders,Total,Agegroup:5–24years–95%CI,124.0,124.0,129.0
hospitalisation,2020-2021,2021,2020,Anxiety disorders,Female,Agegroup:5–24years–95%CI,49.0,49.0,53.0
hospitalisation,2020-2021,2021,2020,Anxiety disorders,Male,Agegroup:5–24years–95%CI,18.0,18.0,21.0
hospitalisation,2020-2021,2021,2020,Anxiety disorders,Total,Agegroup:5–24years–95%CI,34.0,34.0,36.0
hospitalisation,2020-2021,2021,2020,Personality disorders,Female,Agegroup:5–24years–95%CI,62.0,62.0,67.0
hospitalisation,2020-2021,2021,2020,Personality disorders,Male,Agegroup:5–24years–95%CI,15.0,15.0,18.0
hospitalisation,2020-2021,2021,2020,Personality disorders,Total,Agegroup:5–24years–95%CI,39.0,39.0,41.0
hospitalisation,2020-2021,2021,2020,Other disorders,Female,Agegroup:5–24years–95%CI,188.0,188.0,196.0
hospitalisation,2020-2021,2021,2020,Other disorders,Male,Agegroup:5–24years–95%CI,90.0,90.0,96.0
hospitalisation,2020-2021,2021,2020,Other disorders,Total,Agegroup:5–24years–95%CI,138.0,138.0,143.0
hospitalisation,2020-2021,2021,2020,   Trauma- and stressor-related disorders,Female,Agegroup:5–24years–95%CI,101.0,101.0,107.0
hospitalisation,2020-2021,2021,2020,   Trauma- and stressor-related disorders,Male,Agegroup:5–24years–95%CI,41.0,41.0,45.0
hospitalisation,2020-2021,2021,2020,   Trauma- and stressor-related disorders,Total,Agegroup:5–24years–95%CI,71.0,71.0,74.0
hospitalisation,2020-2021,2021,2020,"   Disruptive, impulse control and conduct disorders",Female,Agegroup:5–24years–95%CI,9.0,9.0,11.0
hospitalisation,2020-2021,2021,2020,"   Disruptive, impulse control and conduct disorders",Male,Agegroup:5–24years–95%CI,12.0,12.0,14.0
hospitalisation,2020-2021,2021,2020,"   Disruptive, impulse control and conduct disorders",Total,Agegroup:5–24years–95%CI,11.0,11.0,12.0
hospitalisation,2020-2021,2021,2020,   Eating and feeding disorders,Female,Agegroup:5–24years–95%CI,37.0,37.0,40.0
hospitalisation,2020-2021,2021,2020,   Eating and feeding disorders,Male,Agegroup:5–24years–95%CI,3.0,3.0,4.0
hospitalisation,2020-2021,2021,2020,   Eating and feeding disorders,Total,Agegroup:5–24years–95%CI,19.0,19.0,21.0
hospitalisation,2020-2021,2021,2020,   Tic disorders,Female,Agegroup:5–24years–95%CI,1.0,1.0,1.0
hospitalisation,2020-2021,2021,2020,   Tic disorders,Male,Agegroup:5–24years–95%CI,1.0,1.0,1.0
hospitalisation,2020-2021,2021,2020,   Tic disorders,Total,Agegroup:5–24years–95%CI,1.0,1.0,1.0
hospitalisation,2020-2021,2021,2020,   ADHD,Female,Agegroup:5–24years–95%CI,9.0,9.0,10.0
hospitalisation,2020-2021,2021,2020,   ADHD,Male,Agegroup:5–24years–95%CI,12.0,12.0,14.0
hospitalisation,2020-2021,2021,2020,   ADHD,Total,Agegroup:5–24years–95%CI,11.0,11.0,12.0
hospitalisation,2021-2022,2022,2021,Neurocognitive disorders,Female,Agegroup:5–24years–95%CI,1.0,1.0,1.0
hospitalisation,2021-2022,2022,2021,Neurocognitive disorders,Male,Agegroup:5–24years–95%CI,1.0,1.0,2.0
hospitalisation,2021-2022,2022,2021,Neurocognitive disorders,Total,Agegroup:5–24years–95%CI,1.0,1.0,2.0
hospitalisation,2021-2022,2022,2021,Substance-related disorders,Female,Agegroup:5–24years–95%CI,51.0,51.0,55.0
hospitalisation,2021-2022,2022,2021,Substance-related disorders,Male,Agegroup:5–24years–95%CI,69.0,69.0,74.0
hospitalisation,2021-2022,2022,2021,Substance-related disorders,Total,Agegroup:5–24years–95%CI,61.0,61.0,64.0
hospitalisation,2021-2022,2022,2021,Schizophrenic and psychotic disorders,Female,Agegroup:5–24years–95%CI,44.0,44.0,48.0
hospitalisation,2021-2022,2022,2021,Schizophrenic and psychotic disorders,Male,Agegroup:5–24years–95%CI,91.0,91.0,97.0
hospitalisation,2021-2022,2022,2021,Schizophrenic and psychotic disorders,Total,Agegroup:5–24years–95%CI,69.0,69.0,72.0
hospitalisation,2021-2022,2022,2021,Mood disorders,Female,Agegroup:5–24years–95%CI,201.0,201.0,210.0
hospitalisation,2021-2022,2022,2021,Mood disorders,Male,Agegroup:5–24years–95%CI,83.0,83.0,89.0
hospitalisation,2021-2022,2022,2021,Mood disorders,Total,Agegroup:5–24years–95%CI,141.0,141.0,146.0
hospitalisation,2021-2022,2022,2021,Anxiety disorders,Female,Agegroup:5–24years–95%CI,62.0,62.0,66.0
hospitalisation,2021-2022,2022,2021,Anxiety disorders,Male,Agegroup:5–24years–95%CI,19.0,19.0,21.0
hospitalisation,2021-2022,2022,2021,Anxiety disorders,Total,Agegroup:5–24years–95%CI,40.0,40.0,43.0
hospitalisation,2021-2022,2022,2021,Personality disorders,Female,Agegroup:5–24years–95%CI,75.0,75.0,80.0
hospitalisation,2021-2022,2022,2021,Personality disorders,Male,Agegroup:5–24years–95%CI,17.0,17.0,20.0
hospitalisation,2021-2022,2022,2021,Personality disorders,Total,Agegroup:5–24years–95%CI,46.0,46.0,49.0
hospitalisation,2021-2022,2022,2021,Other disorders,Female,Agegroup:5–24years–95%CI,228.0,228.0,237.0
hospitalisation,2021-2022,2022,2021,Other disorders,Male,Agegroup:5–24years–95%CI,99.0,99.0,105.0
hospitalisation,2021-2022,2022,2021,Other disorders,Total,Agegroup:5–24years–95%CI,162.0,162.0,168.0
hospitalisation,2021-2022,2022,2021,   Trauma- and stressor-related disorders,Female,Agegroup:5–24years–95%CI,120.0,120.0,126.0
hospitalisation,2021-2022,2022,2021,   Trauma- and stressor-related disorders,Male,Agegroup:5–24years–95%CI,43.0,43.0,47.0
hospitalisation,2021-2022,2022,2021,   Trauma- and stressor-related disorders,Total,Agegroup:5–24years–95%CI,81.0,81.0,85.0
hospitalisation,2021-2022,2022,2021,"   Disruptive, impulse control and conduct disorders",Female,Agegroup:5–24years–95%CI,11.0,11.0,14.0
hospitalisation,2021-2022,2022,2021,"   Disruptive, impulse control and conduct disorders",Male,Agegroup:5–24years–95%CI,13.0,13.0,15.0
hospitalisation,2021-2022,2022,2021,"   Disruptive, impulse control and conduct disorders",Total,Agegroup:5–24years–95%CI,12.0,12.0,14.0
hospitalisation,2021-2022,2022,2021,   Eating and feeding disorders,Female,Agegroup:5–24years–95%CI,46.0,46.0,50.0
hospitalisation,2021-2022,2022,2021,   Eating and feeding disorders,Male,Agegroup:5–24years–95%CI,4.0,4.0,5.0
hospitalisation,2021-2022,2022,2021,   Eating and feeding disorders,Total,Agegroup:5–24years–95%CI,24.0,24.0,26.0
hospitalisation,2021-2022,2022,2021,   Tic disorders,Female,Agegroup:5–24years–95%CI,1.0,1.0,1.0
hospitalisation,2021-2022,2022,2021,   Tic disorders,Male,Agegroup:5–24years–95%CI,1.0,1.0,1.0
hospitalisation,2021-2022,2022,2021,   Tic disorders,Total,Agegroup:5–24years–95%CI,1.0,1.0,1.0
hospitalisation,2021-2022,2022,2021,   ADHD,Female,Agegroup:5–24years–95%CI,11.0,11.0,13.0
hospitalisation,2021-2022,2022,2021,   ADHD,Male,Agegroup:5–24years–95%CI,13.0,13.0,15.0
hospitalisation,2021-2022,2022,2021,   ADHD,Total,Agegroup:5–24years–95%CI,13.0,13.0,14.0
hospitalisation,2022-2023,2023,2022,Neurocognitive disorders,Female,Agegroup:5–24years–95%CI,1.0,1.0,1.0
hospitalisation,2022-2023,2023,2022,Neurocognitive disorders,Male,Agegroup:5–24years–95%CI,1.0,1.0,1.0
hospitalisation,2022-2023,2023,2022,Neurocognitive disorders,Total,Agegroup:5–24years–95%CI,1.0,1.0,1.0
hospitalisation,2022-2023,2023,2022,Substance-related disorders,Female,Agegroup:5–24years–95%CI,48.0,48.0,52.0
hospitalisation,2022-2023,2023,2022,Substance-related disorders,Male,Agegroup:5–24years–95%CI,62.0,62.0,66.0
hospitalisation,2022-2023,2023,2022,Substance-related disorders,Total,Agegroup:5–24years–95%CI,56.0,56.0,59.0
hospitalisation,2022-2023,2023,2022,Schizophrenic and psychotic disorders,Female,Agegroup:5–24years–95%CI,41.0,41.0,45.0
hospitalisation,2022-2023,2023,2022,Schizophrenic and psychotic disorders,Male,Agegroup:5–24years–95%CI,80.0,80.0,86.0
hospitalisation,2022-2023,2023,2022,Schizophrenic and psychotic disorders,Total,Agegroup:5–24years–95%CI,62.0,62.0,65.0
hospitalisation,2022-2023,2023,2022,Mood disorders,Female,Agegroup:5–24years–95%CI,158.0,158.0,166.0
hospitalisation,2022-2023,2023,2022,Mood disorders,Male,Agegroup:5–24years–95%CI,77.0,77.0,82.0
hospitalisation,2022-2023,2023,2022,Mood disorders,Total,Agegroup:5–24years–95%CI,117.0,117.0,122.0
hospitalisation,2022-2023,2023,2022,Anxiety disorders,Female,Agegroup:5–24years–95%CI,48.0,48.0,52.0
hospitalisation,2022-2023,2023,2022,Anxiety disorders,Male,Agegroup:5–24years–95%CI,16.0,16.0,19.0
hospitalisation,2022-2023,2023,2022,Anxiety disorders,Total,Agegroup:5–24years–95%CI,32.0,32.0,34.0
hospitalisation,2022-2023,2023,2022,Personality disorders,Female,Agegroup:5–24years–95%CI,74.0,74.0,79.0
hospitalisation,2022-2023,2023,2022,Personality disorders,Male,Agegroup:5–24years–95%CI,17.0,17.0,19.0
hospitalisation,2022-2023,2023,2022,Personality disorders,Total,Agegroup:5–24years–95%CI,45.0,45.0,48.0
hospitalisation,2022-2023,2023,2022,Other disorders,Female,Agegroup:5–24years–95%CI,193.0,193.0,202.0
hospitalisation,2022-2023,2023,2022,Other disorders,Male,Agegroup:5–24years–95%CI,93.0,93.0,98.0
hospitalisation,2022-2023,2023,2022,Other disorders,Total,Agegroup:5–24years–95%CI,142.0,142.0,147.0
hospitalisation,2022-2023,2023,2022,   Trauma- and stressor-related disorders,Female,Agegroup:5–24years–95%CI,101.0,101.0,107.0
hospitalisation,2022-2023,2023,2022,   Trauma- and stressor-related disorders,Male,Agegroup:5–24years–95%CI,40.0,40.0,43.0
hospitalisation,2022-2023,2023,2022,   Trauma- and stressor-related disorders,Total,Agegroup:5–24years–95%CI,70.0,70.0,74.0
hospitalisation,2022-2023,2023,2022,"   Disruptive, impulse control and conduct disorders",Female,Agegroup:5–24years–95%CI,10.0,10.0,12.0
hospitalisation,2022-2023,2023,2022,"   Disruptive, impulse control and conduct disorders",Male,Agegroup:5–24years–95%CI,11.0,11.0,13.0
hospitalisation,2022-2023,2023,2022,"   Disruptive, impulse control and conduct disorders",Total,Agegroup:5–24years–95%CI,11.0,11.0,12.0
hospitalisation,2022-2023,2023,2022,   Eating and feeding disorders,Female,Agegroup:5–24years–95%CI,36.0,36.0,40.0
hospitalisation,2022-2023,2023,2022,   Eating and feeding disorders,Male,Agegroup:5–24years–95%CI,4.0,4.0,5.0
hospitalisation,2022-2023,2023,2022,   Eating and feeding disorders,Total,Agegroup:5–24years–95%CI,20.0,20.0,21.0
hospitalisation,2022-2023,2023,2022,   Tic disorders,Female,Agegroup:5–24years–95%CI,0.0,0.0,1.0
hospitalisation,2022-2023,2023,2022,   Tic disorders,Male,Agegroup:5–24years–95%CI,1.0,1.0,1.0
hospitalisation,2022-2023,2023,2022,   Tic disorders,Total,Agegroup:5–24years–95%CI,0.0,0.0,1.0
hospitalisation,2022-2023,2023,2022,   ADHD,Female,Agegroup:5–24years–95%CI,12.0,12.0,14.0
hospitalisation,2022-2023,2023,2022,   ADHD,Male,Agegroup:5–24years–95%CI,12.0,12.0,14.0
hospitalisation,2022-2023,2023,2022,   ADHD,Total,Agegroup:5–24years–95%CI,12.0,12.0,14.0
hospitalisation,2023-2024,2024,2023,Neurocognitive disorders,Female,Agegroup:5–24years–95%CI,1.0,1.0,1.0
hospitalisation,2023-2024,2024,2023,Neurocognitive disorders,Male,Agegroup:5–24years–95%CI,1.0,1.0,1.0
hospitalisation,2023-2024,2024,2023,Neurocognitive disorders,Total,Agegroup:5–24years–95%CI,1.0,1.0,1.0
hospitalisation,2023-2024,2024,2023,Substance-related disorders,Female,Agegroup:5–24years–95%CI,45.0,45.0,49.0
hospitalisation,2023-2024,2024,2023,Substance-related disorders,Male,Agegroup:5–24years–95%CI,57.0,57.0,61.0
hospitalisation,2023-2024,2024,2023,Substance-related disorders,Total,Agegroup:5–24years–95%CI,52.0,52.0,55.0
hospitalisation,2023-2024,2024,2023,Schizophrenic and psychotic disorders,Female,Agegroup:5–24years–95%CI,39.0,39.0,43.0
hospitalisation,2023-2024,2024,2023,Schizophrenic and psychotic disorders,Male,Agegroup:5–24years–95%CI,73.0,73.0,78.0
hospitalisation,2023-2024,2024,2023,Schizophrenic and psychotic disorders,Total,Agegroup:5–24years–95%CI,57.0,57.0,60.0
hospitalisation,2023-2024,2024,2023,Mood disorders,Female,Agegroup:5–24years–95%CI,131.0,131.0,138.0
hospitalisation,2023-2024,2024,2023,Mood disorders,Male,Agegroup:5–24years–95%CI,65.0,65.0,70.0
hospitalisation,2023-2024,2024,2023,Mood disorders,Total,Agegroup:5–24years–95%CI,98.0,98.0,102.0
hospitalisation,2023-2024,2024,2023,Anxiety disorders,Female,Agegroup:5–24years–95%CI,37.0,37.0,40.0
hospitalisation,2023-2024,2024,2023,Anxiety disorders,Male,Agegroup:5–24years–95%CI,13.0,13.0,15.0
hospitalisation,2023-2024,2024,2023,Anxiety disorders,Total,Agegroup:5–24years–95%CI,25.0,25.0,27.0
hospitalisation,2023-2024,2024,2023,Personality disorders,Female,Agegroup:5–24years–95%CI,63.0,63.0,68.0
hospitalisation,2023-2024,2024,2023,Personality disorders,Male,Agegroup:5–24years–95%CI,15.0,15.0,17.0
hospitalisation,2023-2024,2024,2023,Personality disorders,Total,Agegroup:5–24years–95%CI,39.0,39.0,41.0
hospitalisation,2023-2024,2024,2023,Other disorders,Female,Agegroup:5–24years–95%CI,182.0,182.0,190.0
hospitalisation,2023-2024,2024,2023,Other disorders,Male,Agegroup:5–24years–95%CI,94.0,94.0,99.0
hospitalisation,2023-2024,2024,2023,Other disorders,Total,Agegroup:5–24years–95%CI,137.0,137.0,142.0
hospitalisation,2023-2024,2024,2023,   Trauma- and stressor-related disorders,Female,Agegroup:5–24years–95%CI,97.0,97.0,103.0
hospitalisation,2023-2024,2024,2023,   Trauma- and stressor-related disorders,Male,Agegroup:5–24years–95%CI,39.0,39.0,43.0
hospitalisation,2023-2024,2024,2023,   Trauma- and stressor-related disorders,Total,Agegroup:5–24years–95%CI,68.0,68.0,71.0
hospitalisation,2023-2024,2024,2023,"   Disruptive, impulse control and conduct disorders",Female,Agegroup:5–24years–95%CI,10.0,10.0,12.0
hospitalisation,2023-2024,2024,2023,"   Disruptive, impulse control and conduct disorders",Male,Agegroup:5–24years–95%CI,10.0,10.0,12.0
hospitalisation,2023-2024,2024,2023,"   Disruptive, impulse control and conduct disorders",Total,Agegroup:5–24years–95%CI,11.0,11.0,12.0
hospitalisation,2023-2024,2024,2023,   Eating and feeding disorders,Female,Agegroup:5–24years–95%CI,33.0,33.0,36.0
hospitalisation,2023-2024,2024,2023,   Eating and feeding disorders,Male,Agegroup:5–24years–95%CI,4.0,4.0,5.0
hospitalisation,2023-2024,2024,2023,   Eating and feeding disorders,Total,Agegroup:5–24years–95%CI,18.0,18.0,20.0
hospitalisation,2023-2024,2024,2023,   Tic disorders,Female,Agegroup:5–24years–95%CI,0.0,0.0,1.0
hospitalisation,2023-2024,2024,2023,   Tic disorders,Male,Agegroup:5–24years–95%CI,0.0,0.0,1.0
hospitalisation,2023-2024,2024,2023,   Tic disorders,Total,Agegroup:5–24years–95%CI,0.0,0.0,1.0
hospitalisation,2023-2024,2024,2023,   ADHD,Female,Agegroup:5–24years–95%CI,11.0,11.0,13.0
hospitalisation,2023-2024,2024,2023,   ADHD,Male,Agegroup:5–24years–95%CI,13.0,13.0,15.0
hospitalisation,2023-2024,2024,2023,   ADHD,Total,Agegroup:5–24years–95%CI,13.0,13.0,14.0
