ref_date_raw,start_year,geo,sex,indicator,value,ci_low,ci_high,uom,metric_type,quality_flag
2021-04,2021,Alberta,Men,Excellent or very good perceived health,60.6,54.9,66.0,percent,percent,
2021-04,2021,Alberta,Men,Fair or poor perceived health,9.3,6.7,12.9,percent,percent,
2021-04,2021,Alberta,Men,Good perceived health,30.1,25.0,35.7,percent,percent,
2021-04,2021,Alberta,"Total, all persons",Excellent or very good perceived health,57.5,53.8,61.0,percent,percent,
2021-04,2021,Alberta,"Total, all persons",Fair or poor perceived health,11.3,9.2,13.8,percent,percent,
2021-04,2021,Alberta,"Total, all persons",Good perceived health,31.2,27.9,34.7,percent,percent,
2021-04,2021,Alberta,Women,Excellent or very good perceived health,54.4,49.7,59.1,percent,percent,
2021-04,2021,Alberta,Women,Fair or poor perceived health,13.3,10.2,17.1,percent,percent,
2021-04,2021,Alberta,Women,Good perceived health,32.3,28.1,36.9,percent,percent,
2021-04,2021,Atlantic Region,Men,Excellent or very good perceived health,57.6,53.2,61.9,percent,percent,
2021-04,2021,Atlantic Region,Men,Fair or poor perceived health,13.8,11.2,16.8,percent,percent,
2021-04,2021,Atlantic Region,Men,Good perceived health,28.6,24.7,32.8,percent,percent,
2021-04,2021,Atlantic Region,"Total, all persons",Excellent or very good perceived health,57.3,54.6,60.0,percent,percent,
2021-04,2021,Atlantic Region,"Total, all persons",Fair or poor perceived health,13.2,11.5,15.1,percent,percent,
2021-04,2021,Atlantic Region,"Total, all persons",Good perceived health,29.5,27.0,32.1,percent,percent,
2021-04,2021,Atlantic Region,Women,Excellent or very good perceived health,57.0,53.4,60.5,percent,percent,
2021-04,2021,Atlantic Region,Women,Fair or poor perceived health,12.6,10.4,15.2,percent,percent,
2021-04,2021,Atlantic Region,Women,Good perceived health,30.4,27.2,33.8,percent,percent,
2021-04,2021,British Columbia,Men,Excellent or very good perceived health,58.5,53.9,63.0,percent,percent,
2021-04,2021,British Columbia,Men,Fair or poor perceived health,11.4,8.8,14.5,percent,percent,
2021-04,2021,British Columbia,Men,Good perceived health,30.1,26.0,34.6,percent,percent,
2021-04,2021,British Columbia,"Total, all persons",Excellent or very good perceived health,56.3,53.1,59.5,percent,percent,
2021-04,2021,British Columbia,"Total, all persons",Fair or poor perceived health,12.6,10.7,14.9,percent,percent,
2021-04,2021,British Columbia,"Total, all persons",Good perceived health,31.0,28.1,34.1,percent,percent,
2021-04,2021,British Columbia,Women,Excellent or very good perceived health,54.2,49.7,58.7,percent,percent,
2021-04,2021,British Columbia,Women,Fair or poor perceived health,13.9,11.0,17.3,percent,percent,
2021-04,2021,British Columbia,Women,Good perceived health,31.9,27.6,36.6,percent,percent,
2021-04,2021,Canada (excluding territories),Men,Excellent or very good perceived health,60.5,58.6,62.2,percent,percent,
2021-04,2021,Canada (excluding territories),Men,Fair or poor perceived health,10.5,9.5,11.6,percent,percent,
2021-04,2021,Canada (excluding territories),Men,Good perceived health,29.0,27.3,30.8,percent,percent,
2021-04,2021,Canada (excluding territories),"Total, all persons",Excellent or very good perceived health,57.1,55.9,58.4,percent,percent,
2021-04,2021,Canada (excluding territories),"Total, all persons",Fair or poor perceived health,11.4,10.7,12.2,percent,percent,
2021-04,2021,Canada (excluding territories),"Total, all persons",Good perceived health,31.4,30.3,32.6,percent,percent,
2021-04,2021,Canada (excluding territories),Women,Excellent or very good perceived health,53.9,52.2,55.6,percent,percent,
2021-04,2021,Canada (excluding territories),Women,Fair or poor perceived health,12.3,11.3,13.4,percent,percent,
2021-04,2021,Canada (excluding territories),Women,Good perceived health,33.8,32.2,35.5,percent,percent,
2021-04,2021,Manitoba,Men,Excellent or very good perceived health,60.6,54.1,66.7,percent,percent,
2021-04,2021,Manitoba,Men,Fair or poor perceived health,10.0,7.0,14.0,percent,percent,
2021-04,2021,Manitoba,Men,Good perceived health,29.4,23.7,35.9,percent,percent,
2021-04,2021,Manitoba,"Total, all persons",Excellent or very good perceived health,57.4,52.9,61.8,percent,percent,
2021-04,2021,Manitoba,"Total, all persons",Fair or poor perceived health,12.0,9.4,15.3,percent,percent,
2021-04,2021,Manitoba,"Total, all persons",Good perceived health,30.6,26.5,35.0,percent,percent,
2021-04,2021,Manitoba,Women,Excellent or very good perceived health,54.2,47.9,60.4,percent,percent,
2021-04,2021,Manitoba,Women,Fair or poor perceived health,14.1,9.9,19.7,percent,percent,
2021-04,2021,Manitoba,Women,Good perceived health,31.7,26.2,37.7,percent,percent,
2021-04,2021,New Brunswick,Men,Excellent or very good perceived health,59.5,52.4,66.2,percent,percent,
2021-04,2021,New Brunswick,Men,Fair or poor perceived health,13.6,9.6,18.9,percent,percent,
2021-04,2021,New Brunswick,Men,Good perceived health,26.9,21.0,33.8,percent,percent,
2021-04,2021,New Brunswick,"Total, all persons",Excellent or very good perceived health,59.2,54.5,63.6,percent,percent,
2021-04,2021,New Brunswick,"Total, all persons",Fair or poor perceived health,13.5,10.7,17.0,percent,percent,
2021-04,2021,New Brunswick,"Total, all persons",Good perceived health,27.3,23.3,31.8,percent,percent,
2021-04,2021,New Brunswick,Women,Excellent or very good perceived health,58.8,52.7,64.7,percent,percent,
2021-04,2021,New Brunswick,Women,Fair or poor perceived health,13.4,9.7,18.3,percent,percent,
2021-04,2021,New Brunswick,Women,Good perceived health,27.7,22.7,33.4,percent,percent,
2021-04,2021,Newfoundland and Labrador,Men,Excellent or very good perceived health,46.8,37.2,56.5,percent,percent,
2021-04,2021,Newfoundland and Labrador,Men,Fair or poor perceived health,17.3,11.3,25.7,percent,percent,
2021-04,2021,Newfoundland and Labrador,Men,Good perceived health,35.9,27.6,45.2,percent,percent,
2021-04,2021,Newfoundland and Labrador,"Total, all persons",Excellent or very good perceived health,53.1,47.0,59.0,percent,percent,
2021-04,2021,Newfoundland and Labrador,"Total, all persons",Fair or poor perceived health,13.9,10.2,18.8,percent,percent,
2021-04,2021,Newfoundland and Labrador,"Total, all persons",Good perceived health,33.0,27.6,38.9,percent,percent,
2021-04,2021,Newfoundland and Labrador,Women,Excellent or very good perceived health,59.2,51.6,66.4,percent,percent,
2021-04,2021,Newfoundland and Labrador,Women,Fair or poor perceived health,10.6,6.6,16.6,percent,percent,
2021-04,2021,Newfoundland and Labrador,Women,Good perceived health,30.2,23.6,37.7,percent,percent,
2021-04,2021,Nova Scotia,Men,Excellent or very good perceived health,62.1,54.3,69.4,percent,percent,
2021-04,2021,Nova Scotia,Men,Fair or poor perceived health,12.3,8.6,17.2,percent,percent,
2021-04,2021,Nova Scotia,Men,Good perceived health,25.6,19.3,33.1,percent,percent,
2021-04,2021,Nova Scotia,"Total, all persons",Excellent or very good perceived health,58.4,53.7,63.0,percent,percent,
2021-04,2021,Nova Scotia,"Total, all persons",Fair or poor perceived health,12.6,9.9,15.9,percent,percent,
2021-04,2021,Nova Scotia,"Total, all persons",Good perceived health,29.0,24.8,33.6,percent,percent,
2021-04,2021,Nova Scotia,Women,Excellent or very good perceived health,54.9,48.7,60.9,percent,percent,
2021-04,2021,Nova Scotia,Women,Fair or poor perceived health,12.9,9.4,17.4,percent,percent,
2021-04,2021,Nova Scotia,Women,Good perceived health,32.2,26.7,38.3,percent,percent,
2021-04,2021,Ontario,Men,Excellent or very good perceived health,57.8,54.5,61.0,percent,percent,
2021-04,2021,Ontario,Men,Fair or poor perceived health,11.5,9.7,13.7,percent,percent,
2021-04,2021,Ontario,Men,Good perceived health,30.7,27.6,33.9,percent,percent,
2021-04,2021,Ontario,"Total, all persons",Excellent or very good perceived health,55.1,52.9,57.2,percent,percent,
2021-04,2021,Ontario,"Total, all persons",Fair or poor perceived health,11.9,10.6,13.3,percent,percent,
2021-04,2021,Ontario,"Total, all persons",Good perceived health,33.0,31.0,35.1,percent,percent,
2021-04,2021,Ontario,Women,Excellent or very good perceived health,52.5,49.5,55.4,percent,percent,
2021-04,2021,Ontario,Women,Fair or poor perceived health,12.3,10.6,14.2,percent,percent,
2021-04,2021,Ontario,Women,Good perceived health,35.3,32.5,38.1,percent,percent,
2021-04,2021,Prairies Region,Men,Excellent or very good perceived health,60.1,56.0,64.0,percent,percent,
2021-04,2021,Prairies Region,Men,Fair or poor perceived health,9.7,7.7,12.1,percent,percent,
2021-04,2021,Prairies Region,Men,Good perceived health,30.2,26.5,34.2,percent,percent,
2021-04,2021,Prairies Region,"Total, all persons",Excellent or very good perceived health,56.8,54.1,59.4,percent,percent,
2021-04,2021,Prairies Region,"Total, all persons",Fair or poor perceived health,11.4,9.9,13.1,percent,percent,
2021-04,2021,Prairies Region,"Total, all persons",Good perceived health,31.8,29.3,34.5,percent,percent,
2021-04,2021,Prairies Region,Women,Excellent or very good perceived health,53.5,49.9,57.0,percent,percent,
2021-04,2021,Prairies Region,Women,Fair or poor perceived health,13.1,10.8,15.8,percent,percent,
2021-04,2021,Prairies Region,Women,Good perceived health,33.4,30.2,36.9,percent,percent,
2021-04,2021,Prince Edward Island,Men,Excellent or very good perceived health,57.0,48.7,64.9,percent,percent,
2021-04,2021,Prince Edward Island,Men,Fair or poor perceived health,12.2,8.0,18.3,percent,percent,
2021-04,2021,Prince Edward Island,Men,Good perceived health,30.8,23.3,39.5,percent,percent,
2021-04,2021,Prince Edward Island,"Total, all persons",Excellent or very good perceived health,55.0,49.6,60.4,percent,percent,
2021-04,2021,Prince Edward Island,"Total, all persons",Fair or poor perceived health,13.1,9.9,17.2,percent,percent,
2021-04,2021,Prince Edward Island,"Total, all persons",Good perceived health,31.9,26.9,37.3,percent,percent,
2021-04,2021,Prince Edward Island,Women,Excellent or very good perceived health,53.2,46.2,60.1,percent,percent,
2021-04,2021,Prince Edward Island,Women,Fair or poor perceived health,13.9,9.5,19.9,percent,percent,
2021-04,2021,Prince Edward Island,Women,Good perceived health,32.9,26.8,39.5,percent,percent,
2021-04,2021,Quebec,Men,Excellent or very good perceived health,67.3,63.8,70.6,percent,percent,
2021-04,2021,Quebec,Men,Fair or poor perceived health,8.0,6.4,10.0,percent,percent,
2021-04,2021,Quebec,Men,Good perceived health,24.7,21.7,27.9,percent,percent,
2021-04,2021,Quebec,"Total, all persons",Excellent or very good perceived health,61.5,58.9,64.0,percent,percent,
2021-04,2021,Quebec,"Total, all persons",Fair or poor perceived health,9.3,8.1,10.8,percent,percent,
2021-04,2021,Quebec,"Total, all persons",Good perceived health,29.2,26.8,31.7,percent,percent,
2021-04,2021,Quebec,Women,Excellent or very good perceived health,55.7,51.9,59.4,percent,percent,
2021-04,2021,Quebec,Women,Fair or poor perceived health,10.7,8.8,12.9,percent,percent,
2021-04,2021,Quebec,Women,Good perceived health,33.7,30.0,37.5,percent,percent,
2021-04,2021,Saskatchewan,Men,Excellent or very good perceived health,57.5,50.0,64.7,percent,percent,
2021-04,2021,Saskatchewan,Men,Fair or poor perceived health,10.9,7.5,15.6,percent,percent,
2021-04,2021,Saskatchewan,Men,Good perceived health,31.6,24.9,39.1,percent,percent,
2021-04,2021,Saskatchewan,"Total, all persons",Excellent or very good perceived health,53.2,48.0,58.4,percent,percent,
2021-04,2021,Saskatchewan,"Total, all persons",Fair or poor perceived health,11.0,8.6,14.0,percent,percent,
2021-04,2021,Saskatchewan,"Total, all persons",Good perceived health,35.8,30.9,41.0,percent,percent,
2021-04,2021,Saskatchewan,Women,Excellent or very good perceived health,48.9,41.9,55.9,percent,percent,
2021-04,2021,Saskatchewan,Women,Fair or poor perceived health,11.1,7.8,15.6,percent,percent,
2021-04,2021,Saskatchewan,Women,Good perceived health,40.0,33.3,47.1,percent,percent,
2021-07,2021,Alberta,Men,Excellent or very good perceived health,60.0,54.3,65.4,percent,percent,
2021-07,2021,Alberta,Men,Fair or poor perceived health,13.4,9.7,18.2,percent,percent,
2021-07,2021,Alberta,Men,Good perceived health,26.6,22.0,31.7,percent,percent,
2021-07,2021,Alberta,"Total, all persons",Excellent or very good perceived health,56.8,52.7,60.8,percent,percent,
2021-07,2021,Alberta,"Total, all persons",Fair or poor perceived health,11.4,9.1,14.2,percent,percent,
2021-07,2021,Alberta,"Total, all persons",Good perceived health,31.8,28.0,35.9,percent,percent,
2021-07,2021,Alberta,Women,Excellent or very good perceived health,53.6,47.5,59.5,percent,percent,
2021-07,2021,Alberta,Women,Fair or poor perceived health,9.4,7.0,12.4,percent,percent,
2021-07,2021,Alberta,Women,Good perceived health,37.1,31.2,43.4,percent,percent,
2021-07,2021,Atlantic Region,Men,Excellent or very good perceived health,61.0,57.0,64.8,percent,percent,
2021-07,2021,Atlantic Region,Men,Fair or poor perceived health,12.1,9.7,15.0,percent,percent,
2021-07,2021,Atlantic Region,Men,Good perceived health,26.9,23.4,30.7,percent,percent,
2021-07,2021,Atlantic Region,"Total, all persons",Excellent or very good perceived health,55.2,52.4,58.0,percent,percent,
2021-07,2021,Atlantic Region,"Total, all persons",Fair or poor perceived health,15.9,14.0,18.1,percent,percent,
2021-07,2021,Atlantic Region,"Total, all persons",Good perceived health,28.9,26.5,31.4,percent,percent,
2021-07,2021,Atlantic Region,Women,Excellent or very good perceived health,49.7,45.8,53.7,percent,percent,
2021-07,2021,Atlantic Region,Women,Fair or poor perceived health,19.5,16.6,22.8,percent,percent,
2021-07,2021,Atlantic Region,Women,Good perceived health,30.8,27.3,34.4,percent,percent,
2021-07,2021,British Columbia,Men,Excellent or very good perceived health,55.6,50.6,60.5,percent,percent,
2021-07,2021,British Columbia,Men,Fair or poor perceived health,13.9,10.8,17.6,percent,percent,
2021-07,2021,British Columbia,Men,Good perceived health,30.5,26.1,35.3,percent,percent,
2021-07,2021,British Columbia,"Total, all persons",Excellent or very good perceived health,54.2,50.5,57.8,percent,percent,
2021-07,2021,British Columbia,"Total, all persons",Fair or poor perceived health,13.9,11.5,16.7,percent,percent,
2021-07,2021,British Columbia,"Total, all persons",Good perceived health,31.9,28.6,35.3,percent,percent,
2021-07,2021,British Columbia,Women,Excellent or very good perceived health,52.8,47.8,57.8,percent,percent,
2021-07,2021,British Columbia,Women,Fair or poor perceived health,14.0,10.7,18.1,percent,percent,
2021-07,2021,British Columbia,Women,Good perceived health,33.2,28.7,38.1,percent,percent,
2021-07,2021,Canada (excluding territories),Men,Excellent or very good perceived health,57.6,55.9,59.3,percent,percent,
2021-07,2021,Canada (excluding territories),Men,Fair or poor perceived health,12.7,11.5,14.1,percent,percent,
2021-07,2021,Canada (excluding territories),Men,Good perceived health,29.7,28.1,31.3,percent,percent,
2021-07,2021,Canada (excluding territories),"Total, all persons",Excellent or very good perceived health,55.5,54.2,56.7,percent,percent,
2021-07,2021,Canada (excluding territories),"Total, all persons",Fair or poor perceived health,13.4,12.5,14.3,percent,percent,
2021-07,2021,Canada (excluding territories),"Total, all persons",Good perceived health,31.2,30.0,32.3,percent,percent,
2021-07,2021,Canada (excluding territories),Women,Excellent or very good perceived health,53.4,51.7,55.0,percent,percent,
2021-07,2021,Canada (excluding territories),Women,Fair or poor perceived health,14.0,12.9,15.2,percent,percent,
2021-07,2021,Canada (excluding territories),Women,Good perceived health,32.6,31.0,34.3,percent,percent,
2021-07,2021,Manitoba,Men,Excellent or very good perceived health,62.2,54.7,69.2,percent,percent,
2021-07,2021,Manitoba,Men,Fair or poor perceived health,11.3,7.4,16.9,percent,percent,
2021-07,2021,Manitoba,Men,Good perceived health,26.5,20.5,33.5,percent,percent,
2021-07,2021,Manitoba,"Total, all persons",Excellent or very good perceived health,57.2,52.1,62.2,percent,percent,
2021-07,2021,Manitoba,"Total, all persons",Fair or poor perceived health,12.4,9.5,15.9,percent,percent,
2021-07,2021,Manitoba,"Total, all persons",Good perceived health,30.4,26.1,35.2,percent,percent,
2021-07,2021,Manitoba,Women,Excellent or very good perceived health,52.3,45.2,59.4,percent,percent,
2021-07,2021,Manitoba,Women,Fair or poor perceived health,13.4,9.6,18.4,percent,percent,
2021-07,2021,Manitoba,Women,Good perceived health,34.3,27.9,41.2,percent,percent,
2021-07,2021,New Brunswick,Men,Excellent or very good perceived health,57.0,50.0,63.8,percent,percent,
2021-07,2021,New Brunswick,Men,Fair or poor perceived health,15.0,10.6,20.8,percent,percent,
2021-07,2021,New Brunswick,Men,Good perceived health,28.0,22.0,34.8,percent,percent,
2021-07,2021,New Brunswick,"Total, all persons",Excellent or very good perceived health,51.7,47.1,56.3,percent,percent,
2021-07,2021,New Brunswick,"Total, all persons",Fair or poor perceived health,18.2,14.8,22.3,percent,percent,
2021-07,2021,New Brunswick,"Total, all persons",Good perceived health,30.0,25.7,34.7,percent,percent,
2021-07,2021,New Brunswick,Women,Excellent or very good perceived health,46.6,40.0,53.4,percent,percent,
2021-07,2021,New Brunswick,Women,Fair or poor perceived health,21.4,16.4,27.3,percent,percent,
2021-07,2021,New Brunswick,Women,Good perceived health,32.0,25.9,38.8,percent,percent,
2021-07,2021,Newfoundland and Labrador,Men,Excellent or very good perceived health,66.0,58.0,73.2,percent,percent,
2021-07,2021,Newfoundland and Labrador,Men,Fair or poor perceived health,9.7,5.7,16.0,percent,percent,
2021-07,2021,Newfoundland and Labrador,Men,Good perceived health,24.4,17.9,32.3,percent,percent,
2021-07,2021,Newfoundland and Labrador,"Total, all persons",Excellent or very good perceived health,57.8,52.5,63.0,percent,percent,
2021-07,2021,Newfoundland and Labrador,"Total, all persons",Fair or poor perceived health,15.1,11.5,19.6,percent,percent,
2021-07,2021,Newfoundland and Labrador,"Total, all persons",Good perceived health,27.0,22.7,31.9,percent,percent,
2021-07,2021,Newfoundland and Labrador,Women,Excellent or very good perceived health,50.2,43.1,57.2,percent,percent,
2021-07,2021,Newfoundland and Labrador,Women,Fair or poor perceived health,20.3,14.7,27.3,percent,percent,
2021-07,2021,Newfoundland and Labrador,Women,Good perceived health,29.5,23.8,36.0,percent,percent,
2021-07,2021,Nova Scotia,Men,Excellent or very good perceived health,61.7,54.9,68.1,percent,percent,
2021-07,2021,Nova Scotia,Men,Fair or poor perceived health,11.2,7.4,16.4,percent,percent,
2021-07,2021,Nova Scotia,Men,Good perceived health,27.1,21.3,33.9,percent,percent,
2021-07,2021,Nova Scotia,"Total, all persons",Excellent or very good perceived health,56.2,51.3,60.9,percent,percent,
2021-07,2021,Nova Scotia,"Total, all persons",Fair or poor perceived health,15.0,11.8,18.8,percent,percent,
2021-07,2021,Nova Scotia,"Total, all persons",Good perceived health,28.8,24.6,33.5,percent,percent,
2021-07,2021,Nova Scotia,Women,Excellent or very good perceived health,50.9,44.0,57.8,percent,percent,
2021-07,2021,Nova Scotia,Women,Fair or poor perceived health,18.6,13.8,24.7,percent,percent,
2021-07,2021,Nova Scotia,Women,Good perceived health,30.4,24.4,37.3,percent,percent,
2021-07,2021,Ontario,Men,Excellent or very good perceived health,53.4,50.2,56.5,percent,percent,
2021-07,2021,Ontario,Men,Fair or poor perceived health,14.9,12.6,17.6,percent,percent,
2021-07,2021,Ontario,Men,Good perceived health,31.7,28.8,34.8,percent,percent,
2021-07,2021,Ontario,"Total, all persons",Excellent or very good perceived health,52.3,50.1,54.4,percent,percent,
2021-07,2021,Ontario,"Total, all persons",Fair or poor perceived health,15.6,14.1,17.3,percent,percent,
2021-07,2021,Ontario,"Total, all persons",Good perceived health,32.1,30.1,34.2,percent,percent,
2021-07,2021,Ontario,Women,Excellent or very good perceived health,51.2,48.2,54.1,percent,percent,
2021-07,2021,Ontario,Women,Fair or poor perceived health,16.3,14.4,18.5,percent,percent,
2021-07,2021,Ontario,Women,Good perceived health,32.5,29.7,35.4,percent,percent,
2021-07,2021,Prairies Region,Men,Excellent or very good perceived health,60.0,55.9,63.9,percent,percent,
2021-07,2021,Prairies Region,Men,Fair or poor perceived health,12.4,9.7,15.7,percent,percent,
2021-07,2021,Prairies Region,Men,Good perceived health,27.6,24.1,31.4,percent,percent,
2021-07,2021,Prairies Region,"Total, all persons",Excellent or very good perceived health,56.6,53.6,59.5,percent,percent,
2021-07,2021,Prairies Region,"Total, all persons",Fair or poor perceived health,11.8,10.1,13.8,percent,percent,
2021-07,2021,Prairies Region,"Total, all persons",Good perceived health,31.6,28.8,34.6,percent,percent,
2021-07,2021,Prairies Region,Women,Excellent or very good perceived health,53.2,48.8,57.4,percent,percent,
2021-07,2021,Prairies Region,Women,Fair or poor perceived health,11.2,9.3,13.6,percent,percent,
2021-07,2021,Prairies Region,Women,Good perceived health,35.6,31.4,40.0,percent,percent,
2021-07,2021,Prince Edward Island,Men,Excellent or very good perceived health,59.2,51.3,66.6,percent,percent,
2021-07,2021,Prince Edward Island,Men,Fair or poor perceived health,12.1,8.2,17.5,percent,percent,
2021-07,2021,Prince Edward Island,Men,Good perceived health,28.7,22.1,36.4,percent,percent,
2021-07,2021,Prince Edward Island,"Total, all persons",Excellent or very good perceived health,57.7,52.3,62.9,percent,percent,
2021-07,2021,Prince Edward Island,"Total, all persons",Fair or poor perceived health,12.7,9.8,16.2,percent,percent,
2021-07,2021,Prince Edward Island,"Total, all persons",Good perceived health,29.7,24.9,35.0,percent,percent,
2021-07,2021,Prince Edward Island,Women,Excellent or very good perceived health,56.2,49.1,63.1,percent,percent,
2021-07,2021,Prince Edward Island,Women,Fair or poor perceived health,13.2,9.3,18.3,percent,percent,
2021-07,2021,Prince Edward Island,Women,Good perceived health,30.6,24.4,37.6,percent,percent,
2021-07,2021,Quebec,Men,Excellent or very good perceived health,63.2,59.7,66.6,percent,percent,
2021-07,2021,Quebec,Men,Fair or poor perceived health,8.8,7.1,11.0,percent,percent,
2021-07,2021,Quebec,Men,Good perceived health,27.9,24.7,31.4,percent,percent,
2021-07,2021,Quebec,"Total, all persons",Excellent or very good perceived health,61.0,58.6,63.4,percent,percent,
2021-07,2021,Quebec,"Total, all persons",Fair or poor perceived health,9.6,8.3,11.1,percent,percent,
2021-07,2021,Quebec,"Total, all persons",Good perceived health,29.4,27.1,31.8,percent,percent,
2021-07,2021,Quebec,Women,Excellent or very good perceived health,58.9,55.5,62.2,percent,percent,
2021-07,2021,Quebec,Women,Fair or poor perceived health,10.3,8.4,12.5,percent,percent,
2021-07,2021,Quebec,Women,Good perceived health,30.8,27.6,34.2,percent,percent,
2021-07,2021,Saskatchewan,Men,Excellent or very good perceived health,57.3,49.5,64.8,percent,percent,
2021-07,2021,Saskatchewan,Men,Fair or poor perceived health,9.6,6.1,14.9,percent,percent,
2021-07,2021,Saskatchewan,Men,Good perceived health,33.0,26.1,40.8,percent,percent,
2021-07,2021,Saskatchewan,"Total, all persons",Excellent or very good perceived health,54.9,49.3,60.4,percent,percent,
2021-07,2021,Saskatchewan,"Total, all persons",Fair or poor perceived health,12.9,10.0,16.5,percent,percent,
2021-07,2021,Saskatchewan,"Total, all persons",Good perceived health,32.2,27.2,37.6,percent,percent,
2021-07,2021,Saskatchewan,Women,Excellent or very good perceived health,52.5,44.9,60.0,percent,percent,
2021-07,2021,Saskatchewan,Women,Fair or poor perceived health,16.2,11.9,21.7,percent,percent,
2021-07,2021,Saskatchewan,Women,Good perceived health,31.3,24.4,39.1,percent,percent,
2021-10,2021,Alberta,Men,Excellent or very good perceived health,54.9,49.2,60.5,percent,percent,
2021-10,2021,Alberta,Men,Fair or poor perceived health,12.9,9.8,16.9,percent,percent,
2021-10,2021,Alberta,Men,Good perceived health,32.2,27.0,37.8,percent,percent,
2021-10,2021,Alberta,"Total, all persons",Excellent or very good perceived health,51.8,48.0,55.6,percent,percent,
2021-10,2021,Alberta,"Total, all persons",Fair or poor perceived health,14.3,11.9,17.1,percent,percent,
2021-10,2021,Alberta,"Total, all persons",Good perceived health,33.9,30.2,37.8,percent,percent,
2021-10,2021,Alberta,Women,Excellent or very good perceived health,48.7,43.6,53.9,percent,percent,
2021-10,2021,Alberta,Women,Fair or poor perceived health,15.7,12.3,19.9,percent,percent,
2021-10,2021,Alberta,Women,Good perceived health,35.5,30.6,40.8,percent,percent,
2021-10,2021,Atlantic Region,Men,Excellent or very good perceived health,44.1,40.2,48.0,percent,percent,
2021-10,2021,Atlantic Region,Men,Fair or poor perceived health,19.9,16.9,23.3,percent,percent,
2021-10,2021,Atlantic Region,Men,Good perceived health,36.0,32.1,40.1,percent,percent,
2021-10,2021,Atlantic Region,"Total, all persons",Excellent or very good perceived health,47.5,44.9,50.2,percent,percent,
2021-10,2021,Atlantic Region,"Total, all persons",Fair or poor perceived health,18.2,16.2,20.4,percent,percent,
2021-10,2021,Atlantic Region,"Total, all persons",Good perceived health,34.3,31.7,36.9,percent,percent,
2021-10,2021,Atlantic Region,Women,Excellent or very good perceived health,50.8,47.2,54.5,percent,percent,
2021-10,2021,Atlantic Region,Women,Fair or poor perceived health,16.6,14.0,19.5,percent,percent,
2021-10,2021,Atlantic Region,Women,Good perceived health,32.6,29.2,36.2,percent,percent,
2021-10,2021,British Columbia,Men,Excellent or very good perceived health,50.4,45.2,55.5,percent,percent,
2021-10,2021,British Columbia,Men,Fair or poor perceived health,16.9,13.3,21.1,percent,percent,
2021-10,2021,British Columbia,Men,Good perceived health,32.8,27.9,38.1,percent,percent,
2021-10,2021,British Columbia,"Total, all persons",Excellent or very good perceived health,50.5,46.9,54.0,percent,percent,
2021-10,2021,British Columbia,"Total, all persons",Fair or poor perceived health,17.1,14.6,19.9,percent,percent,
2021-10,2021,British Columbia,"Total, all persons",Good perceived health,32.4,29.1,35.9,percent,percent,
2021-10,2021,British Columbia,Women,Excellent or very good perceived health,50.6,45.7,55.5,percent,percent,
2021-10,2021,British Columbia,Women,Fair or poor perceived health,17.4,14.0,21.4,percent,percent,
2021-10,2021,British Columbia,Women,Good perceived health,32.0,27.6,36.8,percent,percent,
2021-10,2021,Canada (excluding territories),Men,Excellent or very good perceived health,52.7,50.8,54.6,percent,percent,
2021-10,2021,Canada (excluding territories),Men,Fair or poor perceived health,14.6,13.3,16.0,percent,percent,
2021-10,2021,Canada (excluding territories),Men,Good perceived health,32.7,31.0,34.5,percent,percent,
2021-10,2021,Canada (excluding territories),"Total, all persons",Excellent or very good perceived health,52.1,50.8,53.3,percent,percent,
2021-10,2021,Canada (excluding territories),"Total, all persons",Fair or poor perceived health,15.1,14.2,16.0,percent,percent,
2021-10,2021,Canada (excluding territories),"Total, all persons",Good perceived health,32.8,31.7,34.0,percent,percent,
2021-10,2021,Canada (excluding territories),Women,Excellent or very good perceived health,51.4,49.7,53.1,percent,percent,
2021-10,2021,Canada (excluding territories),Women,Fair or poor perceived health,15.6,14.3,16.9,percent,percent,
2021-10,2021,Canada (excluding territories),Women,Good perceived health,33.0,31.4,34.5,percent,percent,
2021-10,2021,Manitoba,Men,Excellent or very good perceived health,50.0,42.1,57.9,percent,percent,
2021-10,2021,Manitoba,Men,Fair or poor perceived health,13.6,9.2,19.7,percent,percent,
2021-10,2021,Manitoba,Men,Good perceived health,36.4,29.2,44.4,percent,percent,
2021-10,2021,Manitoba,"Total, all persons",Excellent or very good perceived health,49.9,44.4,55.3,percent,percent,
2021-10,2021,Manitoba,"Total, all persons",Fair or poor perceived health,12.7,9.8,16.3,percent,percent,
2021-10,2021,Manitoba,"Total, all persons",Good perceived health,37.5,32.3,42.9,percent,percent,
2021-10,2021,Manitoba,Women,Excellent or very good perceived health,49.7,42.4,57.0,percent,percent,
2021-10,2021,Manitoba,Women,Fair or poor perceived health,11.8,8.5,16.1,percent,percent,
2021-10,2021,Manitoba,Women,Good perceived health,38.5,31.6,46.0,percent,percent,
2021-10,2021,New Brunswick,Men,Excellent or very good perceived health,45.4,39.0,52.0,percent,percent,
2021-10,2021,New Brunswick,Men,Fair or poor perceived health,20.0,15.3,25.7,percent,percent,
2021-10,2021,New Brunswick,Men,Good perceived health,34.6,28.4,41.3,percent,percent,
2021-10,2021,New Brunswick,"Total, all persons",Excellent or very good perceived health,47.4,42.9,51.9,percent,percent,
2021-10,2021,New Brunswick,"Total, all persons",Fair or poor perceived health,17.8,14.7,21.4,percent,percent,
2021-10,2021,New Brunswick,"Total, all persons",Good perceived health,34.8,30.5,39.4,percent,percent,
2021-10,2021,New Brunswick,Women,Excellent or very good perceived health,49.2,43.0,55.5,percent,percent,
2021-10,2021,New Brunswick,Women,Fair or poor perceived health,15.7,12.0,20.4,percent,percent,
2021-10,2021,New Brunswick,Women,Good perceived health,35.0,29.1,41.4,percent,percent,
2021-10,2021,Newfoundland and Labrador,Men,Excellent or very good perceived health,50.5,43.0,57.9,percent,percent,
2021-10,2021,Newfoundland and Labrador,Men,Fair or poor perceived health,14.4,10.1,20.1,percent,percent,
2021-10,2021,Newfoundland and Labrador,Men,Good perceived health,35.1,27.8,43.3,percent,percent,
2021-10,2021,Newfoundland and Labrador,"Total, all persons",Excellent or very good perceived health,51.8,46.5,56.9,percent,percent,
2021-10,2021,Newfoundland and Labrador,"Total, all persons",Fair or poor perceived health,16.6,13.1,20.8,percent,percent,
2021-10,2021,Newfoundland and Labrador,"Total, all persons",Good perceived health,31.6,26.9,36.8,percent,percent,
2021-10,2021,Newfoundland and Labrador,Women,Excellent or very good perceived health,53.0,45.9,60.0,percent,percent,
2021-10,2021,Newfoundland and Labrador,Women,Fair or poor perceived health,18.8,13.6,25.3,percent,percent,
2021-10,2021,Newfoundland and Labrador,Women,Good perceived health,28.2,22.4,34.9,percent,percent,
2021-10,2021,Nova Scotia,Men,Excellent or very good perceived health,37.6,30.8,45.0,percent,percent,
2021-10,2021,Nova Scotia,Men,Fair or poor perceived health,23.8,18.0,30.6,percent,percent,
2021-10,2021,Nova Scotia,Men,Good perceived health,38.6,31.7,46.0,percent,percent,
2021-10,2021,Nova Scotia,"Total, all persons",Excellent or very good perceived health,43.9,39.2,48.8,percent,percent,
2021-10,2021,Nova Scotia,"Total, all persons",Fair or poor perceived health,20.3,16.7,24.4,percent,percent,
2021-10,2021,Nova Scotia,"Total, all persons",Good perceived health,35.8,31.4,40.5,percent,percent,
2021-10,2021,Nova Scotia,Women,Excellent or very good perceived health,50.0,43.6,56.4,percent,percent,
2021-10,2021,Nova Scotia,Women,Fair or poor perceived health,16.9,12.5,22.5,percent,percent,
2021-10,2021,Nova Scotia,Women,Good perceived health,33.1,27.2,39.6,percent,percent,
2021-10,2021,Ontario,Men,Excellent or very good perceived health,52.1,48.7,55.5,percent,percent,
2021-10,2021,Ontario,Men,Fair or poor perceived health,16.1,13.8,18.6,percent,percent,
2021-10,2021,Ontario,Men,Good perceived health,31.9,29.0,34.9,percent,percent,
2021-10,2021,Ontario,"Total, all persons",Excellent or very good perceived health,51.1,48.8,53.3,percent,percent,
2021-10,2021,Ontario,"Total, all persons",Fair or poor perceived health,16.4,14.8,18.1,percent,percent,
2021-10,2021,Ontario,"Total, all persons",Good perceived health,32.6,30.5,34.7,percent,percent,
2021-10,2021,Ontario,Women,Excellent or very good perceived health,50.1,47.0,53.1,percent,percent,
2021-10,2021,Ontario,Women,Fair or poor perceived health,16.7,14.5,19.1,percent,percent,
2021-10,2021,Ontario,Women,Good perceived health,33.2,30.4,36.2,percent,percent,
2021-10,2021,Prairies Region,Men,Excellent or very good perceived health,54.5,50.4,58.5,percent,percent,
2021-10,2021,Prairies Region,Men,Fair or poor perceived health,13.0,10.6,15.9,percent,percent,
2021-10,2021,Prairies Region,Men,Good perceived health,32.5,28.8,36.4,percent,percent,
2021-10,2021,Prairies Region,"Total, all persons",Excellent or very good perceived health,52.0,49.3,54.7,percent,percent,
2021-10,2021,Prairies Region,"Total, all persons",Fair or poor perceived health,13.9,12.1,15.9,percent,percent,
2021-10,2021,Prairies Region,"Total, all persons",Good perceived health,34.1,31.4,36.8,percent,percent,
2021-10,2021,Prairies Region,Women,Excellent or very good perceived health,49.6,45.8,53.3,percent,percent,
2021-10,2021,Prairies Region,Women,Fair or poor perceived health,14.8,12.3,17.7,percent,percent,
2021-10,2021,Prairies Region,Women,Good perceived health,35.7,32.1,39.4,percent,percent,
2021-10,2021,Prince Edward Island,Men,Excellent or very good perceived health,56.4,47.9,64.5,percent,percent,
2021-10,2021,Prince Edward Island,Men,Fair or poor perceived health,13.8,8.8,21.1,percent,percent,
2021-10,2021,Prince Edward Island,Men,Good perceived health,29.8,22.7,38.1,percent,percent,
2021-10,2021,Prince Edward Island,"Total, all persons",Excellent or very good perceived health,56.4,50.9,61.7,percent,percent,
2021-10,2021,Prince Edward Island,"Total, all persons",Fair or poor perceived health,12.6,9.4,16.6,percent,percent,
2021-10,2021,Prince Edward Island,"Total, all persons",Good perceived health,31.1,26.1,36.5,percent,percent,
2021-10,2021,Prince Edward Island,Women,Excellent or very good perceived health,56.3,49.5,62.9,percent,percent,
2021-10,2021,Prince Edward Island,Women,Fair or poor perceived health,11.4,8.2,15.7,percent,percent,
2021-10,2021,Prince Edward Island,Women,Good perceived health,32.3,25.8,39.5,percent,percent,
2021-10,2021,Quebec,Men,Excellent or very good perceived health,56.3,52.4,60.1,percent,percent,
2021-10,2021,Quebec,Men,Fair or poor perceived health,10.3,8.0,13.3,percent,percent,
2021-10,2021,Quebec,Men,Good perceived health,33.4,29.7,37.2,percent,percent,
2021-10,2021,Quebec,"Total, all persons",Excellent or very good perceived health,56.2,53.6,58.6,percent,percent,
2021-10,2021,Quebec,"Total, all persons",Fair or poor perceived health,11.6,9.9,13.5,percent,percent,
2021-10,2021,Quebec,"Total, all persons",Good perceived health,32.3,29.9,34.7,percent,percent,
2021-10,2021,Quebec,Women,Excellent or very good perceived health,56.0,52.6,59.3,percent,percent,
2021-10,2021,Quebec,Women,Fair or poor perceived health,12.8,10.6,15.4,percent,percent,
2021-10,2021,Quebec,Women,Good perceived health,31.2,28.3,34.3,percent,percent,
2021-10,2021,Saskatchewan,Men,Excellent or very good perceived health,58.2,51.3,64.8,percent,percent,
2021-10,2021,Saskatchewan,Men,Fair or poor perceived health,12.8,9.0,18.1,percent,percent,
2021-10,2021,Saskatchewan,Men,Good perceived health,29.0,23.2,35.6,percent,percent,
2021-10,2021,Saskatchewan,"Total, all persons",Excellent or very good perceived health,55.4,50.6,60.1,percent,percent,
2021-10,2021,Saskatchewan,"Total, all persons",Fair or poor perceived health,13.6,10.7,17.3,percent,percent,
2021-10,2021,Saskatchewan,"Total, all persons",Good perceived health,31.0,26.8,35.4,percent,percent,
2021-10,2021,Saskatchewan,Women,Excellent or very good perceived health,52.6,45.9,59.3,percent,percent,
2021-10,2021,Saskatchewan,Women,Fair or poor perceived health,14.4,10.2,20.0,percent,percent,
2021-10,2021,Saskatchewan,Women,Good perceived health,32.9,27.3,39.2,percent,percent,
2022-01,2022,Alberta,Men,Excellent or very good perceived health,53.7,48.1,59.1,percent,percent,
2022-01,2022,Alberta,Men,Fair or poor perceived health,13.9,10.4,18.2,percent,percent,
2022-01,2022,Alberta,Men,Good perceived health,32.5,27.4,38.0,percent,percent,
2022-01,2022,Alberta,"Total, all persons",Excellent or very good perceived health,51.5,47.8,55.3,percent,percent,
2022-01,2022,Alberta,"Total, all persons",Fair or poor perceived health,14.9,12.3,17.9,percent,percent,
2022-01,2022,Alberta,"Total, all persons",Good perceived health,33.6,30.0,37.3,percent,percent,
2022-01,2022,Alberta,Women,Excellent or very good perceived health,49.4,44.1,54.8,percent,percent,
2022-01,2022,Alberta,Women,Fair or poor perceived health,15.9,12.2,20.5,percent,percent,
2022-01,2022,Alberta,Women,Good perceived health,34.7,29.7,40.0,percent,percent,
2022-01,2022,Atlantic Region,Men,Excellent or very good perceived health,53.1,48.2,58.0,percent,percent,
2022-01,2022,Atlantic Region,Men,Fair or poor perceived health,15.4,12.0,19.6,percent,percent,
2022-01,2022,Atlantic Region,Men,Good perceived health,31.5,27.6,35.7,percent,percent,
2022-01,2022,Atlantic Region,"Total, all persons",Excellent or very good perceived health,51.9,48.8,55.0,percent,percent,
2022-01,2022,Atlantic Region,"Total, all persons",Fair or poor perceived health,16.5,14.2,19.1,percent,percent,
2022-01,2022,Atlantic Region,"Total, all persons",Good perceived health,31.6,29.0,34.3,percent,percent,
2022-01,2022,Atlantic Region,Women,Excellent or very good perceived health,50.7,46.9,54.5,percent,percent,
2022-01,2022,Atlantic Region,Women,Fair or poor perceived health,17.6,14.8,20.8,percent,percent,
2022-01,2022,Atlantic Region,Women,Good perceived health,31.7,28.2,35.4,percent,percent,
2022-01,2022,British Columbia,Men,Excellent or very good perceived health,53.9,48.2,59.4,percent,percent,
2022-01,2022,British Columbia,Men,Fair or poor perceived health,14.9,11.7,18.8,percent,percent,
2022-01,2022,British Columbia,Men,Good perceived health,31.3,26.2,36.9,percent,percent,
2022-01,2022,British Columbia,"Total, all persons",Excellent or very good perceived health,49.5,46.1,53.0,percent,percent,
2022-01,2022,British Columbia,"Total, all persons",Fair or poor perceived health,15.2,13.1,17.7,percent,percent,
2022-01,2022,British Columbia,"Total, all persons",Good perceived health,35.2,32.0,38.6,percent,percent,
2022-01,2022,British Columbia,Women,Excellent or very good perceived health,45.4,41.3,49.6,percent,percent,
2022-01,2022,British Columbia,Women,Fair or poor perceived health,15.6,12.7,18.9,percent,percent,
2022-01,2022,British Columbia,Women,Good perceived health,39.0,35.1,43.1,percent,percent,
2022-01,2022,Canada (excluding territories),Men,Excellent or very good perceived health,55.8,53.9,57.8,percent,percent,
2022-01,2022,Canada (excluding territories),Men,Fair or poor perceived health,12.6,11.4,13.8,percent,percent,
2022-01,2022,Canada (excluding territories),Men,Good perceived health,31.6,29.8,33.4,percent,percent,
2022-01,2022,Canada (excluding territories),"Total, all persons",Excellent or very good perceived health,53.6,52.3,54.9,percent,percent,
2022-01,2022,Canada (excluding territories),"Total, all persons",Fair or poor perceived health,13.5,12.7,14.4,percent,percent,
2022-01,2022,Canada (excluding territories),"Total, all persons",Good perceived health,32.9,31.7,34.1,percent,percent,
2022-01,2022,Canada (excluding territories),Women,Excellent or very good perceived health,51.5,49.7,53.3,percent,percent,
2022-01,2022,Canada (excluding territories),Women,Fair or poor perceived health,14.4,13.2,15.7,percent,percent,
2022-01,2022,Canada (excluding territories),Women,Good perceived health,34.1,32.4,35.9,percent,percent,
2022-01,2022,Manitoba,Men,Excellent or very good perceived health,53.5,45.5,61.3,percent,percent,
2022-01,2022,Manitoba,Men,Fair or poor perceived health,12.1,8.3,17.3,percent,percent,
2022-01,2022,Manitoba,Men,Good perceived health,34.4,26.9,42.8,percent,percent,
2022-01,2022,Manitoba,"Total, all persons",Excellent or very good perceived health,54.0,49.2,58.8,percent,percent,
2022-01,2022,Manitoba,"Total, all persons",Fair or poor perceived health,13.2,10.4,16.5,percent,percent,
2022-01,2022,Manitoba,"Total, all persons",Good perceived health,32.8,28.2,37.8,percent,percent,
2022-01,2022,Manitoba,Women,Excellent or very good perceived health,54.6,48.4,60.6,percent,percent,
2022-01,2022,Manitoba,Women,Fair or poor perceived health,14.2,10.6,18.9,percent,percent,
2022-01,2022,Manitoba,Women,Good perceived health,31.2,25.8,37.2,percent,percent,
2022-01,2022,New Brunswick,Men,Excellent or very good perceived health,51.8,44.2,59.3,percent,percent,
2022-01,2022,New Brunswick,Men,Fair or poor perceived health,11.2,7.4,16.7,percent,percent,
2022-01,2022,New Brunswick,Men,Good perceived health,37.0,29.7,44.9,percent,percent,
2022-01,2022,New Brunswick,"Total, all persons",Excellent or very good perceived health,52.4,47.5,57.3,percent,percent,
2022-01,2022,New Brunswick,"Total, all persons",Fair or poor perceived health,15.4,12.4,18.9,percent,percent,
2022-01,2022,New Brunswick,"Total, all persons",Good perceived health,32.2,27.7,37.0,percent,percent,
2022-01,2022,New Brunswick,Women,Excellent or very good perceived health,53.0,46.8,59.2,percent,percent,
2022-01,2022,New Brunswick,Women,Fair or poor perceived health,19.5,15.2,24.5,percent,percent,
2022-01,2022,New Brunswick,Women,Good perceived health,27.5,22.2,33.5,percent,percent,
2022-01,2022,Newfoundland and Labrador,Men,Excellent or very good perceived health,56.9,48.4,65.1,percent,percent,
2022-01,2022,Newfoundland and Labrador,Men,Fair or poor perceived health,15.5,10.9,21.8,percent,percent,
2022-01,2022,Newfoundland and Labrador,Men,Good perceived health,27.5,20.4,36.0,percent,percent,
2022-01,2022,Newfoundland and Labrador,"Total, all persons",Excellent or very good perceived health,55.1,49.5,60.5,percent,percent,
2022-01,2022,Newfoundland and Labrador,"Total, all persons",Fair or poor perceived health,16.8,13.1,21.3,percent,percent,
2022-01,2022,Newfoundland and Labrador,"Total, all persons",Good perceived health,28.1,23.3,33.5,percent,percent,
2022-01,2022,Newfoundland and Labrador,Women,Excellent or very good perceived health,53.3,45.9,60.6,percent,percent,
2022-01,2022,Newfoundland and Labrador,Women,Fair or poor perceived health,18.0,12.6,24.9,percent,percent,
2022-01,2022,Newfoundland and Labrador,Women,Good perceived health,28.7,22.7,35.5,percent,percent,
2022-01,2022,Nova Scotia,Men,Excellent or very good perceived health,53.0,43.7,62.1,percent,percent,
2022-01,2022,Nova Scotia,Men,Fair or poor perceived health,18.9,12.0,28.5,percent,percent,
2022-01,2022,Nova Scotia,Men,Good perceived health,28.1,22.3,34.8,percent,percent,
2022-01,2022,Nova Scotia,"Total, all persons",Excellent or very good perceived health,49.4,43.6,55.3,percent,percent,
2022-01,2022,Nova Scotia,"Total, all persons",Fair or poor perceived health,17.9,13.6,23.3,percent,percent,
2022-01,2022,Nova Scotia,"Total, all persons",Good perceived health,32.7,28.1,37.5,percent,percent,
2022-01,2022,Nova Scotia,Women,Excellent or very good perceived health,46.1,39.4,53.0,percent,percent,
2022-01,2022,Nova Scotia,Women,Fair or poor perceived health,17.0,12.1,23.4,percent,percent,
2022-01,2022,Nova Scotia,Women,Good perceived health,36.9,30.1,44.2,percent,percent,
2022-01,2022,Ontario,Men,Excellent or very good perceived health,55.6,52.1,59.0,percent,percent,
2022-01,2022,Ontario,Men,Fair or poor perceived health,12.8,10.7,15.1,percent,percent,
2022-01,2022,Ontario,Men,Good perceived health,31.6,28.5,34.9,percent,percent,
2022-01,2022,Ontario,"Total, all persons",Excellent or very good perceived health,53.2,50.8,55.5,percent,percent,
2022-01,2022,Ontario,"Total, all persons",Fair or poor perceived health,14.1,12.6,15.7,percent,percent,
2022-01,2022,Ontario,"Total, all persons",Good perceived health,32.7,30.6,34.9,percent,percent,
2022-01,2022,Ontario,Women,Excellent or very good perceived health,50.8,47.6,54.0,percent,percent,
2022-01,2022,Ontario,Women,Fair or poor perceived health,15.3,13.1,17.9,percent,percent,
2022-01,2022,Ontario,Women,Good perceived health,33.9,30.9,36.9,percent,percent,
2022-01,2022,Prairies Region,Men,Excellent or very good perceived health,54.4,50.3,58.4,percent,percent,
2022-01,2022,Prairies Region,Men,Fair or poor perceived health,13.1,10.7,16.1,percent,percent,
2022-01,2022,Prairies Region,Men,Good perceived health,32.4,28.6,36.5,percent,percent,
2022-01,2022,Prairies Region,"Total, all persons",Excellent or very good perceived health,52.0,49.3,54.7,percent,percent,
2022-01,2022,Prairies Region,"Total, all persons",Fair or poor perceived health,14.8,12.9,16.8,percent,percent,
2022-01,2022,Prairies Region,"Total, all persons",Good perceived health,33.3,30.7,35.9,percent,percent,
2022-01,2022,Prairies Region,Women,Excellent or very good perceived health,49.6,45.8,53.4,percent,percent,
2022-01,2022,Prairies Region,Women,Fair or poor perceived health,16.3,13.6,19.5,percent,percent,
2022-01,2022,Prairies Region,Women,Good perceived health,34.1,30.5,37.8,percent,percent,
2022-01,2022,Prince Edward Island,Men,Excellent or very good perceived health,48.0,39.9,56.3,percent,percent,
2022-01,2022,Prince Edward Island,Men,Fair or poor perceived health,14.2,10.0,19.8,percent,percent,
2022-01,2022,Prince Edward Island,Men,Good perceived health,37.8,30.0,46.1,percent,percent,
2022-01,2022,Prince Edward Island,"Total, all persons",Excellent or very good perceived health,53.8,48.7,58.9,percent,percent,
2022-01,2022,Prince Edward Island,"Total, all persons",Fair or poor perceived health,12.7,9.9,16.1,percent,percent,
2022-01,2022,Prince Edward Island,"Total, all persons",Good perceived health,33.5,28.9,38.4,percent,percent,
2022-01,2022,Prince Edward Island,Women,Excellent or very good perceived health,59.4,52.9,65.6,percent,percent,
2022-01,2022,Prince Edward Island,Women,Fair or poor perceived health,11.2,7.8,15.8,percent,percent,
2022-01,2022,Prince Edward Island,Women,Good perceived health,29.4,23.9,35.6,percent,percent,
2022-01,2022,Quebec,Men,Excellent or very good perceived health,59.3,55.4,63.1,percent,percent,
2022-01,2022,Quebec,Men,Fair or poor perceived health,9.6,7.7,12.0,percent,percent,
2022-01,2022,Quebec,Men,Good perceived health,31.1,27.5,34.8,percent,percent,
2022-01,2022,Quebec,"Total, all persons",Excellent or very good perceived health,58.7,56.2,61.2,percent,percent,
2022-01,2022,Quebec,"Total, all persons",Fair or poor perceived health,9.6,8.2,11.0,percent,percent,
2022-01,2022,Quebec,"Total, all persons",Good perceived health,31.7,29.3,34.2,percent,percent,
2022-01,2022,Quebec,Women,Excellent or very good perceived health,58.1,54.7,61.5,percent,percent,
2022-01,2022,Quebec,Women,Fair or poor perceived health,9.5,7.8,11.5,percent,percent,
2022-01,2022,Quebec,Women,Good perceived health,32.4,29.1,35.8,percent,percent,
2022-01,2022,Saskatchewan,Men,Excellent or very good perceived health,58.6,51.3,65.5,percent,percent,
2022-01,2022,Saskatchewan,Men,Fair or poor perceived health,11.5,8.0,16.2,percent,percent,
2022-01,2022,Saskatchewan,Men,Good perceived health,30.0,23.4,37.4,percent,percent,
2022-01,2022,Saskatchewan,"Total, all persons",Excellent or very good perceived health,51.4,46.2,56.6,percent,percent,
2022-01,2022,Saskatchewan,"Total, all persons",Fair or poor perceived health,16.1,12.8,20.0,percent,percent,
2022-01,2022,Saskatchewan,"Total, all persons",Good perceived health,32.5,27.8,37.7,percent,percent,
2022-01,2022,Saskatchewan,Women,Excellent or very good perceived health,44.5,37.7,51.6,percent,percent,
2022-01,2022,Saskatchewan,Women,Fair or poor perceived health,20.5,15.2,27.0,percent,percent,
2022-01,2022,Saskatchewan,Women,Good perceived health,35.0,28.6,42.0,percent,percent,
2022-04,2022,Alberta,Men,Excellent or very good perceived health,46.2,40.2,52.3,percent,percent,
2022-04,2022,Alberta,Men,Fair or poor perceived health,11.2,8.2,15.1,percent,percent,
2022-04,2022,Alberta,Men,Good perceived health,42.6,36.6,48.9,percent,percent,
2022-04,2022,Alberta,"Total, all persons",Excellent or very good perceived health,49.7,45.6,53.9,percent,percent,
2022-04,2022,Alberta,"Total, all persons",Fair or poor perceived health,13.6,11.3,16.3,percent,percent,
2022-04,2022,Alberta,"Total, all persons",Good perceived health,36.7,32.7,40.8,percent,percent,
2022-04,2022,Alberta,Women,Excellent or very good perceived health,53.3,48.1,58.5,percent,percent,
2022-04,2022,Alberta,Women,Fair or poor perceived health,16.0,12.7,20.0,percent,percent,
2022-04,2022,Alberta,Women,Good perceived health,30.6,26.0,35.7,percent,percent,
2022-04,2022,Atlantic Region,Men,Excellent or very good perceived health,49.5,45.1,53.9,percent,percent,
2022-04,2022,Atlantic Region,Men,Fair or poor perceived health,16.3,13.4,19.5,percent,percent,
2022-04,2022,Atlantic Region,Men,Good perceived health,34.2,30.1,38.6,percent,percent,
2022-04,2022,Atlantic Region,"Total, all persons",Excellent or very good perceived health,49.4,46.4,52.5,percent,percent,
2022-04,2022,Atlantic Region,"Total, all persons",Fair or poor perceived health,16.0,14.1,18.2,percent,percent,
2022-04,2022,Atlantic Region,"Total, all persons",Good perceived health,34.5,31.7,37.4,percent,percent,
2022-04,2022,Atlantic Region,Women,Excellent or very good perceived health,49.4,45.2,53.6,percent,percent,
2022-04,2022,Atlantic Region,Women,Fair or poor perceived health,15.8,13.5,18.5,percent,percent,
2022-04,2022,Atlantic Region,Women,Good perceived health,34.8,30.9,38.8,percent,percent,
2022-04,2022,British Columbia,Men,Excellent or very good perceived health,48.3,43.1,53.6,percent,percent,
2022-04,2022,British Columbia,Men,Fair or poor perceived health,18.0,14.3,22.4,percent,percent,
2022-04,2022,British Columbia,Men,Good perceived health,33.7,28.8,38.9,percent,percent,
2022-04,2022,British Columbia,"Total, all persons",Excellent or very good perceived health,47.0,43.6,50.4,percent,percent,
2022-04,2022,British Columbia,"Total, all persons",Fair or poor perceived health,17.7,15.2,20.5,percent,percent,
2022-04,2022,British Columbia,"Total, all persons",Good perceived health,35.3,32.0,38.6,percent,percent,
2022-04,2022,British Columbia,Women,Excellent or very good perceived health,45.8,41.2,50.4,percent,percent,
2022-04,2022,British Columbia,Women,Fair or poor perceived health,17.5,14.3,21.1,percent,percent,
2022-04,2022,British Columbia,Women,Good perceived health,36.7,32.5,41.2,percent,percent,
2022-04,2022,Canada (excluding territories),Men,Excellent or very good perceived health,51.1,49.2,52.9,percent,percent,
2022-04,2022,Canada (excluding territories),Men,Fair or poor perceived health,13.3,12.1,14.6,percent,percent,
2022-04,2022,Canada (excluding territories),Men,Good perceived health,35.7,33.8,37.6,percent,percent,
2022-04,2022,Canada (excluding territories),"Total, all persons",Excellent or very good perceived health,50.5,49.2,51.9,percent,percent,
2022-04,2022,Canada (excluding territories),"Total, all persons",Fair or poor perceived health,14.5,13.7,15.4,percent,percent,
2022-04,2022,Canada (excluding territories),"Total, all persons",Good perceived health,34.9,33.6,36.2,percent,percent,
2022-04,2022,Canada (excluding territories),Women,Excellent or very good perceived health,50.1,48.3,51.9,percent,percent,
2022-04,2022,Canada (excluding territories),Women,Fair or poor perceived health,15.8,14.6,17.1,percent,percent,
2022-04,2022,Canada (excluding territories),Women,Good perceived health,34.2,32.5,35.9,percent,percent,
2022-04,2022,Manitoba,Men,Excellent or very good perceived health,53.5,45.1,61.6,percent,percent,
2022-04,2022,Manitoba,Men,Fair or poor perceived health,12.9,8.8,18.6,percent,percent,
2022-04,2022,Manitoba,Men,Good perceived health,33.6,26.2,41.8,percent,percent,
2022-04,2022,Manitoba,"Total, all persons",Excellent or very good perceived health,51.7,46.2,57.2,percent,percent,
2022-04,2022,Manitoba,"Total, all persons",Fair or poor perceived health,12.7,9.9,16.2,percent,percent,
2022-04,2022,Manitoba,"Total, all persons",Good perceived health,35.5,30.5,40.9,percent,percent,
2022-04,2022,Manitoba,Women,Excellent or very good perceived health,50.0,42.8,57.2,percent,percent,
2022-04,2022,Manitoba,Women,Fair or poor perceived health,12.5,9.1,17.1,percent,percent,
2022-04,2022,Manitoba,Women,Good perceived health,37.5,30.8,44.6,percent,percent,
2022-04,2022,New Brunswick,Men,Excellent or very good perceived health,40.6,32.3,49.4,percent,percent,
2022-04,2022,New Brunswick,Men,Fair or poor perceived health,20.4,14.2,28.3,percent,percent,
2022-04,2022,New Brunswick,Men,Good perceived health,39.1,30.9,48.0,percent,percent,
2022-04,2022,New Brunswick,"Total, all persons",Excellent or very good perceived health,44.9,39.5,50.3,percent,percent,
2022-04,2022,New Brunswick,"Total, all persons",Fair or poor perceived health,17.4,13.6,22.0,percent,percent,
2022-04,2022,New Brunswick,"Total, all persons",Good perceived health,37.7,32.7,43.1,percent,percent,
2022-04,2022,New Brunswick,Women,Excellent or very good perceived health,49.1,42.6,55.7,percent,percent,
2022-04,2022,New Brunswick,Women,Fair or poor perceived health,14.5,10.6,19.5,percent,percent,
2022-04,2022,New Brunswick,Women,Good perceived health,36.4,30.5,42.6,percent,percent,
2022-04,2022,Newfoundland and Labrador,Men,Excellent or very good perceived health,56.0,47.3,64.3,percent,percent,
2022-04,2022,Newfoundland and Labrador,Men,Fair or poor perceived health,14.2,10.1,19.5,percent,percent,
2022-04,2022,Newfoundland and Labrador,Men,Good perceived health,29.8,22.6,38.3,percent,percent,
2022-04,2022,Newfoundland and Labrador,"Total, all persons",Excellent or very good perceived health,54.0,48.2,59.7,percent,percent,
2022-04,2022,Newfoundland and Labrador,"Total, all persons",Fair or poor perceived health,14.9,11.9,18.6,percent,percent,
2022-04,2022,Newfoundland and Labrador,"Total, all persons",Good perceived health,31.1,26.1,36.4,percent,percent,
2022-04,2022,Newfoundland and Labrador,Women,Excellent or very good perceived health,52.1,44.7,59.4,percent,percent,
2022-04,2022,Newfoundland and Labrador,Women,Fair or poor perceived health,15.7,11.7,20.7,percent,percent,
2022-04,2022,Newfoundland and Labrador,Women,Good perceived health,32.2,25.8,39.4,percent,percent,
2022-04,2022,Nova Scotia,Men,Excellent or very good perceived health,52.2,45.2,59.1,percent,percent,
2022-04,2022,Nova Scotia,Men,Fair or poor perceived health,14.1,10.0,19.6,percent,percent,
2022-04,2022,Nova Scotia,Men,Good perceived health,33.7,27.2,40.9,percent,percent,
2022-04,2022,Nova Scotia,"Total, all persons",Excellent or very good perceived health,49.6,44.3,54.9,percent,percent,
2022-04,2022,Nova Scotia,"Total, all persons",Fair or poor perceived health,15.9,12.9,19.5,percent,percent,
2022-04,2022,Nova Scotia,"Total, all persons",Good perceived health,34.5,29.6,39.8,percent,percent,
2022-04,2022,Nova Scotia,Women,Excellent or very good perceived health,47.1,39.2,55.1,percent,percent,
2022-04,2022,Nova Scotia,Women,Fair or poor perceived health,17.6,13.6,22.5,percent,percent,
2022-04,2022,Nova Scotia,Women,Good perceived health,35.3,28.1,43.4,percent,percent,
2022-04,2022,Ontario,Men,Excellent or very good perceived health,49.2,45.9,52.5,percent,percent,
2022-04,2022,Ontario,Men,Fair or poor perceived health,13.3,11.3,15.6,percent,percent,
2022-04,2022,Ontario,Men,Good perceived health,37.5,34.3,40.9,percent,percent,
2022-04,2022,Ontario,"Total, all persons",Excellent or very good perceived health,48.0,45.8,50.3,percent,percent,
2022-04,2022,Ontario,"Total, all persons",Fair or poor perceived health,15.9,14.3,17.6,percent,percent,
2022-04,2022,Ontario,"Total, all persons",Good perceived health,36.1,33.9,38.3,percent,percent,
2022-04,2022,Ontario,Women,Excellent or very good perceived health,47.0,43.8,50.1,percent,percent,
2022-04,2022,Ontario,Women,Fair or poor perceived health,18.4,16.1,21.0,percent,percent,
2022-04,2022,Ontario,Women,Good perceived health,34.6,31.8,37.6,percent,percent,
2022-04,2022,Prairies Region,Men,Excellent or very good perceived health,49.0,44.6,53.5,percent,percent,
2022-04,2022,Prairies Region,Men,Fair or poor perceived health,11.4,9.2,14.1,percent,percent,
2022-04,2022,Prairies Region,Men,Good perceived health,39.5,35.2,44.0,percent,percent,
2022-04,2022,Prairies Region,"Total, all persons",Excellent or very good perceived health,50.2,47.3,53.2,percent,percent,
2022-04,2022,Prairies Region,"Total, all persons",Fair or poor perceived health,13.5,11.8,15.4,percent,percent,
2022-04,2022,Prairies Region,"Total, all persons",Good perceived health,36.3,33.4,39.2,percent,percent,
2022-04,2022,Prairies Region,Women,Excellent or very good perceived health,51.4,47.7,55.2,percent,percent,
2022-04,2022,Prairies Region,Women,Fair or poor perceived health,15.6,13.2,18.4,percent,percent,
2022-04,2022,Prairies Region,Women,Good perceived health,32.9,29.4,36.7,percent,percent,
2022-04,2022,Prince Edward Island,Men,Excellent or very good perceived health,56.2,48.8,63.3,percent,percent,
2022-04,2022,Prince Edward Island,Men,Fair or poor perceived health,16.1,11.3,22.3,percent,percent,
2022-04,2022,Prince Edward Island,Men,Good perceived health,27.7,21.7,34.7,percent,percent,
2022-04,2022,Prince Edward Island,"Total, all persons",Excellent or very good perceived health,56.1,51.1,61.0,percent,percent,
2022-04,2022,Prince Edward Island,"Total, all persons",Fair or poor perceived health,14.0,11.0,17.6,percent,percent,
2022-04,2022,Prince Edward Island,"Total, all persons",Good perceived health,30.0,25.7,34.6,percent,percent,
2022-04,2022,Prince Edward Island,Women,Excellent or very good perceived health,56.0,49.2,62.5,percent,percent,
2022-04,2022,Prince Edward Island,Women,Fair or poor perceived health,11.9,8.5,16.6,percent,percent,
2022-04,2022,Prince Edward Island,Women,Good perceived health,32.1,26.3,38.5,percent,percent,
2022-04,2022,Quebec,Men,Excellent or very good perceived health,58.0,54.3,61.5,percent,percent,
2022-04,2022,Quebec,Men,Fair or poor perceived health,10.9,8.7,13.6,percent,percent,
2022-04,2022,Quebec,Men,Good perceived health,31.1,27.9,34.5,percent,percent,
2022-04,2022,Quebec,"Total, all persons",Excellent or very good perceived health,57.7,55.1,60.2,percent,percent,
2022-04,2022,Quebec,"Total, all persons",Fair or poor perceived health,10.5,9.1,12.2,percent,percent,
2022-04,2022,Quebec,"Total, all persons",Good perceived health,31.8,29.5,34.2,percent,percent,
2022-04,2022,Quebec,Women,Excellent or very good perceived health,57.4,53.8,60.9,percent,percent,
2022-04,2022,Quebec,Women,Fair or poor perceived health,10.2,8.4,12.3,percent,percent,
2022-04,2022,Quebec,Women,Good perceived health,32.5,29.2,35.9,percent,percent,
2022-04,2022,Saskatchewan,Men,Excellent or very good perceived health,55.1,48.1,61.9,percent,percent,
2022-04,2022,Saskatchewan,Men,Fair or poor perceived health,10.7,7.6,15.0,percent,percent,
2022-04,2022,Saskatchewan,Men,Good perceived health,34.2,27.7,41.3,percent,percent,
2022-04,2022,Saskatchewan,"Total, all persons",Excellent or very good perceived health,50.5,45.7,55.2,percent,percent,
2022-04,2022,Saskatchewan,"Total, all persons",Fair or poor perceived health,14.1,11.1,17.7,percent,percent,
2022-04,2022,Saskatchewan,"Total, all persons",Good perceived health,35.4,30.8,40.3,percent,percent,
2022-04,2022,Saskatchewan,Women,Excellent or very good perceived health,45.7,39.0,52.5,percent,percent,
2022-04,2022,Saskatchewan,Women,Fair or poor perceived health,17.6,12.4,24.2,percent,percent,
2022-04,2022,Saskatchewan,Women,Good perceived health,36.8,30.5,43.5,percent,percent,
2022-07,2022,Alberta,Men,Excellent or very good perceived health,58.7,52.9,64.3,percent,percent,
2022-07,2022,Alberta,Men,Fair or poor perceived health,10.9,7.8,15.1,percent,percent,
2022-07,2022,Alberta,Men,Good perceived health,30.4,25.5,35.7,percent,percent,
2022-07,2022,Alberta,"Total, all persons",Excellent or very good perceived health,56.6,52.7,60.4,percent,percent,
2022-07,2022,Alberta,"Total, all persons",Fair or poor perceived health,12.8,10.4,15.7,percent,percent,
2022-07,2022,Alberta,"Total, all persons",Good perceived health,30.6,27.2,34.2,percent,percent,
2022-07,2022,Alberta,Women,Excellent or very good perceived health,54.4,49.2,59.5,percent,percent,
2022-07,2022,Alberta,Women,Fair or poor perceived health,14.7,11.2,19.0,percent,percent,
2022-07,2022,Alberta,Women,Good perceived health,30.9,26.2,36.0,percent,percent,
2022-07,2022,Atlantic Region,Men,Excellent or very good perceived health,52.4,48.0,56.8,percent,percent,
2022-07,2022,Atlantic Region,Men,Fair or poor perceived health,15.1,11.9,18.9,percent,percent,
2022-07,2022,Atlantic Region,Men,Good perceived health,32.5,28.5,36.8,percent,percent,
2022-07,2022,Atlantic Region,"Total, all persons",Excellent or very good perceived health,53.0,50.1,55.9,percent,percent,
2022-07,2022,Atlantic Region,"Total, all persons",Fair or poor perceived health,14.8,12.7,17.1,percent,percent,
2022-07,2022,Atlantic Region,"Total, all persons",Good perceived health,32.2,29.6,35.0,percent,percent,
2022-07,2022,Atlantic Region,Women,Excellent or very good perceived health,53.6,49.5,57.6,percent,percent,
2022-07,2022,Atlantic Region,Women,Fair or poor perceived health,14.4,12.0,17.3,percent,percent,
2022-07,2022,Atlantic Region,Women,Good perceived health,32.0,28.5,35.7,percent,percent,
2022-07,2022,British Columbia,Men,Excellent or very good perceived health,56.2,50.8,61.5,percent,percent,
2022-07,2022,British Columbia,Men,Fair or poor perceived health,10.8,8.0,14.4,percent,percent,
2022-07,2022,British Columbia,Men,Good perceived health,33.0,27.9,38.6,percent,percent,
2022-07,2022,British Columbia,"Total, all persons",Excellent or very good perceived health,55.4,51.7,59.2,percent,percent,
2022-07,2022,British Columbia,"Total, all persons",Fair or poor perceived health,11.8,9.7,14.3,percent,percent,
2022-07,2022,British Columbia,"Total, all persons",Good perceived health,32.8,29.3,36.4,percent,percent,
2022-07,2022,British Columbia,Women,Excellent or very good perceived health,54.7,49.6,59.7,percent,percent,
2022-07,2022,British Columbia,Women,Fair or poor perceived health,12.8,10.0,16.3,percent,percent,
2022-07,2022,British Columbia,Women,Good perceived health,32.5,27.9,37.5,percent,percent,
2022-07,2022,Canada (excluding territories),Men,Excellent or very good perceived health,59.5,57.6,61.3,percent,percent,
2022-07,2022,Canada (excluding territories),Men,Fair or poor perceived health,11.0,9.9,12.2,percent,percent,
2022-07,2022,Canada (excluding territories),Men,Good perceived health,29.5,27.7,31.3,percent,percent,
2022-07,2022,Canada (excluding territories),"Total, all persons",Excellent or very good perceived health,57.9,56.6,59.2,percent,percent,
2022-07,2022,Canada (excluding territories),"Total, all persons",Fair or poor perceived health,11.9,11.1,12.7,percent,percent,
2022-07,2022,Canada (excluding territories),"Total, all persons",Good perceived health,30.2,29.0,31.4,percent,percent,
2022-07,2022,Canada (excluding territories),Women,Excellent or very good perceived health,56.4,54.5,58.1,percent,percent,
2022-07,2022,Canada (excluding territories),Women,Fair or poor perceived health,12.8,11.6,14.0,percent,percent,
2022-07,2022,Canada (excluding territories),Women,Good perceived health,30.9,29.2,32.6,percent,percent,
2022-07,2022,Manitoba,Men,Excellent or very good perceived health,63.4,56.1,70.2,percent,percent,
2022-07,2022,Manitoba,Men,Fair or poor perceived health,8.8,5.3,14.3,percent,percent,
2022-07,2022,Manitoba,Men,Good perceived health,27.7,21.7,34.8,percent,percent,
2022-07,2022,Manitoba,"Total, all persons",Excellent or very good perceived health,58.4,53.0,63.7,percent,percent,
2022-07,2022,Manitoba,"Total, all persons",Fair or poor perceived health,10.5,7.6,14.4,percent,percent,
2022-07,2022,Manitoba,"Total, all persons",Good perceived health,31.1,26.2,36.4,percent,percent,
2022-07,2022,Manitoba,Women,Excellent or very good perceived health,53.5,45.3,61.6,percent,percent,
2022-07,2022,Manitoba,Women,Fair or poor perceived health,12.2,7.9,18.3,percent,percent,
2022-07,2022,Manitoba,Women,Good perceived health,34.3,27.1,42.3,percent,percent,
2022-07,2022,New Brunswick,Men,Excellent or very good perceived health,52.2,44.6,59.7,percent,percent,
2022-07,2022,New Brunswick,Men,Fair or poor perceived health,15.4,11.3,20.6,percent,percent,
2022-07,2022,New Brunswick,Men,Good perceived health,32.3,25.3,40.3,percent,percent,
2022-07,2022,New Brunswick,"Total, all persons",Excellent or very good perceived health,51.3,46.1,56.6,percent,percent,
2022-07,2022,New Brunswick,"Total, all persons",Fair or poor perceived health,15.8,12.6,19.6,percent,percent,
2022-07,2022,New Brunswick,"Total, all persons",Good perceived health,32.8,28.0,38.1,percent,percent,
2022-07,2022,New Brunswick,Women,Excellent or very good perceived health,50.5,43.4,57.5,percent,percent,
2022-07,2022,New Brunswick,Women,Fair or poor perceived health,16.2,11.6,22.2,percent,percent,
2022-07,2022,New Brunswick,Women,Good perceived health,33.3,27.2,40.0,percent,percent,
2022-07,2022,Newfoundland and Labrador,Men,Excellent or very good perceived health,58.2,49.8,66.0,percent,percent,
2022-07,2022,Newfoundland and Labrador,Men,Fair or poor perceived health,13.8,9.1,20.2,percent,percent,
2022-07,2022,Newfoundland and Labrador,Men,Good perceived health,28.1,21.0,36.5,percent,percent,
2022-07,2022,Newfoundland and Labrador,"Total, all persons",Excellent or very good perceived health,57.5,52.1,62.7,percent,percent,
2022-07,2022,Newfoundland and Labrador,"Total, all persons",Fair or poor perceived health,12.9,9.8,16.7,percent,percent,
2022-07,2022,Newfoundland and Labrador,"Total, all persons",Good perceived health,29.6,24.9,34.8,percent,percent,
2022-07,2022,Newfoundland and Labrador,Women,Excellent or very good perceived health,56.8,50.0,63.3,percent,percent,
2022-07,2022,Newfoundland and Labrador,Women,Fair or poor perceived health,12.1,8.4,17.1,percent,percent,
2022-07,2022,Newfoundland and Labrador,Women,Good perceived health,31.2,25.3,37.7,percent,percent,
2022-07,2022,Nova Scotia,Men,Excellent or very good perceived health,49.2,41.2,57.3,percent,percent,
2022-07,2022,Nova Scotia,Men,Fair or poor perceived health,16.4,10.3,25.1,percent,percent,
2022-07,2022,Nova Scotia,Men,Good perceived health,34.4,27.3,42.2,percent,percent,
2022-07,2022,Nova Scotia,"Total, all persons",Excellent or very good perceived health,51.5,46.1,56.8,percent,percent,
2022-07,2022,Nova Scotia,"Total, all persons",Fair or poor perceived health,15.6,11.8,20.4,percent,percent,
2022-07,2022,Nova Scotia,"Total, all persons",Good perceived health,32.9,28.1,38.1,percent,percent,
2022-07,2022,Nova Scotia,Women,Excellent or very good perceived health,53.5,46.3,60.6,percent,percent,
2022-07,2022,Nova Scotia,Women,Fair or poor perceived health,14.9,10.9,20.0,percent,percent,
2022-07,2022,Nova Scotia,Women,Good perceived health,31.6,25.4,38.5,percent,percent,
2022-07,2022,Ontario,Men,Excellent or very good perceived health,58.3,55.1,61.4,percent,percent,
2022-07,2022,Ontario,Men,Fair or poor perceived health,12.8,10.8,15.1,percent,percent,
2022-07,2022,Ontario,Men,Good perceived health,28.9,26.0,32.1,percent,percent,
2022-07,2022,Ontario,"Total, all persons",Excellent or very good perceived health,56.8,54.6,59.0,percent,percent,
2022-07,2022,Ontario,"Total, all persons",Fair or poor perceived health,13.4,11.9,15.0,percent,percent,
2022-07,2022,Ontario,"Total, all persons",Good perceived health,29.8,27.8,32.0,percent,percent,
2022-07,2022,Ontario,Women,Excellent or very good perceived health,55.4,52.2,58.5,percent,percent,
2022-07,2022,Ontario,Women,Fair or poor perceived health,13.9,11.9,16.2,percent,percent,
2022-07,2022,Ontario,Women,Good perceived health,30.7,28.0,33.6,percent,percent,
2022-07,2022,Prairies Region,Men,Excellent or very good perceived health,59.7,55.5,63.8,percent,percent,
2022-07,2022,Prairies Region,Men,Fair or poor perceived health,10.2,7.8,13.1,percent,percent,
2022-07,2022,Prairies Region,Men,Good perceived health,30.1,26.5,34.0,percent,percent,
2022-07,2022,Prairies Region,"Total, all persons",Excellent or very good perceived health,56.9,54.0,59.7,percent,percent,
2022-07,2022,Prairies Region,"Total, all persons",Fair or poor perceived health,12.0,10.3,14.0,percent,percent,
2022-07,2022,Prairies Region,"Total, all persons",Good perceived health,31.1,28.5,33.9,percent,percent,
2022-07,2022,Prairies Region,Women,Excellent or very good perceived health,54.0,50.1,57.9,percent,percent,
2022-07,2022,Prairies Region,Women,Fair or poor perceived health,13.8,11.3,16.7,percent,percent,
2022-07,2022,Prairies Region,Women,Good perceived health,32.2,28.5,36.0,percent,percent,
2022-07,2022,Prince Edward Island,Men,Excellent or very good perceived health,53.7,46.0,61.2,percent,percent,
2022-07,2022,Prince Edward Island,Men,Fair or poor perceived health,9.9,6.1,15.4,percent,percent,
2022-07,2022,Prince Edward Island,Men,Good perceived health,36.5,29.1,44.5,percent,percent,
2022-07,2022,Prince Edward Island,"Total, all persons",Excellent or very good perceived health,56.2,50.6,61.7,percent,percent,
2022-07,2022,Prince Edward Island,"Total, all persons",Fair or poor perceived health,10.5,7.8,13.8,percent,percent,
2022-07,2022,Prince Edward Island,"Total, all persons",Good perceived health,33.3,28.1,39.0,percent,percent,
2022-07,2022,Prince Edward Island,Women,Excellent or very good perceived health,58.6,50.6,66.3,percent,percent,
2022-07,2022,Prince Edward Island,Women,Fair or poor perceived health,11.0,7.8,15.3,percent,percent,
2022-07,2022,Prince Edward Island,Women,Good perceived health,30.3,23.3,38.5,percent,percent,
2022-07,2022,Quebec,Men,Excellent or very good perceived health,65.4,61.9,68.6,percent,percent,
2022-07,2022,Quebec,Men,Fair or poor perceived health,7.6,6.0,9.7,percent,percent,
2022-07,2022,Quebec,Men,Good perceived health,27.0,23.9,30.4,percent,percent,
2022-07,2022,Quebec,"Total, all persons",Excellent or very good perceived health,63.6,61.1,66.0,percent,percent,
2022-07,2022,Quebec,"Total, all persons",Fair or poor perceived health,8.4,7.2,9.9,percent,percent,
2022-07,2022,Quebec,"Total, all persons",Good perceived health,28.0,25.6,30.4,percent,percent,
2022-07,2022,Quebec,Women,Excellent or very good perceived health,61.8,58.1,65.4,percent,percent,
2022-07,2022,Quebec,Women,Fair or poor perceived health,9.3,7.5,11.5,percent,percent,
2022-07,2022,Quebec,Women,Good perceived health,28.9,25.6,32.5,percent,percent,
2022-07,2022,Saskatchewan,Men,Excellent or very good perceived health,59.6,51.2,67.4,percent,percent,
2022-07,2022,Saskatchewan,Men,Fair or poor perceived health,8.6,5.5,13.3,percent,percent,
2022-07,2022,Saskatchewan,Men,Good perceived health,31.8,24.5,40.1,percent,percent,
2022-07,2022,Saskatchewan,"Total, all persons",Excellent or very good perceived health,56.3,51.0,61.4,percent,percent,
2022-07,2022,Saskatchewan,"Total, all persons",Fair or poor perceived health,10.4,8.0,13.5,percent,percent,
2022-07,2022,Saskatchewan,"Total, all persons",Good perceived health,33.3,28.3,38.6,percent,percent,
2022-07,2022,Saskatchewan,Women,Excellent or very good perceived health,53.1,45.3,60.9,percent,percent,
2022-07,2022,Saskatchewan,Women,Fair or poor perceived health,12.1,8.7,16.6,percent,percent,
2022-07,2022,Saskatchewan,Women,Good perceived health,34.7,27.6,42.5,percent,percent,
2022-10,2022,Alberta,Men,Excellent or very good perceived health,50.6,44.6,56.5,percent,percent,
2022-10,2022,Alberta,Men,Fair or poor perceived health,16.0,12.2,20.8,percent,percent,
2022-10,2022,Alberta,Men,Good perceived health,33.4,27.9,39.4,percent,percent,
2022-10,2022,Alberta,"Total, all persons",Excellent or very good perceived health,49.7,45.3,54.0,percent,percent,
2022-10,2022,Alberta,"Total, all persons",Fair or poor perceived health,16.2,13.3,19.6,percent,percent,
2022-10,2022,Alberta,"Total, all persons",Good perceived health,34.1,30.2,38.4,percent,percent,
2022-10,2022,Alberta,Women,Excellent or very good perceived health,48.8,42.5,55.1,percent,percent,
2022-10,2022,Alberta,Women,Fair or poor perceived health,16.4,12.4,21.3,percent,percent,
2022-10,2022,Alberta,Women,Good perceived health,34.8,29.2,40.9,percent,percent,
2022-10,2022,Atlantic Region,Men,Excellent or very good perceived health,46.8,42.3,51.4,percent,percent,
2022-10,2022,Atlantic Region,Men,Fair or poor perceived health,19.9,16.5,23.7,percent,percent,
2022-10,2022,Atlantic Region,Men,Good perceived health,33.4,29.1,37.9,percent,percent,
2022-10,2022,Atlantic Region,"Total, all persons",Excellent or very good perceived health,45.3,42.3,48.3,percent,percent,
2022-10,2022,Atlantic Region,"Total, all persons",Fair or poor perceived health,18.2,15.9,20.7,percent,percent,
2022-10,2022,Atlantic Region,"Total, all persons",Good perceived health,36.5,33.6,39.5,percent,percent,
2022-10,2022,Atlantic Region,Women,Excellent or very good perceived health,43.9,39.8,48.0,percent,percent,
2022-10,2022,Atlantic Region,Women,Fair or poor perceived health,16.5,13.7,19.7,percent,percent,
2022-10,2022,Atlantic Region,Women,Good perceived health,39.6,35.8,43.6,percent,percent,
2022-10,2022,British Columbia,Men,Excellent or very good perceived health,51.9,46.3,57.4,percent,percent,
2022-10,2022,British Columbia,Men,Fair or poor perceived health,15.4,11.8,19.8,percent,percent,
2022-10,2022,British Columbia,Men,Good perceived health,32.7,27.8,38.0,percent,percent,
2022-10,2022,British Columbia,"Total, all persons",Excellent or very good perceived health,48.3,44.5,52.0,percent,percent,
2022-10,2022,British Columbia,"Total, all persons",Fair or poor perceived health,17.8,15.1,20.8,percent,percent,
2022-10,2022,British Columbia,"Total, all persons",Good perceived health,34.0,30.5,37.7,percent,percent,
2022-10,2022,British Columbia,Women,Excellent or very good perceived health,44.8,39.7,50.1,percent,percent,
2022-10,2022,British Columbia,Women,Fair or poor perceived health,20.0,16.2,24.5,percent,percent,
2022-10,2022,British Columbia,Women,Good perceived health,35.2,30.3,40.3,percent,percent,
2022-10,2022,Canada (excluding territories),Men,Excellent or very good perceived health,51.4,49.3,53.5,percent,percent,
2022-10,2022,Canada (excluding territories),Men,Fair or poor perceived health,14.9,13.5,16.5,percent,percent,
2022-10,2022,Canada (excluding territories),Men,Good perceived health,33.7,31.7,35.7,percent,percent,
2022-10,2022,Canada (excluding territories),"Total, all persons",Excellent or very good perceived health,49.7,48.2,51.2,percent,percent,
2022-10,2022,Canada (excluding territories),"Total, all persons",Fair or poor perceived health,16.1,15.1,17.2,percent,percent,
2022-10,2022,Canada (excluding territories),"Total, all persons",Good perceived health,34.2,32.8,35.5,percent,percent,
2022-10,2022,Canada (excluding territories),Women,Excellent or very good perceived health,48.0,46.0,50.1,percent,percent,
2022-10,2022,Canada (excluding territories),Women,Fair or poor perceived health,17.3,15.9,18.8,percent,percent,
2022-10,2022,Canada (excluding territories),Women,Good perceived health,34.6,32.7,36.6,percent,percent,
2022-10,2022,Manitoba,Men,Excellent or very good perceived health,57.3,49.4,64.9,percent,percent,
2022-10,2022,Manitoba,Men,Fair or poor perceived health,13.9,9.3,20.1,percent,percent,
2022-10,2022,Manitoba,Men,Good perceived health,28.8,22.3,36.4,percent,percent,
2022-10,2022,Manitoba,"Total, all persons",Excellent or very good perceived health,52.6,47.0,58.0,percent,percent,
2022-10,2022,Manitoba,"Total, all persons",Fair or poor perceived health,14.7,11.2,19.0,percent,percent,
2022-10,2022,Manitoba,"Total, all persons",Good perceived health,32.7,27.8,38.1,percent,percent,
2022-10,2022,Manitoba,Women,Excellent or very good perceived health,47.8,39.9,55.8,percent,percent,
2022-10,2022,Manitoba,Women,Fair or poor perceived health,15.5,10.8,21.7,percent,percent,
2022-10,2022,Manitoba,Women,Good perceived health,36.7,29.2,44.8,percent,percent,
2022-10,2022,New Brunswick,Men,Excellent or very good perceived health,41.4,33.7,49.5,percent,percent,
2022-10,2022,New Brunswick,Men,Fair or poor perceived health,25.9,19.1,34.2,percent,percent,
2022-10,2022,New Brunswick,Men,Good perceived health,32.7,26.4,39.7,percent,percent,
2022-10,2022,New Brunswick,"Total, all persons",Excellent or very good perceived health,41.3,35.9,46.8,percent,percent,
2022-10,2022,New Brunswick,"Total, all persons",Fair or poor perceived health,21.1,16.9,26.2,percent,percent,
2022-10,2022,New Brunswick,"Total, all persons",Good perceived health,37.6,32.7,42.7,percent,percent,
2022-10,2022,New Brunswick,Women,Excellent or very good perceived health,41.2,34.1,48.7,percent,percent,
2022-10,2022,New Brunswick,Women,Fair or poor perceived health,16.4,11.7,22.6,percent,percent,
2022-10,2022,New Brunswick,Women,Good perceived health,42.4,35.2,50.0,percent,percent,
2022-10,2022,Newfoundland and Labrador,Men,Excellent or very good perceived health,48.6,40.1,57.1,percent,percent,
2022-10,2022,Newfoundland and Labrador,Men,Fair or poor perceived health,17.6,12.9,23.5,percent,percent,
2022-10,2022,Newfoundland and Labrador,Men,Good perceived health,33.8,26.4,42.2,percent,percent,
2022-10,2022,Newfoundland and Labrador,"Total, all persons",Excellent or very good perceived health,48.8,43.3,54.4,percent,percent,
2022-10,2022,Newfoundland and Labrador,"Total, all persons",Fair or poor perceived health,18.5,14.9,22.7,percent,percent,
2022-10,2022,Newfoundland and Labrador,"Total, all persons",Good perceived health,32.7,27.8,38.0,percent,percent,
2022-10,2022,Newfoundland and Labrador,Women,Excellent or very good perceived health,49.0,41.7,56.4,percent,percent,
2022-10,2022,Newfoundland and Labrador,Women,Fair or poor perceived health,19.3,14.3,25.7,percent,percent,
2022-10,2022,Newfoundland and Labrador,Women,Good perceived health,31.6,25.5,38.5,percent,percent,
2022-10,2022,Nova Scotia,Men,Excellent or very good perceived health,50.5,42.1,58.9,percent,percent,
2022-10,2022,Nova Scotia,Men,Fair or poor perceived health,16.1,11.1,22.6,percent,percent,
2022-10,2022,Nova Scotia,Men,Good perceived health,33.4,25.5,42.4,percent,percent,
2022-10,2022,Nova Scotia,"Total, all persons",Excellent or very good perceived health,46.9,41.5,52.4,percent,percent,
2022-10,2022,Nova Scotia,"Total, all persons",Fair or poor perceived health,15.9,12.5,19.9,percent,percent,
2022-10,2022,Nova Scotia,"Total, all persons",Good perceived health,37.2,32.1,42.7,percent,percent,
2022-10,2022,Nova Scotia,Women,Excellent or very good perceived health,43.4,36.8,50.3,percent,percent,
2022-10,2022,Nova Scotia,Women,Fair or poor perceived health,15.6,11.5,21.0,percent,percent,
2022-10,2022,Nova Scotia,Women,Good perceived health,40.9,34.8,47.3,percent,percent,
2022-10,2022,Ontario,Men,Excellent or very good perceived health,47.9,44.1,51.7,percent,percent,
2022-10,2022,Ontario,Men,Fair or poor perceived health,16.9,14.3,19.9,percent,percent,
2022-10,2022,Ontario,Men,Good perceived health,35.2,31.5,39.0,percent,percent,
2022-10,2022,Ontario,"Total, all persons",Excellent or very good perceived health,48.0,45.4,50.6,percent,percent,
2022-10,2022,Ontario,"Total, all persons",Fair or poor perceived health,18.1,16.2,20.1,percent,percent,
2022-10,2022,Ontario,"Total, all persons",Good perceived health,33.9,31.5,36.5,percent,percent,
2022-10,2022,Ontario,Women,Excellent or very good perceived health,48.1,44.5,51.7,percent,percent,
2022-10,2022,Ontario,Women,Fair or poor perceived health,19.2,16.6,22.1,percent,percent,
2022-10,2022,Ontario,Women,Good perceived health,32.7,29.3,36.2,percent,percent,
2022-10,2022,Prairies Region,Men,Excellent or very good perceived health,50.3,45.9,54.6,percent,percent,
2022-10,2022,Prairies Region,Men,Fair or poor perceived health,15.4,12.7,18.6,percent,percent,
2022-10,2022,Prairies Region,Men,Good perceived health,34.3,30.3,38.6,percent,percent,
2022-10,2022,Prairies Region,"Total, all persons",Excellent or very good perceived health,49.0,45.8,52.2,percent,percent,
2022-10,2022,Prairies Region,"Total, all persons",Fair or poor perceived health,15.7,13.6,18.1,percent,percent,
2022-10,2022,Prairies Region,"Total, all persons",Good perceived health,35.3,32.4,38.4,percent,percent,
2022-10,2022,Prairies Region,Women,Excellent or very good perceived health,47.7,43.2,52.4,percent,percent,
2022-10,2022,Prairies Region,Women,Fair or poor perceived health,16.0,13.1,19.4,percent,percent,
2022-10,2022,Prairies Region,Women,Good perceived health,36.3,32.1,40.7,percent,percent,
2022-10,2022,Prince Edward Island,Men,Excellent or very good perceived health,44.3,33.4,55.8,percent,percent,
2022-10,2022,Prince Edward Island,Men,Fair or poor perceived health,21.0,13.0,32.1,percent,percent,
2022-10,2022,Prince Edward Island,Men,Good perceived health,34.7,25.9,44.6,percent,percent,
2022-10,2022,Prince Edward Island,"Total, all persons",Excellent or very good perceived health,43.5,36.5,50.8,percent,percent,
2022-10,2022,Prince Edward Island,"Total, all persons",Fair or poor perceived health,16.9,12.3,22.9,percent,percent,
2022-10,2022,Prince Edward Island,"Total, all persons",Good perceived health,39.5,33.3,46.1,percent,percent,
2022-10,2022,Prince Edward Island,Women,Excellent or very good perceived health,42.7,34.5,51.4,percent,percent,
2022-10,2022,Prince Edward Island,Women,Fair or poor perceived health,12.9,9.0,18.0,percent,percent,
2022-10,2022,Prince Edward Island,Women,Good perceived health,44.4,35.9,53.3,percent,percent,
2022-10,2022,Quebec,Men,Excellent or very good perceived health,59.5,55.1,63.8,percent,percent,
2022-10,2022,Quebec,Men,Fair or poor perceived health,9.3,7.3,11.9,percent,percent,
2022-10,2022,Quebec,Men,Good perceived health,31.1,26.9,35.7,percent,percent,
2022-10,2022,Quebec,"Total, all persons",Excellent or very good perceived health,55.5,52.4,58.4,percent,percent,
2022-10,2022,Quebec,"Total, all persons",Fair or poor perceived health,11.5,9.8,13.5,percent,percent,
2022-10,2022,Quebec,"Total, all persons",Good perceived health,33.1,30.1,36.1,percent,percent,
2022-10,2022,Quebec,Women,Excellent or very good perceived health,51.5,47.3,55.5,percent,percent,
2022-10,2022,Quebec,Women,Fair or poor perceived health,13.6,10.8,16.9,percent,percent,
2022-10,2022,Quebec,Women,Good perceived health,35.0,31.2,38.9,percent,percent,
2022-10,2022,Saskatchewan,Men,Excellent or very good perceived health,40.7,33.2,48.6,percent,percent,
2022-10,2022,Saskatchewan,Men,Fair or poor perceived health,14.9,10.2,21.2,percent,percent,
2022-10,2022,Saskatchewan,Men,Good perceived health,44.5,36.9,52.3,percent,percent,
2022-10,2022,Saskatchewan,"Total, all persons",Excellent or very good perceived health,42.0,36.9,47.4,percent,percent,
2022-10,2022,Saskatchewan,"Total, all persons",Fair or poor perceived health,14.9,11.8,18.5,percent,percent,
2022-10,2022,Saskatchewan,"Total, all persons",Good perceived health,43.1,37.9,48.5,percent,percent,
2022-10,2022,Saskatchewan,Women,Excellent or very good perceived health,43.4,36.1,51.0,percent,percent,
2022-10,2022,Saskatchewan,Women,Fair or poor perceived health,14.9,11.1,19.6,percent,percent,
2022-10,2022,Saskatchewan,Women,Good perceived health,41.7,34.6,49.2,percent,percent,
2023-04,2023,Alberta,Men,Excellent or very good perceived health,51.8,45.7,57.8,percent,percent,
2023-04,2023,Alberta,Men,Fair or poor perceived health,16.0,12.2,20.5,percent,percent,
2023-04,2023,Alberta,Men,Good perceived health,32.2,26.6,38.4,percent,percent,
2023-04,2023,Alberta,"Total, all persons",Excellent or very good perceived health,49.1,44.7,53.5,percent,percent,
2023-04,2023,Alberta,"Total, all persons",Fair or poor perceived health,15.8,13.0,18.9,percent,percent,
2023-04,2023,Alberta,"Total, all persons",Good perceived health,35.2,31.0,39.6,percent,percent,
2023-04,2023,Alberta,Women,Excellent or very good perceived health,46.4,39.9,53.0,percent,percent,
2023-04,2023,Alberta,Women,Fair or poor perceived health,15.6,11.6,20.5,percent,percent,
2023-04,2023,Alberta,Women,Good perceived health,38.1,31.9,44.7,percent,percent,
2023-04,2023,Atlantic Region,Men,Excellent or very good perceived health,46.3,41.4,51.2,percent,percent,
2023-04,2023,Atlantic Region,Men,Fair or poor perceived health,16.9,13.6,20.9,percent,percent,
2023-04,2023,Atlantic Region,Men,Good perceived health,36.8,32.0,41.9,percent,percent,
2023-04,2023,Atlantic Region,"Total, all persons",Excellent or very good perceived health,46.3,43.0,49.6,percent,percent,
2023-04,2023,Atlantic Region,"Total, all persons",Fair or poor perceived health,18.2,15.9,20.7,percent,percent,
2023-04,2023,Atlantic Region,"Total, all persons",Good perceived health,35.5,32.4,38.8,percent,percent,
2023-04,2023,Atlantic Region,Women,Excellent or very good perceived health,46.3,42.2,50.5,percent,percent,
2023-04,2023,Atlantic Region,Women,Fair or poor perceived health,19.4,16.5,22.6,percent,percent,
2023-04,2023,Atlantic Region,Women,Good perceived health,34.3,30.4,38.4,percent,percent,
2023-04,2023,British Columbia,Men,Excellent or very good perceived health,48.7,43.0,54.5,percent,percent,
2023-04,2023,British Columbia,Men,Fair or poor perceived health,17.2,13.0,22.2,percent,percent,
2023-04,2023,British Columbia,Men,Good perceived health,34.1,29.0,39.7,percent,percent,
2023-04,2023,British Columbia,"Total, all persons",Excellent or very good perceived health,45.2,41.4,49.2,percent,percent,
2023-04,2023,British Columbia,"Total, all persons",Fair or poor perceived health,18.4,15.5,21.6,percent,percent,
2023-04,2023,British Columbia,"Total, all persons",Good perceived health,36.4,32.7,40.2,percent,percent,
2023-04,2023,British Columbia,Women,Excellent or very good perceived health,41.9,36.6,47.3,percent,percent,
2023-04,2023,British Columbia,Women,Fair or poor perceived health,19.5,15.6,24.2,percent,percent,
2023-04,2023,British Columbia,Women,Good perceived health,38.6,33.4,44.1,percent,percent,
2023-04,2023,Canada (excluding territories),Men,Excellent or very good perceived health,49.5,47.4,51.6,percent,percent,
2023-04,2023,Canada (excluding territories),Men,Fair or poor perceived health,15.5,14.1,17.0,percent,percent,
2023-04,2023,Canada (excluding territories),Men,Good perceived health,35.0,33.0,37.1,percent,percent,
2023-04,2023,Canada (excluding territories),"Total, all persons",Excellent or very good perceived health,47.8,46.4,49.3,percent,percent,
2023-04,2023,Canada (excluding territories),"Total, all persons",Fair or poor perceived health,15.6,14.6,16.6,percent,percent,
2023-04,2023,Canada (excluding territories),"Total, all persons",Good perceived health,36.6,35.2,38.0,percent,percent,
2023-04,2023,Canada (excluding territories),Women,Excellent or very good perceived health,46.2,44.2,48.2,percent,percent,
2023-04,2023,Canada (excluding territories),Women,Fair or poor perceived health,15.7,14.3,17.1,percent,percent,
2023-04,2023,Canada (excluding territories),Women,Good perceived health,38.2,36.2,40.2,percent,percent,
2023-04,2023,Manitoba,Men,Excellent or very good perceived health,47.4,39.0,55.8,percent,percent,
2023-04,2023,Manitoba,Men,Fair or poor perceived health,19.0,13.2,26.5,percent,percent,
2023-04,2023,Manitoba,Men,Good perceived health,33.7,26.0,42.3,percent,percent,
2023-04,2023,Manitoba,"Total, all persons",Excellent or very good perceived health,48.7,43.1,54.3,percent,percent,
2023-04,2023,Manitoba,"Total, all persons",Fair or poor perceived health,16.4,12.7,20.9,percent,percent,
2023-04,2023,Manitoba,"Total, all persons",Good perceived health,34.9,29.6,40.5,percent,percent,
2023-04,2023,Manitoba,Women,Excellent or very good perceived health,50.0,42.7,57.4,percent,percent,
2023-04,2023,Manitoba,Women,Fair or poor perceived health,13.9,9.7,19.5,percent,percent,
2023-04,2023,Manitoba,Women,Good perceived health,36.1,29.3,43.5,percent,percent,
2023-04,2023,New Brunswick,Men,Excellent or very good perceived health,41.3,31.8,51.5,percent,percent,
2023-04,2023,New Brunswick,Men,Fair or poor perceived health,17.1,10.7,26.3,percent,percent,
2023-04,2023,New Brunswick,Men,Good perceived health,41.6,31.9,52.0,percent,percent,
2023-04,2023,New Brunswick,"Total, all persons",Excellent or very good perceived health,44.9,38.8,51.2,percent,percent,
2023-04,2023,New Brunswick,"Total, all persons",Fair or poor perceived health,15.9,11.8,21.0,percent,percent,
2023-04,2023,New Brunswick,"Total, all persons",Good perceived health,39.2,33.0,45.8,percent,percent,
2023-04,2023,New Brunswick,Women,Excellent or very good perceived health,48.4,40.6,56.2,percent,percent,
2023-04,2023,New Brunswick,Women,Fair or poor perceived health,14.7,10.6,20.0,percent,percent,
2023-04,2023,New Brunswick,Women,Good perceived health,36.9,29.5,45.0,percent,percent,
2023-04,2023,Newfoundland and Labrador,Men,Excellent or very good perceived health,47.5,39.4,55.6,percent,percent,
2023-04,2023,Newfoundland and Labrador,Men,Fair or poor perceived health,15.6,10.3,22.9,percent,percent,
2023-04,2023,Newfoundland and Labrador,Men,Good perceived health,36.9,29.3,45.3,percent,percent,
2023-04,2023,Newfoundland and Labrador,"Total, all persons",Excellent or very good perceived health,50.3,45.1,55.6,percent,percent,
2023-04,2023,Newfoundland and Labrador,"Total, all persons",Fair or poor perceived health,20.5,16.2,25.5,percent,percent,
2023-04,2023,Newfoundland and Labrador,"Total, all persons",Good perceived health,29.2,24.7,34.1,percent,percent,
2023-04,2023,Newfoundland and Labrador,Women,Excellent or very good perceived health,53.2,46.4,59.8,percent,percent,
2023-04,2023,Newfoundland and Labrador,Women,Fair or poor perceived health,25.3,19.1,32.6,percent,percent,
2023-04,2023,Newfoundland and Labrador,Women,Good perceived health,21.6,17.1,26.9,percent,percent,
2023-04,2023,Nova Scotia,Men,Excellent or very good perceived health,48.3,40.0,56.7,percent,percent,
2023-04,2023,Nova Scotia,Men,Fair or poor perceived health,17.3,12.4,23.6,percent,percent,
2023-04,2023,Nova Scotia,Men,Good perceived health,34.4,26.9,42.7,percent,percent,
2023-04,2023,Nova Scotia,"Total, all persons",Excellent or very good perceived health,45.6,39.9,51.4,percent,percent,
2023-04,2023,Nova Scotia,"Total, all persons",Fair or poor perceived health,18.8,15.3,22.9,percent,percent,
2023-04,2023,Nova Scotia,"Total, all persons",Good perceived health,35.6,30.3,41.3,percent,percent,
2023-04,2023,Nova Scotia,Women,Excellent or very good perceived health,43.0,35.9,50.5,percent,percent,
2023-04,2023,Nova Scotia,Women,Fair or poor perceived health,20.3,15.5,26.1,percent,percent,
2023-04,2023,Nova Scotia,Women,Good perceived health,36.7,29.6,44.4,percent,percent,
2023-04,2023,Ontario,Men,Excellent or very good perceived health,47.5,43.6,51.3,percent,percent,
2023-04,2023,Ontario,Men,Fair or poor perceived health,15.5,13.1,18.3,percent,percent,
2023-04,2023,Ontario,Men,Good perceived health,37.0,33.3,41.0,percent,percent,
2023-04,2023,Ontario,"Total, all persons",Excellent or very good perceived health,44.3,41.7,46.9,percent,percent,
2023-04,2023,Ontario,"Total, all persons",Fair or poor perceived health,16.2,14.4,18.1,percent,percent,
2023-04,2023,Ontario,"Total, all persons",Good perceived health,39.5,36.9,42.2,percent,percent,
2023-04,2023,Ontario,Women,Excellent or very good perceived health,41.2,37.7,44.8,percent,percent,
2023-04,2023,Ontario,Women,Fair or poor perceived health,16.8,14.5,19.5,percent,percent,
2023-04,2023,Ontario,Women,Good perceived health,41.9,38.4,45.6,percent,percent,
2023-04,2023,Prairies Region,Men,Excellent or very good perceived health,50.1,45.6,54.6,percent,percent,
2023-04,2023,Prairies Region,Men,Fair or poor perceived health,17.3,14.4,20.6,percent,percent,
2023-04,2023,Prairies Region,Men,Good perceived health,32.6,28.5,37.1,percent,percent,
2023-04,2023,Prairies Region,"Total, all persons",Excellent or very good perceived health,49.0,45.7,52.3,percent,percent,
2023-04,2023,Prairies Region,"Total, all persons",Fair or poor perceived health,15.9,13.9,18.2,percent,percent,
2023-04,2023,Prairies Region,"Total, all persons",Good perceived health,35.1,32.0,38.2,percent,percent,
2023-04,2023,Prairies Region,Women,Excellent or very good perceived health,47.9,43.3,52.5,percent,percent,
2023-04,2023,Prairies Region,Women,Fair or poor perceived health,14.6,11.9,18.0,percent,percent,
2023-04,2023,Prairies Region,Women,Good perceived health,37.5,33.1,42.1,percent,percent,
2023-04,2023,Prince Edward Island,Men,Excellent or very good perceived health,53.9,43.5,63.9,percent,percent,
2023-04,2023,Prince Edward Island,Men,Fair or poor perceived health,18.4,11.6,27.8,percent,percent,
2023-04,2023,Prince Edward Island,Men,Good perceived health,27.8,20.3,36.7,percent,percent,
2023-04,2023,Prince Edward Island,"Total, all persons",Excellent or very good perceived health,44.6,37.8,51.6,percent,percent,
2023-04,2023,Prince Edward Island,"Total, all persons",Fair or poor perceived health,17.9,13.1,24.0,percent,percent,
2023-04,2023,Prince Edward Island,"Total, all persons",Good perceived health,37.5,31.3,44.1,percent,percent,
2023-04,2023,Prince Edward Island,Women,Excellent or very good perceived health,35.8,27.6,44.9,percent,percent,
2023-04,2023,Prince Edward Island,Women,Fair or poor perceived health,17.5,11.5,25.6,percent,percent,
2023-04,2023,Prince Edward Island,Women,Good perceived health,46.7,37.6,56.1,percent,percent,
2023-04,2023,Quebec,Men,Excellent or very good perceived health,53.8,49.9,57.7,percent,percent,
2023-04,2023,Quebec,Men,Fair or poor perceived health,12.6,10.3,15.4,percent,percent,
2023-04,2023,Quebec,Men,Good perceived health,33.6,30.0,37.4,percent,percent,
2023-04,2023,Quebec,"Total, all persons",Excellent or very good perceived health,55.1,52.3,57.8,percent,percent,
2023-04,2023,Quebec,"Total, all persons",Fair or poor perceived health,11.7,10.1,13.4,percent,percent,
2023-04,2023,Quebec,"Total, all persons",Good perceived health,33.2,30.6,35.9,percent,percent,
2023-04,2023,Quebec,Women,Excellent or very good perceived health,56.4,52.6,60.2,percent,percent,
2023-04,2023,Quebec,Women,Fair or poor perceived health,10.7,8.8,13.1,percent,percent,
2023-04,2023,Quebec,Women,Good perceived health,32.9,29.2,36.7,percent,percent,
2023-04,2023,Saskatchewan,Men,Excellent or very good perceived health,46.5,38.8,54.4,percent,percent,
2023-04,2023,Saskatchewan,Men,Fair or poor perceived health,20.5,14.8,27.6,percent,percent,
2023-04,2023,Saskatchewan,Men,Good perceived health,33.0,26.0,40.9,percent,percent,
2023-04,2023,Saskatchewan,"Total, all persons",Excellent or very good perceived health,49.0,43.8,54.1,percent,percent,
2023-04,2023,Saskatchewan,"Total, all persons",Fair or poor perceived health,16.2,12.8,20.2,percent,percent,
2023-04,2023,Saskatchewan,"Total, all persons",Good perceived health,34.9,30.1,40.0,percent,percent,
2023-04,2023,Saskatchewan,Women,Excellent or very good perceived health,51.5,44.6,58.2,percent,percent,
2023-04,2023,Saskatchewan,Women,Fair or poor perceived health,11.8,8.5,16.2,percent,percent,
2023-04,2023,Saskatchewan,Women,Good perceived health,36.7,30.5,43.5,percent,percent,
2023-07,2023,Alberta,Men,Excellent or very good perceived health,51.0,44.8,57.1,percent,percent,
2023-07,2023,Alberta,Men,Fair or poor perceived health,15.0,11.7,18.9,percent,percent,
2023-07,2023,Alberta,Men,Good perceived health,34.1,28.3,40.4,percent,percent,
2023-07,2023,Alberta,"Total, all persons",Excellent or very good perceived health,50.8,46.7,54.9,percent,percent,
2023-07,2023,Alberta,"Total, all persons",Fair or poor perceived health,15.8,13.3,18.6,percent,percent,
2023-07,2023,Alberta,"Total, all persons",Good perceived health,33.4,29.7,37.4,percent,percent,
2023-07,2023,Alberta,Women,Excellent or very good perceived health,50.6,45.3,56.0,percent,percent,
2023-07,2023,Alberta,Women,Fair or poor perceived health,16.6,13.0,20.8,percent,percent,
2023-07,2023,Alberta,Women,Good perceived health,32.8,28.0,38.0,percent,percent,
2023-07,2023,Atlantic Region,Men,Excellent or very good perceived health,48.1,43.1,53.1,percent,percent,
2023-07,2023,Atlantic Region,Men,Fair or poor perceived health,19.8,16.1,24.0,percent,percent,
2023-07,2023,Atlantic Region,Men,Good perceived health,32.1,27.5,37.1,percent,percent,
2023-07,2023,Atlantic Region,"Total, all persons",Excellent or very good perceived health,46.5,43.3,49.7,percent,percent,
2023-07,2023,Atlantic Region,"Total, all persons",Fair or poor perceived health,19.4,17.0,22.1,percent,percent,
2023-07,2023,Atlantic Region,"Total, all persons",Good perceived health,34.1,31.1,37.2,percent,percent,
2023-07,2023,Atlantic Region,Women,Excellent or very good perceived health,44.9,40.8,49.1,percent,percent,
2023-07,2023,Atlantic Region,Women,Fair or poor perceived health,19.1,16.0,22.6,percent,percent,
2023-07,2023,Atlantic Region,Women,Good perceived health,36.1,32.4,39.9,percent,percent,
2023-07,2023,British Columbia,Men,Excellent or very good perceived health,39.9,34.7,45.4,percent,percent,
2023-07,2023,British Columbia,Men,Fair or poor perceived health,18.9,15.1,23.3,percent,percent,
2023-07,2023,British Columbia,Men,Good perceived health,41.2,35.9,46.7,percent,percent,
2023-07,2023,British Columbia,"Total, all persons",Excellent or very good perceived health,42.0,38.4,45.8,percent,percent,
2023-07,2023,British Columbia,"Total, all persons",Fair or poor perceived health,19.4,16.6,22.5,percent,percent,
2023-07,2023,British Columbia,"Total, all persons",Good perceived health,38.6,34.9,42.4,percent,percent,
2023-07,2023,British Columbia,Women,Excellent or very good perceived health,44.1,39.2,49.2,percent,percent,
2023-07,2023,British Columbia,Women,Fair or poor perceived health,19.8,15.9,24.5,percent,percent,
2023-07,2023,British Columbia,Women,Good perceived health,36.0,31.3,41.1,percent,percent,
2023-07,2023,Canada (excluding territories),Men,Excellent or very good perceived health,48.4,46.5,50.3,percent,percent,
2023-07,2023,Canada (excluding territories),Men,Fair or poor perceived health,16.2,14.9,17.6,percent,percent,
2023-07,2023,Canada (excluding territories),Men,Good perceived health,35.4,33.6,37.3,percent,percent,
2023-07,2023,Canada (excluding territories),"Total, all persons",Excellent or very good perceived health,47.0,45.7,48.4,percent,percent,
2023-07,2023,Canada (excluding territories),"Total, all persons",Fair or poor perceived health,16.8,15.8,17.8,percent,percent,
2023-07,2023,Canada (excluding territories),"Total, all persons",Good perceived health,36.2,34.9,37.5,percent,percent,
2023-07,2023,Canada (excluding territories),Women,Excellent or very good perceived health,45.8,44.0,47.5,percent,percent,
2023-07,2023,Canada (excluding territories),Women,Fair or poor perceived health,17.3,16.0,18.8,percent,percent,
2023-07,2023,Canada (excluding territories),Women,Good perceived health,36.9,35.1,38.7,percent,percent,
2023-07,2023,Manitoba,Men,Excellent or very good perceived health,42.7,34.7,51.2,percent,percent,
2023-07,2023,Manitoba,Men,Fair or poor perceived health,16.2,11.7,22.1,percent,percent,
2023-07,2023,Manitoba,Men,Good perceived health,41.1,33.4,49.2,percent,percent,
2023-07,2023,Manitoba,"Total, all persons",Excellent or very good perceived health,42.0,36.8,47.4,percent,percent,
2023-07,2023,Manitoba,"Total, all persons",Fair or poor perceived health,18.0,14.1,22.7,percent,percent,
2023-07,2023,Manitoba,"Total, all persons",Good perceived health,40.0,34.8,45.3,percent,percent,
2023-07,2023,Manitoba,Women,Excellent or very good perceived health,41.3,34.4,48.6,percent,percent,
2023-07,2023,Manitoba,Women,Fair or poor perceived health,19.8,14.0,27.2,percent,percent,
2023-07,2023,Manitoba,Women,Good perceived health,38.9,32.2,46.0,percent,percent,
2023-07,2023,New Brunswick,Men,Excellent or very good perceived health,46.5,38.2,55.0,percent,percent,
2023-07,2023,New Brunswick,Men,Fair or poor perceived health,20.1,14.3,27.4,percent,percent,
2023-07,2023,New Brunswick,Men,Good perceived health,33.4,25.2,42.7,percent,percent,
2023-07,2023,New Brunswick,"Total, all persons",Excellent or very good perceived health,45.3,39.4,51.2,percent,percent,
2023-07,2023,New Brunswick,"Total, all persons",Fair or poor perceived health,19.2,15.3,23.7,percent,percent,
2023-07,2023,New Brunswick,"Total, all persons",Good perceived health,35.6,30.1,41.4,percent,percent,
2023-07,2023,New Brunswick,Women,Excellent or very good perceived health,43.9,36.4,51.7,percent,percent,
2023-07,2023,New Brunswick,Women,Fair or poor perceived health,18.2,13.3,24.5,percent,percent,
2023-07,2023,New Brunswick,Women,Good perceived health,37.9,31.1,45.1,percent,percent,
2023-07,2023,Newfoundland and Labrador,Men,Excellent or very good perceived health,53.1,44.5,61.6,percent,percent,
2023-07,2023,Newfoundland and Labrador,Men,Fair or poor perceived health,20.1,14.0,28.2,percent,percent,
2023-07,2023,Newfoundland and Labrador,Men,Good perceived health,26.7,19.8,35.0,percent,percent,
2023-07,2023,Newfoundland and Labrador,"Total, all persons",Excellent or very good perceived health,51.9,46.3,57.4,percent,percent,
2023-07,2023,Newfoundland and Labrador,"Total, all persons",Fair or poor perceived health,19.1,14.9,24.1,percent,percent,
2023-07,2023,Newfoundland and Labrador,"Total, all persons",Good perceived health,29.0,24.0,34.6,percent,percent,
2023-07,2023,Newfoundland and Labrador,Women,Excellent or very good perceived health,50.7,43.4,58.0,percent,percent,
2023-07,2023,Newfoundland and Labrador,Women,Fair or poor perceived health,18.0,13.0,24.5,percent,percent,
2023-07,2023,Newfoundland and Labrador,Women,Good perceived health,31.3,24.6,38.9,percent,percent,
2023-07,2023,Nova Scotia,Men,Excellent or very good perceived health,46.6,37.7,55.7,percent,percent,
2023-07,2023,Nova Scotia,Men,Fair or poor perceived health,20.0,13.6,28.4,percent,percent,
2023-07,2023,Nova Scotia,Men,Good perceived health,33.4,25.4,42.5,percent,percent,
2023-07,2023,Nova Scotia,"Total, all persons",Excellent or very good perceived health,44.4,38.8,50.2,percent,percent,
2023-07,2023,Nova Scotia,"Total, all persons",Fair or poor perceived health,20.3,15.9,25.5,percent,percent,
2023-07,2023,Nova Scotia,"Total, all persons",Good perceived health,35.3,30.1,40.9,percent,percent,
2023-07,2023,Nova Scotia,Women,Excellent or very good perceived health,42.3,35.5,49.5,percent,percent,
2023-07,2023,Nova Scotia,Women,Fair or poor perceived health,20.6,15.2,27.3,percent,percent,
2023-07,2023,Nova Scotia,Women,Good perceived health,37.1,30.9,43.6,percent,percent,
2023-07,2023,Ontario,Men,Excellent or very good perceived health,49.2,45.9,52.6,percent,percent,
2023-07,2023,Ontario,Men,Fair or poor perceived health,16.4,14.1,19.0,percent,percent,
2023-07,2023,Ontario,Men,Good perceived health,34.4,31.4,37.5,percent,percent,
2023-07,2023,Ontario,"Total, all persons",Excellent or very good perceived health,46.6,44.3,49.0,percent,percent,
2023-07,2023,Ontario,"Total, all persons",Fair or poor perceived health,17.2,15.6,19.0,percent,percent,
2023-07,2023,Ontario,"Total, all persons",Good perceived health,36.1,33.9,38.4,percent,percent,
2023-07,2023,Ontario,Women,Excellent or very good perceived health,44.1,41.0,47.3,percent,percent,
2023-07,2023,Ontario,Women,Fair or poor perceived health,18.1,15.8,20.6,percent,percent,
2023-07,2023,Ontario,Women,Good perceived health,37.8,34.7,41.0,percent,percent,
2023-07,2023,Prairies Region,Men,Excellent or very good perceived health,48.7,44.2,53.3,percent,percent,
2023-07,2023,Prairies Region,Men,Fair or poor perceived health,15.3,12.9,18.1,percent,percent,
2023-07,2023,Prairies Region,Men,Good perceived health,35.9,31.7,40.5,percent,percent,
2023-07,2023,Prairies Region,"Total, all persons",Excellent or very good perceived health,47.9,45.0,50.8,percent,percent,
2023-07,2023,Prairies Region,"Total, all persons",Fair or poor perceived health,16.7,14.8,18.7,percent,percent,
2023-07,2023,Prairies Region,"Total, all persons",Good perceived health,35.4,32.7,38.3,percent,percent,
2023-07,2023,Prairies Region,Women,Excellent or very good perceived health,47.0,43.2,50.9,percent,percent,
2023-07,2023,Prairies Region,Women,Fair or poor perceived health,18.1,15.3,21.1,percent,percent,
2023-07,2023,Prairies Region,Women,Good perceived health,34.9,31.3,38.7,percent,percent,
2023-07,2023,Prince Edward Island,Men,Excellent or very good perceived health,48.6,39.1,58.1,percent,percent,
2023-07,2023,Prince Edward Island,Men,Fair or poor perceived health,16.3,11.1,23.3,percent,percent,
2023-07,2023,Prince Edward Island,Men,Good perceived health,35.2,26.7,44.7,percent,percent,
2023-07,2023,Prince Edward Island,"Total, all persons",Excellent or very good perceived health,47.6,41.1,54.2,percent,percent,
2023-07,2023,Prince Edward Island,"Total, all persons",Fair or poor perceived health,16.5,12.9,20.9,percent,percent,
2023-07,2023,Prince Edward Island,"Total, all persons",Good perceived health,35.9,29.8,42.4,percent,percent,
2023-07,2023,Prince Edward Island,Women,Excellent or very good perceived health,46.7,37.6,56.0,percent,percent,
2023-07,2023,Prince Edward Island,Women,Fair or poor perceived health,16.7,12.2,22.5,percent,percent,
2023-07,2023,Prince Edward Island,Women,Good perceived health,36.5,27.8,46.3,percent,percent,
2023-07,2023,Quebec,Men,Excellent or very good perceived health,51.8,48.1,55.6,percent,percent,
2023-07,2023,Quebec,Men,Fair or poor perceived health,13.8,11.3,16.8,percent,percent,
2023-07,2023,Quebec,Men,Good perceived health,34.3,30.6,38.2,percent,percent,
2023-07,2023,Quebec,"Total, all persons",Excellent or very good perceived health,50.4,47.6,53.2,percent,percent,
2023-07,2023,Quebec,"Total, all persons",Fair or poor perceived health,13.6,11.8,15.6,percent,percent,
2023-07,2023,Quebec,"Total, all persons",Good perceived health,36.0,33.4,38.7,percent,percent,
2023-07,2023,Quebec,Women,Excellent or very good perceived health,49.0,45.2,52.7,percent,percent,
2023-07,2023,Quebec,Women,Fair or poor perceived health,13.4,10.8,16.4,percent,percent,
2023-07,2023,Quebec,Women,Good perceived health,37.7,34.1,41.4,percent,percent,
2023-07,2023,Saskatchewan,Men,Excellent or very good perceived health,46.9,39.5,54.5,percent,percent,
2023-07,2023,Saskatchewan,Men,Fair or poor perceived health,15.6,10.8,22.0,percent,percent,
2023-07,2023,Saskatchewan,Men,Good perceived health,37.5,30.3,45.2,percent,percent,
2023-07,2023,Saskatchewan,"Total, all persons",Excellent or very good perceived health,42.9,37.9,48.0,percent,percent,
2023-07,2023,Saskatchewan,"Total, all persons",Fair or poor perceived health,18.9,15.2,23.2,percent,percent,
2023-07,2023,Saskatchewan,"Total, all persons",Good perceived health,38.2,33.2,43.5,percent,percent,
2023-07,2023,Saskatchewan,Women,Excellent or very good perceived health,38.7,32.2,45.6,percent,percent,
2023-07,2023,Saskatchewan,Women,Fair or poor perceived health,22.3,17.0,28.6,percent,percent,
2023-07,2023,Saskatchewan,Women,Good perceived health,39.0,32.5,46.0,percent,percent,
