ref_date_raw,start_year,geo,sex,age_group,indicator,value,ci_low,ci_high,uom,metric_type,quality_flag
2016,2016,Alberta,Both sexes,12 to 17 years,"Ability to handle the day-to-day demands in life, good or excellent",87.9,83.7,91.1,percent,percent,
2016,2016,Alberta,Both sexes,12 to 17 years,"Ability to handle unexpected and difficult problems, good or excellent",77.4,72.7,81.5,percent,percent,
2016,2016,Alberta,Both sexes,12 to 17 years,"Main source of stress in day-to-day life, family",6.6,4.5,9.6,percent,percent,E
2016,2016,Alberta,Both sexes,12 to 17 years,"Main source of stress in day-to-day life, none",7.5,5.1,10.9,percent,percent,E
2016,2016,Alberta,Both sexes,12 to 17 years,"Main source of stress in day-to-day life, school work (12 to 34 years old)",67.8,62.2,72.9,percent,percent,
2016,2016,Alberta,Both sexes,12 to 17 years,"Main source of stress in day-to-day life, time pressures/ not enough time",10.7,7.6,14.8,percent,percent,E
2016,2016,Alberta,Both sexes,12 to 17 years,"Main source of stress in day-to-day life, work",2.7,1.5,4.6,percent,percent,E
2016,2016,Alberta,Both sexes,18 to 34 years,"Ability to handle the day-to-day demands in life, good or excellent",87.3,84.8,89.5,percent,percent,
2016,2016,Alberta,Both sexes,18 to 34 years,"Ability to handle unexpected and difficult problems, good or excellent",77.4,74.6,80.0,percent,percent,
2016,2016,Alberta,Both sexes,18 to 34 years,"Main source of stress in day-to-day life, family",8.7,7.1,10.6,percent,percent,
2016,2016,Alberta,Both sexes,18 to 34 years,"Main source of stress in day-to-day life, financial concerns",23.9,21.2,26.9,percent,percent,
2016,2016,Alberta,Both sexes,18 to 34 years,"Main source of stress in day-to-day life, health",3.7,2.6,5.4,percent,percent,E
2016,2016,Alberta,Both sexes,18 to 34 years,"Main source of stress in day-to-day life, none",4.1,3.0,5.5,percent,percent,E
2016,2016,Alberta,Both sexes,18 to 34 years,"Main source of stress in day-to-day life, other",2.8,1.7,4.3,percent,percent,E
2016,2016,Alberta,Both sexes,18 to 34 years,"Main source of stress in day-to-day life, school work (12 to 34 years old)",11.5,9.1,14.4,percent,percent,
2016,2016,Alberta,Both sexes,18 to 34 years,"Main source of stress in day-to-day life, time pressures/ not enough time",15.6,13.3,18.4,percent,percent,
2016,2016,Alberta,Both sexes,18 to 34 years,"Main source of stress in day-to-day life, work",29.6,26.8,32.6,percent,percent,
2016,2016,Alberta,Both sexes,35 to 49 years,"Ability to handle the day-to-day demands in life, good or excellent",90.0,87.7,91.9,percent,percent,
2016,2016,Alberta,Both sexes,35 to 49 years,"Ability to handle unexpected and difficult problems, good or excellent",83.0,80.1,85.5,percent,percent,
2016,2016,Alberta,Both sexes,35 to 49 years,"Main source of stress in day-to-day life, family",15.5,12.8,18.5,percent,percent,
2016,2016,Alberta,Both sexes,35 to 49 years,"Main source of stress in day-to-day life, financial concerns",25.3,22.3,28.6,percent,percent,
2016,2016,Alberta,Both sexes,35 to 49 years,"Main source of stress in day-to-day life, health",3.7,2.7,5.0,percent,percent,E
2016,2016,Alberta,Both sexes,35 to 49 years,"Main source of stress in day-to-day life, none",6.2,4.4,8.6,percent,percent,E
2016,2016,Alberta,Both sexes,35 to 49 years,"Main source of stress in day-to-day life, other",1.3,0.9,1.9,percent,percent,E
2016,2016,Alberta,Both sexes,35 to 49 years,"Main source of stress in day-to-day life, time pressures/ not enough time",15.8,13.3,18.6,percent,percent,
2016,2016,Alberta,Both sexes,35 to 49 years,"Main source of stress in day-to-day life, work",31.2,28.1,34.5,percent,percent,
2016,2016,Alberta,Both sexes,50 to 64 years,"Ability to handle the day-to-day demands in life, good or excellent",88.6,86.1,90.8,percent,percent,
2016,2016,Alberta,Both sexes,50 to 64 years,"Ability to handle unexpected and difficult problems, good or excellent",84.7,81.6,87.4,percent,percent,
2016,2016,Alberta,Both sexes,50 to 64 years,"Main source of stress in day-to-day life, family",18.7,16.2,21.6,percent,percent,
2016,2016,Alberta,Both sexes,50 to 64 years,"Main source of stress in day-to-day life, financial concerns",18.5,15.8,21.7,percent,percent,
2016,2016,Alberta,Both sexes,50 to 64 years,"Main source of stress in day-to-day life, health",9.5,7.6,11.7,percent,percent,
2016,2016,Alberta,Both sexes,50 to 64 years,"Main source of stress in day-to-day life, none",9.8,7.9,12.0,percent,percent,
2016,2016,Alberta,Both sexes,50 to 64 years,"Main source of stress in day-to-day life, other",2.3,1.6,3.3,percent,percent,E
2016,2016,Alberta,Both sexes,50 to 64 years,"Main source of stress in day-to-day life, time pressures/ not enough time",10.6,8.3,13.4,percent,percent,
2016,2016,Alberta,Both sexes,50 to 64 years,"Main source of stress in day-to-day life, work",30.5,27.2,34.0,percent,percent,
2016,2016,Alberta,Both sexes,65 years and over,"Ability to handle the day-to-day demands in life, good or excellent",92.7,90.9,94.2,percent,percent,
2016,2016,Alberta,Both sexes,65 years and over,"Ability to handle unexpected and difficult problems, good or excellent",86.5,83.9,88.7,percent,percent,
2016,2016,Alberta,Both sexes,65 years and over,"Main source of stress in day-to-day life, family",23.1,20.1,26.4,percent,percent,
2016,2016,Alberta,Both sexes,65 years and over,"Main source of stress in day-to-day life, financial concerns",14.5,12.1,17.3,percent,percent,
2016,2016,Alberta,Both sexes,65 years and over,"Main source of stress in day-to-day life, health",18.8,16.4,21.4,percent,percent,
2016,2016,Alberta,Both sexes,65 years and over,"Main source of stress in day-to-day life, none",25.3,22.4,28.4,percent,percent,
2016,2016,Alberta,Both sexes,65 years and over,"Main source of stress in day-to-day life, other",4.9,3.8,6.4,percent,percent,
2016,2016,Alberta,Both sexes,65 years and over,"Main source of stress in day-to-day life, time pressures/ not enough time",8.5,6.4,11.2,percent,percent,
2016,2016,Alberta,Both sexes,65 years and over,"Main source of stress in day-to-day life, work",4.9,3.6,6.7,percent,percent,E
2016,2016,Alberta,Both sexes,"Total, 12 years and over","Ability to handle the day-to-day demands in life, good or excellent",89.1,87.9,90.1,percent,percent,
2016,2016,Alberta,Both sexes,"Total, 12 years and over","Ability to handle unexpected and difficult problems, good or excellent",81.7,80.3,83.0,percent,percent,
2016,2016,Alberta,Both sexes,"Total, 12 years and over","Main source of stress in day-to-day life, family",14.5,13.3,15.7,percent,percent,
2016,2016,Alberta,Both sexes,"Total, 12 years and over","Main source of stress in day-to-day life, financial concerns",20.2,18.8,21.8,percent,percent,
2016,2016,Alberta,Both sexes,"Total, 12 years and over","Main source of stress in day-to-day life, health",6.7,6.0,7.5,percent,percent,
2016,2016,Alberta,Both sexes,"Total, 12 years and over","Main source of stress in day-to-day life, none",8.9,8.0,9.9,percent,percent,
2016,2016,Alberta,Both sexes,"Total, 12 years and over","Main source of stress in day-to-day life, other",2.5,2.1,3.1,percent,percent,
2016,2016,Alberta,Both sexes,"Total, 12 years and over","Main source of stress in day-to-day life, school work (12 to 34 years old)",22.2,19.9,24.8,percent,percent,
2016,2016,Alberta,Both sexes,"Total, 12 years and over","Main source of stress in day-to-day life, time pressures/ not enough time",13.2,12.0,14.6,percent,percent,
2016,2016,Alberta,Both sexes,"Total, 12 years and over","Main source of stress in day-to-day life, work",25.1,23.7,26.6,percent,percent,
2016,2016,Alberta,Females,12 to 17 years,"Ability to handle the day-to-day demands in life, good or excellent",86.0,78.9,91.0,percent,percent,
2016,2016,Alberta,Females,12 to 17 years,"Ability to handle unexpected and difficult problems, good or excellent",72.8,65.3,79.1,percent,percent,
2016,2016,Alberta,Females,12 to 17 years,"Main source of stress in day-to-day life, family",5.9,3.3,10.2,percent,percent,E
2016,2016,Alberta,Females,12 to 17 years,"Main source of stress in day-to-day life, none",4.0,2.2,7.0,percent,percent,E
2016,2016,Alberta,Females,12 to 17 years,"Main source of stress in day-to-day life, school work (12 to 34 years old)",73.7,66.2,80.0,percent,percent,
2016,2016,Alberta,Females,12 to 17 years,"Main source of stress in day-to-day life, time pressures/ not enough time",10.4,6.3,16.7,percent,percent,E
2016,2016,Alberta,Females,18 to 34 years,"Ability to handle the day-to-day demands in life, good or excellent",86.3,82.8,89.1,percent,percent,
2016,2016,Alberta,Females,18 to 34 years,"Ability to handle unexpected and difficult problems, good or excellent",71.6,66.8,76.0,percent,percent,
2016,2016,Alberta,Females,18 to 34 years,"Main source of stress in day-to-day life, family",10.8,8.6,13.3,percent,percent,
2016,2016,Alberta,Females,18 to 34 years,"Main source of stress in day-to-day life, financial concerns",23.0,19.7,26.7,percent,percent,
2016,2016,Alberta,Females,18 to 34 years,"Main source of stress in day-to-day life, health",4.3,2.6,6.8,percent,percent,E
2016,2016,Alberta,Females,18 to 34 years,"Main source of stress in day-to-day life, none",5.3,3.7,7.5,percent,percent,E
2016,2016,Alberta,Females,18 to 34 years,"Main source of stress in day-to-day life, other",1.9,1.2,3.1,percent,percent,E
2016,2016,Alberta,Females,18 to 34 years,"Main source of stress in day-to-day life, school work (12 to 34 years old)",13.1,9.6,17.7,percent,percent,E
2016,2016,Alberta,Females,18 to 34 years,"Main source of stress in day-to-day life, time pressures/ not enough time",18.6,15.1,22.7,percent,percent,
2016,2016,Alberta,Females,18 to 34 years,"Main source of stress in day-to-day life, work",23.0,19.5,27.0,percent,percent,
2016,2016,Alberta,Females,35 to 49 years,"Ability to handle the day-to-day demands in life, good or excellent",90.0,86.7,92.6,percent,percent,
2016,2016,Alberta,Females,35 to 49 years,"Ability to handle unexpected and difficult problems, good or excellent",79.8,75.1,83.8,percent,percent,
2016,2016,Alberta,Females,35 to 49 years,"Main source of stress in day-to-day life, family",21.0,16.7,26.2,percent,percent,
2016,2016,Alberta,Females,35 to 49 years,"Main source of stress in day-to-day life, financial concerns",23.7,19.4,28.7,percent,percent,
2016,2016,Alberta,Females,35 to 49 years,"Main source of stress in day-to-day life, health",5.5,3.9,7.8,percent,percent,E
2016,2016,Alberta,Females,35 to 49 years,"Main source of stress in day-to-day life, none",7.1,4.4,11.5,percent,percent,E
2016,2016,Alberta,Females,35 to 49 years,"Main source of stress in day-to-day life, other",1.0,0.5,1.7,percent,percent,E
2016,2016,Alberta,Females,35 to 49 years,"Main source of stress in day-to-day life, time pressures/ not enough time",18.9,15.4,23.0,percent,percent,
2016,2016,Alberta,Females,35 to 49 years,"Main source of stress in day-to-day life, work",21.6,17.9,25.8,percent,percent,
2016,2016,Alberta,Females,50 to 64 years,"Ability to handle the day-to-day demands in life, good or excellent",85.5,81.1,89.0,percent,percent,
2016,2016,Alberta,Females,50 to 64 years,"Ability to handle unexpected and difficult problems, good or excellent",83.9,79.7,87.4,percent,percent,
2016,2016,Alberta,Females,50 to 64 years,"Main source of stress in day-to-day life, family",24.5,20.2,29.4,percent,percent,
2016,2016,Alberta,Females,50 to 64 years,"Main source of stress in day-to-day life, financial concerns",15.7,12.2,20.0,percent,percent,
2016,2016,Alberta,Females,50 to 64 years,"Main source of stress in day-to-day life, health",13.4,10.2,17.5,percent,percent,
2016,2016,Alberta,Females,50 to 64 years,"Main source of stress in day-to-day life, none",8.5,6.3,11.3,percent,percent,
2016,2016,Alberta,Females,50 to 64 years,"Main source of stress in day-to-day life, other",1.7,1.0,2.8,percent,percent,E
2016,2016,Alberta,Females,50 to 64 years,"Main source of stress in day-to-day life, time pressures/ not enough time",10.4,7.5,14.1,percent,percent,E
2016,2016,Alberta,Females,50 to 64 years,"Main source of stress in day-to-day life, work",25.8,21.6,30.5,percent,percent,
2016,2016,Alberta,Females,65 years and over,"Ability to handle the day-to-day demands in life, good or excellent",92.1,89.6,94.1,percent,percent,
2016,2016,Alberta,Females,65 years and over,"Ability to handle unexpected and difficult problems, good or excellent",85.1,81.3,88.2,percent,percent,
2016,2016,Alberta,Females,65 years and over,"Main source of stress in day-to-day life, family",28.1,23.9,32.6,percent,percent,
2016,2016,Alberta,Females,65 years and over,"Main source of stress in day-to-day life, financial concerns",14.3,11.2,18.2,percent,percent,
2016,2016,Alberta,Females,65 years and over,"Main source of stress in day-to-day life, health",17.6,14.7,20.9,percent,percent,
2016,2016,Alberta,Females,65 years and over,"Main source of stress in day-to-day life, none",22.1,18.6,26.0,percent,percent,
2016,2016,Alberta,Females,65 years and over,"Main source of stress in day-to-day life, other",5.4,3.9,7.5,percent,percent,E
2016,2016,Alberta,Females,65 years and over,"Main source of stress in day-to-day life, time pressures/ not enough time",8.9,6.1,12.9,percent,percent,E
2016,2016,Alberta,Females,65 years and over,"Main source of stress in day-to-day life, work",3.6,2.4,5.5,percent,percent,E
2016,2016,Alberta,Females,"Total, 12 years and over","Ability to handle the day-to-day demands in life, good or excellent",87.8,86.1,89.4,percent,percent,
2016,2016,Alberta,Females,"Total, 12 years and over","Ability to handle unexpected and difficult problems, good or excellent",78.4,76.3,80.4,percent,percent,
2016,2016,Alberta,Females,"Total, 12 years and over","Main source of stress in day-to-day life, family",18.5,16.7,20.6,percent,percent,
2016,2016,Alberta,Females,"Total, 12 years and over","Main source of stress in day-to-day life, financial concerns",18.7,16.9,20.7,percent,percent,
2016,2016,Alberta,Females,"Total, 12 years and over","Main source of stress in day-to-day life, health",8.2,7.1,9.5,percent,percent,
2016,2016,Alberta,Females,"Total, 12 years and over","Main source of stress in day-to-day life, none",8.7,7.4,10.2,percent,percent,
2016,2016,Alberta,Females,"Total, 12 years and over","Main source of stress in day-to-day life, other",2.2,1.7,2.8,percent,percent,
2016,2016,Alberta,Females,"Total, 12 years and over","Main source of stress in day-to-day life, school work (12 to 34 years old)",25.0,21.6,28.7,percent,percent,
2016,2016,Alberta,Females,"Total, 12 years and over","Main source of stress in day-to-day life, time pressures/ not enough time",14.8,13.1,16.7,percent,percent,
2016,2016,Alberta,Females,"Total, 12 years and over","Main source of stress in day-to-day life, work",19.0,17.2,20.9,percent,percent,
2016,2016,Alberta,Males,12 to 17 years,"Ability to handle the day-to-day demands in life, good or excellent",89.8,85.0,93.2,percent,percent,
2016,2016,Alberta,Males,12 to 17 years,"Ability to handle unexpected and difficult problems, good or excellent",82.0,76.2,86.7,percent,percent,
2016,2016,Alberta,Males,12 to 17 years,"Main source of stress in day-to-day life, family",7.3,4.3,12.0,percent,percent,E
2016,2016,Alberta,Males,12 to 17 years,"Main source of stress in day-to-day life, none",11.1,6.8,17.6,percent,percent,E
2016,2016,Alberta,Males,12 to 17 years,"Main source of stress in day-to-day life, school work (12 to 34 years old)",61.8,53.4,69.5,percent,percent,
2016,2016,Alberta,Males,12 to 17 years,"Main source of stress in day-to-day life, time pressures/ not enough time",11.0,6.9,17.0,percent,percent,E
2016,2016,Alberta,Males,18 to 34 years,"Ability to handle the day-to-day demands in life, good or excellent",88.3,84.8,91.1,percent,percent,
2016,2016,Alberta,Males,18 to 34 years,"Ability to handle unexpected and difficult problems, good or excellent",82.9,79.1,86.2,percent,percent,
2016,2016,Alberta,Males,18 to 34 years,"Main source of stress in day-to-day life, family",6.7,4.5,9.8,percent,percent,E
2016,2016,Alberta,Males,18 to 34 years,"Main source of stress in day-to-day life, financial concerns",24.8,20.6,29.5,percent,percent,
2016,2016,Alberta,Males,18 to 34 years,"Main source of stress in day-to-day life, health",3.2,1.7,6.0,percent,percent,E
2016,2016,Alberta,Males,18 to 34 years,"Main source of stress in day-to-day life, none",2.9,1.9,4.6,percent,percent,E
2016,2016,Alberta,Males,18 to 34 years,"Main source of stress in day-to-day life, other",3.5,1.9,6.7,percent,percent,E
2016,2016,Alberta,Males,18 to 34 years,"Main source of stress in day-to-day life, school work (12 to 34 years old)",10.0,7.2,13.8,percent,percent,E
2016,2016,Alberta,Males,18 to 34 years,"Main source of stress in day-to-day life, time pressures/ not enough time",12.8,10.0,16.3,percent,percent,
2016,2016,Alberta,Males,18 to 34 years,"Main source of stress in day-to-day life, work",36.0,31.7,40.4,percent,percent,
2016,2016,Alberta,Males,35 to 49 years,"Ability to handle the day-to-day demands in life, good or excellent",90.0,86.3,92.7,percent,percent,
2016,2016,Alberta,Males,35 to 49 years,"Ability to handle unexpected and difficult problems, good or excellent",85.9,81.8,89.2,percent,percent,
2016,2016,Alberta,Males,35 to 49 years,"Main source of stress in day-to-day life, family",10.3,7.5,14.1,percent,percent,E
2016,2016,Alberta,Males,35 to 49 years,"Main source of stress in day-to-day life, financial concerns",26.8,22.4,31.6,percent,percent,
2016,2016,Alberta,Males,35 to 49 years,"Main source of stress in day-to-day life, health",2.1,1.1,3.7,percent,percent,E
2016,2016,Alberta,Males,35 to 49 years,"Main source of stress in day-to-day life, none",5.3,3.4,8.2,percent,percent,E
2016,2016,Alberta,Males,35 to 49 years,"Main source of stress in day-to-day life, other",1.7,1.0,2.8,percent,percent,E
2016,2016,Alberta,Males,35 to 49 years,"Main source of stress in day-to-day life, time pressures/ not enough time",12.9,9.8,16.9,percent,percent,
2016,2016,Alberta,Males,35 to 49 years,"Main source of stress in day-to-day life, work",40.1,35.3,45.2,percent,percent,
2016,2016,Alberta,Males,50 to 64 years,"Ability to handle the day-to-day demands in life, good or excellent",91.6,88.7,93.9,percent,percent,
2016,2016,Alberta,Males,50 to 64 years,"Ability to handle unexpected and difficult problems, good or excellent",85.5,80.9,89.1,percent,percent,
2016,2016,Alberta,Males,50 to 64 years,"Main source of stress in day-to-day life, family",13.3,10.1,17.3,percent,percent,
2016,2016,Alberta,Males,50 to 64 years,"Main source of stress in day-to-day life, financial concerns",21.2,17.2,25.8,percent,percent,
2016,2016,Alberta,Males,50 to 64 years,"Main source of stress in day-to-day life, health",5.7,4.1,7.8,percent,percent,E
2016,2016,Alberta,Males,50 to 64 years,"Main source of stress in day-to-day life, none",11.1,8.1,15.0,percent,percent,E
2016,2016,Alberta,Males,50 to 64 years,"Main source of stress in day-to-day life, other",3.0,1.9,4.7,percent,percent,E
2016,2016,Alberta,Males,50 to 64 years,"Main source of stress in day-to-day life, time pressures/ not enough time",10.8,7.6,15.1,percent,percent,E
2016,2016,Alberta,Males,50 to 64 years,"Main source of stress in day-to-day life, work",34.9,30.0,40.2,percent,percent,
2016,2016,Alberta,Males,65 years and over,"Ability to handle the day-to-day demands in life, good or excellent",93.4,90.6,95.4,percent,percent,
2016,2016,Alberta,Males,65 years and over,"Ability to handle unexpected and difficult problems, good or excellent",88.1,84.5,91.0,percent,percent,
2016,2016,Alberta,Males,65 years and over,"Main source of stress in day-to-day life, family",17.3,13.4,22.1,percent,percent,
2016,2016,Alberta,Males,65 years and over,"Main source of stress in day-to-day life, financial concerns",14.7,11.2,19.0,percent,percent,
2016,2016,Alberta,Males,65 years and over,"Main source of stress in day-to-day life, health",20.2,16.3,24.6,percent,percent,
2016,2016,Alberta,Males,65 years and over,"Main source of stress in day-to-day life, none",29.1,24.2,34.4,percent,percent,
2016,2016,Alberta,Males,65 years and over,"Main source of stress in day-to-day life, other",4.4,2.9,6.5,percent,percent,E
2016,2016,Alberta,Males,65 years and over,"Main source of stress in day-to-day life, time pressures/ not enough time",8.0,5.1,12.4,percent,percent,E
2016,2016,Alberta,Males,65 years and over,"Main source of stress in day-to-day life, work",6.4,4.1,9.8,percent,percent,E
2016,2016,Alberta,Males,"Total, 12 years and over","Ability to handle the day-to-day demands in life, good or excellent",90.2,88.6,91.7,percent,percent,
2016,2016,Alberta,Males,"Total, 12 years and over","Ability to handle unexpected and difficult problems, good or excellent",84.8,83.1,86.5,percent,percent,
2016,2016,Alberta,Males,"Total, 12 years and over","Main source of stress in day-to-day life, family",10.5,9.0,12.2,percent,percent,
2016,2016,Alberta,Males,"Total, 12 years and over","Main source of stress in day-to-day life, financial concerns",21.7,19.5,24.1,percent,percent,
2016,2016,Alberta,Males,"Total, 12 years and over","Main source of stress in day-to-day life, health",5.3,4.4,6.4,percent,percent,
2016,2016,Alberta,Males,"Total, 12 years and over","Main source of stress in day-to-day life, none",9.1,7.9,10.5,percent,percent,
2016,2016,Alberta,Males,"Total, 12 years and over","Main source of stress in day-to-day life, other",2.9,2.2,3.9,percent,percent,
2016,2016,Alberta,Males,"Total, 12 years and over","Main source of stress in day-to-day life, school work (12 to 34 years old)",19.6,16.6,23.0,percent,percent,
2016,2016,Alberta,Males,"Total, 12 years and over","Main source of stress in day-to-day life, time pressures/ not enough time",11.7,10.0,13.6,percent,percent,
2016,2016,Alberta,Males,"Total, 12 years and over","Main source of stress in day-to-day life, work",31.1,28.9,33.5,percent,percent,
2016,2016,British Columbia,Both sexes,12 to 17 years,"Ability to handle the day-to-day demands in life, good or excellent",89.3,85.1,92.4,percent,percent,
2016,2016,British Columbia,Both sexes,12 to 17 years,"Ability to handle unexpected and difficult problems, good or excellent",76.6,71.0,81.5,percent,percent,
2016,2016,British Columbia,Both sexes,12 to 17 years,"Main source of stress in day-to-day life, family",8.6,6.1,12.0,percent,percent,E
2016,2016,British Columbia,Both sexes,12 to 17 years,"Main source of stress in day-to-day life, none",8.7,6.0,12.7,percent,percent,E
2016,2016,British Columbia,Both sexes,12 to 17 years,"Main source of stress in day-to-day life, other",2.2,1.2,4.0,percent,percent,E
2016,2016,British Columbia,Both sexes,12 to 17 years,"Main source of stress in day-to-day life, school work (12 to 34 years old)",61.4,55.8,66.8,percent,percent,
2016,2016,British Columbia,Both sexes,12 to 17 years,"Main source of stress in day-to-day life, time pressures/ not enough time",14.7,10.9,19.6,percent,percent,E
2016,2016,British Columbia,Both sexes,18 to 34 years,"Ability to handle the day-to-day demands in life, good or excellent",87.7,85.0,90.0,percent,percent,
2016,2016,British Columbia,Both sexes,18 to 34 years,"Ability to handle unexpected and difficult problems, good or excellent",76.0,72.6,79.1,percent,percent,
2016,2016,British Columbia,Both sexes,18 to 34 years,"Main source of stress in day-to-day life, family",11.2,8.9,14.0,percent,percent,
2016,2016,British Columbia,Both sexes,18 to 34 years,"Main source of stress in day-to-day life, financial concerns",25.6,22.5,28.9,percent,percent,
2016,2016,British Columbia,Both sexes,18 to 34 years,"Main source of stress in day-to-day life, health",2.9,1.9,4.4,percent,percent,E
2016,2016,British Columbia,Both sexes,18 to 34 years,"Main source of stress in day-to-day life, none",3.7,2.6,5.3,percent,percent,E
2016,2016,British Columbia,Both sexes,18 to 34 years,"Main source of stress in day-to-day life, other",2.3,1.6,3.2,percent,percent,E
2016,2016,British Columbia,Both sexes,18 to 34 years,"Main source of stress in day-to-day life, school work (12 to 34 years old)",12.8,10.1,16.1,percent,percent,
2016,2016,British Columbia,Both sexes,18 to 34 years,"Main source of stress in day-to-day life, time pressures/ not enough time",13.8,11.0,17.1,percent,percent,
2016,2016,British Columbia,Both sexes,18 to 34 years,"Main source of stress in day-to-day life, work",27.8,24.6,31.2,percent,percent,
2016,2016,British Columbia,Both sexes,35 to 49 years,"Ability to handle the day-to-day demands in life, good or excellent",87.1,84.0,89.7,percent,percent,
2016,2016,British Columbia,Both sexes,35 to 49 years,"Ability to handle unexpected and difficult problems, good or excellent",81.8,78.7,84.6,percent,percent,
2016,2016,British Columbia,Both sexes,35 to 49 years,"Main source of stress in day-to-day life, family",18.5,15.7,21.7,percent,percent,
2016,2016,British Columbia,Both sexes,35 to 49 years,"Main source of stress in day-to-day life, financial concerns",24.5,21.5,27.8,percent,percent,
2016,2016,British Columbia,Both sexes,35 to 49 years,"Main source of stress in day-to-day life, health",4.9,3.4,7.0,percent,percent,E
2016,2016,British Columbia,Both sexes,35 to 49 years,"Main source of stress in day-to-day life, none",4.0,2.7,5.7,percent,percent,E
2016,2016,British Columbia,Both sexes,35 to 49 years,"Main source of stress in day-to-day life, other",2.5,1.6,4.0,percent,percent,E
2016,2016,British Columbia,Both sexes,35 to 49 years,"Main source of stress in day-to-day life, time pressures/ not enough time",16.2,13.2,19.6,percent,percent,
2016,2016,British Columbia,Both sexes,35 to 49 years,"Main source of stress in day-to-day life, work",28.1,24.9,31.6,percent,percent,
2016,2016,British Columbia,Both sexes,50 to 64 years,"Ability to handle the day-to-day demands in life, good or excellent",89.5,87.0,91.6,percent,percent,
2016,2016,British Columbia,Both sexes,50 to 64 years,"Ability to handle unexpected and difficult problems, good or excellent",81.6,78.5,84.4,percent,percent,
2016,2016,British Columbia,Both sexes,50 to 64 years,"Main source of stress in day-to-day life, family",21.6,19.1,24.4,percent,percent,
2016,2016,British Columbia,Both sexes,50 to 64 years,"Main source of stress in day-to-day life, financial concerns",20.5,17.9,23.5,percent,percent,
2016,2016,British Columbia,Both sexes,50 to 64 years,"Main source of stress in day-to-day life, health",7.6,6.0,9.6,percent,percent,
2016,2016,British Columbia,Both sexes,50 to 64 years,"Main source of stress in day-to-day life, none",10.8,8.5,13.5,percent,percent,
2016,2016,British Columbia,Both sexes,50 to 64 years,"Main source of stress in day-to-day life, other",3.9,2.9,5.4,percent,percent,E
2016,2016,British Columbia,Both sexes,50 to 64 years,"Main source of stress in day-to-day life, time pressures/ not enough time",6.9,5.2,9.2,percent,percent,
2016,2016,British Columbia,Both sexes,50 to 64 years,"Main source of stress in day-to-day life, work",28.5,25.3,32.0,percent,percent,
2016,2016,British Columbia,Both sexes,65 years and over,"Ability to handle the day-to-day demands in life, good or excellent",90.7,88.7,92.4,percent,percent,
2016,2016,British Columbia,Both sexes,65 years and over,"Ability to handle unexpected and difficult problems, good or excellent",84.8,82.4,86.9,percent,percent,
2016,2016,British Columbia,Both sexes,65 years and over,"Main source of stress in day-to-day life, family",29.4,26.6,32.3,percent,percent,
2016,2016,British Columbia,Both sexes,65 years and over,"Main source of stress in day-to-day life, financial concerns",13.8,11.7,16.3,percent,percent,
2016,2016,British Columbia,Both sexes,65 years and over,"Main source of stress in day-to-day life, health",17.5,15.1,20.1,percent,percent,
2016,2016,British Columbia,Both sexes,65 years and over,"Main source of stress in day-to-day life, none",23.1,20.6,25.7,percent,percent,
2016,2016,British Columbia,Both sexes,65 years and over,"Main source of stress in day-to-day life, other",6.2,4.8,8.1,percent,percent,
2016,2016,British Columbia,Both sexes,65 years and over,"Main source of stress in day-to-day life, time pressures/ not enough time",5.2,4.1,6.6,percent,percent,
2016,2016,British Columbia,Both sexes,65 years and over,"Main source of stress in day-to-day life, work",4.7,3.7,6.1,percent,percent,
2016,2016,British Columbia,Both sexes,"Total, 12 years and over","Ability to handle the day-to-day demands in life, good or excellent",88.7,87.5,89.8,percent,percent,
2016,2016,British Columbia,Both sexes,"Total, 12 years and over","Ability to handle unexpected and difficult problems, good or excellent",80.4,79.0,81.8,percent,percent,
2016,2016,British Columbia,Both sexes,"Total, 12 years and over","Main source of stress in day-to-day life, family",18.7,17.5,20.0,percent,percent,
2016,2016,British Columbia,Both sexes,"Total, 12 years and over","Main source of stress in day-to-day life, financial concerns",20.2,18.9,21.6,percent,percent,
2016,2016,British Columbia,Both sexes,"Total, 12 years and over","Main source of stress in day-to-day life, health",7.2,6.4,8.1,percent,percent,
2016,2016,British Columbia,Both sexes,"Total, 12 years and over","Main source of stress in day-to-day life, none",9.5,8.6,10.5,percent,percent,
2016,2016,British Columbia,Both sexes,"Total, 12 years and over","Main source of stress in day-to-day life, other",3.5,3.0,4.1,percent,percent,
2016,2016,British Columbia,Both sexes,"Total, 12 years and over","Main source of stress in day-to-day life, school work (12 to 34 years old)",22.7,20.2,25.5,percent,percent,
2016,2016,British Columbia,Both sexes,"Total, 12 years and over","Main source of stress in day-to-day life, time pressures/ not enough time",11.1,9.9,12.5,percent,percent,
2016,2016,British Columbia,Both sexes,"Total, 12 years and over","Main source of stress in day-to-day life, work",21.9,20.5,23.5,percent,percent,
2016,2016,British Columbia,Females,12 to 17 years,"Ability to handle the day-to-day demands in life, good or excellent",88.5,81.6,93.0,percent,percent,
2016,2016,British Columbia,Females,12 to 17 years,"Ability to handle unexpected and difficult problems, good or excellent",74.9,66.5,81.8,percent,percent,
2016,2016,British Columbia,Females,12 to 17 years,"Main source of stress in day-to-day life, family",7.4,4.3,12.5,percent,percent,E
2016,2016,British Columbia,Females,12 to 17 years,"Main source of stress in day-to-day life, none",5.5,3.1,9.6,percent,percent,E
2016,2016,British Columbia,Females,12 to 17 years,"Main source of stress in day-to-day life, school work (12 to 34 years old)",66.1,57.8,73.5,percent,percent,
2016,2016,British Columbia,Females,12 to 17 years,"Main source of stress in day-to-day life, time pressures/ not enough time",15.8,10.2,23.8,percent,percent,E
2016,2016,British Columbia,Females,18 to 34 years,"Ability to handle the day-to-day demands in life, good or excellent",87.5,83.1,90.9,percent,percent,
2016,2016,British Columbia,Females,18 to 34 years,"Ability to handle unexpected and difficult problems, good or excellent",72.4,67.2,77.0,percent,percent,
2016,2016,British Columbia,Females,18 to 34 years,"Main source of stress in day-to-day life, family",11.9,9.0,15.6,percent,percent,
2016,2016,British Columbia,Females,18 to 34 years,"Main source of stress in day-to-day life, financial concerns",24.6,20.5,29.3,percent,percent,
2016,2016,British Columbia,Females,18 to 34 years,"Main source of stress in day-to-day life, health",3.2,1.9,5.3,percent,percent,E
2016,2016,British Columbia,Females,18 to 34 years,"Main source of stress in day-to-day life, none",3.7,2.2,6.1,percent,percent,E
2016,2016,British Columbia,Females,18 to 34 years,"Main source of stress in day-to-day life, other",1.5,0.8,2.8,percent,percent,E
2016,2016,British Columbia,Females,18 to 34 years,"Main source of stress in day-to-day life, school work (12 to 34 years old)",13.4,10.0,17.8,percent,percent,
2016,2016,British Columbia,Females,18 to 34 years,"Main source of stress in day-to-day life, time pressures/ not enough time",15.1,11.5,19.6,percent,percent,
2016,2016,British Columbia,Females,18 to 34 years,"Main source of stress in day-to-day life, work",26.6,21.8,32.0,percent,percent,
2016,2016,British Columbia,Females,35 to 49 years,"Ability to handle the day-to-day demands in life, good or excellent",87.7,83.8,90.8,percent,percent,
2016,2016,British Columbia,Females,35 to 49 years,"Ability to handle unexpected and difficult problems, good or excellent",80.6,76.2,84.4,percent,percent,
2016,2016,British Columbia,Females,35 to 49 years,"Main source of stress in day-to-day life, family",23.8,19.7,28.3,percent,percent,
2016,2016,British Columbia,Females,35 to 49 years,"Main source of stress in day-to-day life, financial concerns",25.4,21.1,30.3,percent,percent,
2016,2016,British Columbia,Females,35 to 49 years,"Main source of stress in day-to-day life, health",5.9,4.0,8.8,percent,percent,E
2016,2016,British Columbia,Females,35 to 49 years,"Main source of stress in day-to-day life, none",3.0,1.8,5.0,percent,percent,E
2016,2016,British Columbia,Females,35 to 49 years,"Main source of stress in day-to-day life, other",2.0,1.1,3.6,percent,percent,E
2016,2016,British Columbia,Females,35 to 49 years,"Main source of stress in day-to-day life, time pressures/ not enough time",14.9,11.8,18.6,percent,percent,
2016,2016,British Columbia,Females,35 to 49 years,"Main source of stress in day-to-day life, work",23.8,20.0,28.2,percent,percent,
2016,2016,British Columbia,Females,50 to 64 years,"Ability to handle the day-to-day demands in life, good or excellent",88.1,84.1,91.2,percent,percent,
2016,2016,British Columbia,Females,50 to 64 years,"Ability to handle unexpected and difficult problems, good or excellent",79.5,74.7,83.6,percent,percent,
2016,2016,British Columbia,Females,50 to 64 years,"Main source of stress in day-to-day life, family",26.5,22.6,31.0,percent,percent,
2016,2016,British Columbia,Females,50 to 64 years,"Main source of stress in day-to-day life, financial concerns",17.4,14.4,21.0,percent,percent,
2016,2016,British Columbia,Females,50 to 64 years,"Main source of stress in day-to-day life, health",8.1,5.9,11.0,percent,percent,E
2016,2016,British Columbia,Females,50 to 64 years,"Main source of stress in day-to-day life, none",10.3,7.3,14.4,percent,percent,E
2016,2016,British Columbia,Females,50 to 64 years,"Main source of stress in day-to-day life, other",3.3,1.9,5.5,percent,percent,E
2016,2016,British Columbia,Females,50 to 64 years,"Main source of stress in day-to-day life, time pressures/ not enough time",9.0,6.1,12.9,percent,percent,E
2016,2016,British Columbia,Females,50 to 64 years,"Main source of stress in day-to-day life, work",25.3,21.4,29.7,percent,percent,
2016,2016,British Columbia,Females,65 years and over,"Ability to handle the day-to-day demands in life, good or excellent",90.7,88.0,92.9,percent,percent,
2016,2016,British Columbia,Females,65 years and over,"Ability to handle unexpected and difficult problems, good or excellent",83.0,79.6,85.9,percent,percent,
2016,2016,British Columbia,Females,65 years and over,"Main source of stress in day-to-day life, family",35.7,31.9,39.7,percent,percent,
2016,2016,British Columbia,Females,65 years and over,"Main source of stress in day-to-day life, financial concerns",11.3,9.2,13.9,percent,percent,
2016,2016,British Columbia,Females,65 years and over,"Main source of stress in day-to-day life, health",19.0,15.7,22.9,percent,percent,
2016,2016,British Columbia,Females,65 years and over,"Main source of stress in day-to-day life, none",19.2,16.3,22.5,percent,percent,
2016,2016,British Columbia,Females,65 years and over,"Main source of stress in day-to-day life, other",6.4,4.3,9.4,percent,percent,E
2016,2016,British Columbia,Females,65 years and over,"Main source of stress in day-to-day life, time pressures/ not enough time",5.6,4.0,7.8,percent,percent,E
2016,2016,British Columbia,Females,65 years and over,"Main source of stress in day-to-day life, work",2.7,1.7,4.0,percent,percent,E
2016,2016,British Columbia,Females,"Total, 12 years and over","Ability to handle the day-to-day demands in life, good or excellent",88.4,86.6,90.0,percent,percent,
2016,2016,British Columbia,Females,"Total, 12 years and over","Ability to handle unexpected and difficult problems, good or excellent",78.3,76.1,80.3,percent,percent,
2016,2016,British Columbia,Females,"Total, 12 years and over","Main source of stress in day-to-day life, family",22.6,20.9,24.5,percent,percent,
2016,2016,British Columbia,Females,"Total, 12 years and over","Main source of stress in day-to-day life, financial concerns",18.9,17.1,20.7,percent,percent,
2016,2016,British Columbia,Females,"Total, 12 years and over","Main source of stress in day-to-day life, health",8.1,7.0,9.4,percent,percent,
2016,2016,British Columbia,Females,"Total, 12 years and over","Main source of stress in day-to-day life, none",8.3,7.2,9.6,percent,percent,
2016,2016,British Columbia,Females,"Total, 12 years and over","Main source of stress in day-to-day life, other",3.0,2.3,3.9,percent,percent,
2016,2016,British Columbia,Females,"Total, 12 years and over","Main source of stress in day-to-day life, school work (12 to 34 years old)",24.1,20.8,27.8,percent,percent,
2016,2016,British Columbia,Females,"Total, 12 years and over","Main source of stress in day-to-day life, time pressures/ not enough time",11.7,10.2,13.5,percent,percent,
2016,2016,British Columbia,Females,"Total, 12 years and over","Main source of stress in day-to-day life, work",19.2,17.4,21.2,percent,percent,
2016,2016,British Columbia,Males,12 to 17 years,"Ability to handle the day-to-day demands in life, good or excellent",90.1,84.4,93.9,percent,percent,
2016,2016,British Columbia,Males,12 to 17 years,"Ability to handle unexpected and difficult problems, good or excellent",78.4,70.8,84.4,percent,percent,
2016,2016,British Columbia,Males,12 to 17 years,"Main source of stress in day-to-day life, family",9.7,6.3,14.7,percent,percent,E
2016,2016,British Columbia,Males,12 to 17 years,"Main source of stress in day-to-day life, none",11.9,7.3,18.8,percent,percent,E
2016,2016,British Columbia,Males,12 to 17 years,"Main source of stress in day-to-day life, school work (12 to 34 years old)",56.9,49.0,64.5,percent,percent,
2016,2016,British Columbia,Males,12 to 17 years,"Main source of stress in day-to-day life, time pressures/ not enough time",13.7,9.0,20.2,percent,percent,E
2016,2016,British Columbia,Males,18 to 34 years,"Ability to handle the day-to-day demands in life, good or excellent",87.8,84.0,90.8,percent,percent,
2016,2016,British Columbia,Males,18 to 34 years,"Ability to handle unexpected and difficult problems, good or excellent",79.6,74.9,83.6,percent,percent,
2016,2016,British Columbia,Males,18 to 34 years,"Main source of stress in day-to-day life, family",10.5,7.2,15.0,percent,percent,E
2016,2016,British Columbia,Males,18 to 34 years,"Main source of stress in day-to-day life, financial concerns",26.5,22.1,31.4,percent,percent,
2016,2016,British Columbia,Males,18 to 34 years,"Main source of stress in day-to-day life, health",2.6,1.3,5.1,percent,percent,E
2016,2016,British Columbia,Males,18 to 34 years,"Main source of stress in day-to-day life, none",3.8,2.3,6.3,percent,percent,E
2016,2016,British Columbia,Males,18 to 34 years,"Main source of stress in day-to-day life, other",3.0,1.9,4.7,percent,percent,E
2016,2016,British Columbia,Males,18 to 34 years,"Main source of stress in day-to-day life, school work (12 to 34 years old)",12.2,8.4,17.2,percent,percent,E
2016,2016,British Columbia,Males,18 to 34 years,"Main source of stress in day-to-day life, time pressures/ not enough time",12.5,8.7,17.6,percent,percent,E
2016,2016,British Columbia,Males,18 to 34 years,"Main source of stress in day-to-day life, work",28.9,24.5,33.9,percent,percent,
2016,2016,British Columbia,Males,35 to 49 years,"Ability to handle the day-to-day demands in life, good or excellent",86.5,81.6,90.3,percent,percent,
2016,2016,British Columbia,Males,35 to 49 years,"Ability to handle unexpected and difficult problems, good or excellent",83.1,78.3,87.1,percent,percent,
2016,2016,British Columbia,Males,35 to 49 years,"Main source of stress in day-to-day life, family",13.1,9.4,18.0,percent,percent,E
2016,2016,British Columbia,Males,35 to 49 years,"Main source of stress in day-to-day life, financial concerns",23.6,19.6,28.1,percent,percent,
2016,2016,British Columbia,Males,35 to 49 years,"Main source of stress in day-to-day life, health",3.9,2.1,7.2,percent,percent,E
2016,2016,British Columbia,Males,35 to 49 years,"Main source of stress in day-to-day life, none",4.9,2.9,8.2,percent,percent,E
2016,2016,British Columbia,Males,35 to 49 years,"Main source of stress in day-to-day life, other",3.1,1.6,5.9,percent,percent,E
2016,2016,British Columbia,Males,35 to 49 years,"Main source of stress in day-to-day life, time pressures/ not enough time",17.5,12.9,23.4,percent,percent,E
2016,2016,British Columbia,Males,35 to 49 years,"Main source of stress in day-to-day life, work",32.5,27.1,38.4,percent,percent,
2016,2016,British Columbia,Males,50 to 64 years,"Ability to handle the day-to-day demands in life, good or excellent",91.0,87.7,93.5,percent,percent,
2016,2016,British Columbia,Males,50 to 64 years,"Ability to handle unexpected and difficult problems, good or excellent",83.8,79.9,87.1,percent,percent,
2016,2016,British Columbia,Males,50 to 64 years,"Main source of stress in day-to-day life, family",16.5,13.4,20.3,percent,percent,
2016,2016,British Columbia,Males,50 to 64 years,"Main source of stress in day-to-day life, financial concerns",23.7,19.3,28.6,percent,percent,
2016,2016,British Columbia,Males,50 to 64 years,"Main source of stress in day-to-day life, health",7.1,4.9,10.2,percent,percent,E
2016,2016,British Columbia,Males,50 to 64 years,"Main source of stress in day-to-day life, none",11.2,8.2,15.1,percent,percent,E
2016,2016,British Columbia,Males,50 to 64 years,"Main source of stress in day-to-day life, other",4.6,3.0,7.0,percent,percent,E
2016,2016,British Columbia,Males,50 to 64 years,"Main source of stress in day-to-day life, time pressures/ not enough time",4.8,3.1,7.4,percent,percent,E
2016,2016,British Columbia,Males,50 to 64 years,"Main source of stress in day-to-day life, work",31.8,26.9,37.2,percent,percent,
2016,2016,British Columbia,Males,65 years and over,"Ability to handle the day-to-day demands in life, good or excellent",90.7,87.4,93.2,percent,percent,
2016,2016,British Columbia,Males,65 years and over,"Ability to handle unexpected and difficult problems, good or excellent",86.9,83.2,89.8,percent,percent,
2016,2016,British Columbia,Males,65 years and over,"Main source of stress in day-to-day life, family",22.1,18.5,26.2,percent,percent,
2016,2016,British Columbia,Males,65 years and over,"Main source of stress in day-to-day life, financial concerns",16.7,12.8,21.6,percent,percent,
2016,2016,British Columbia,Males,65 years and over,"Main source of stress in day-to-day life, health",15.8,12.7,19.4,percent,percent,
2016,2016,British Columbia,Males,65 years and over,"Main source of stress in day-to-day life, none",27.5,23.2,32.2,percent,percent,
2016,2016,British Columbia,Males,65 years and over,"Main source of stress in day-to-day life, other",6.1,4.3,8.5,percent,percent,E
2016,2016,British Columbia,Males,65 years and over,"Main source of stress in day-to-day life, time pressures/ not enough time",4.7,3.3,6.6,percent,percent,E
2016,2016,British Columbia,Males,65 years and over,"Main source of stress in day-to-day life, work",7.1,5.1,9.9,percent,percent,E
2016,2016,British Columbia,Males,"Total, 12 years and over","Ability to handle the day-to-day demands in life, good or excellent",89.0,87.2,90.5,percent,percent,
2016,2016,British Columbia,Males,"Total, 12 years and over","Ability to handle unexpected and difficult problems, good or excellent",82.7,80.6,84.5,percent,percent,
2016,2016,British Columbia,Males,"Total, 12 years and over","Main source of stress in day-to-day life, family",14.6,12.8,16.6,percent,percent,
2016,2016,British Columbia,Males,"Total, 12 years and over","Main source of stress in day-to-day life, financial concerns",21.6,19.6,23.7,percent,percent,
2016,2016,British Columbia,Males,"Total, 12 years and over","Main source of stress in day-to-day life, health",6.3,5.2,7.5,percent,percent,
2016,2016,British Columbia,Males,"Total, 12 years and over","Main source of stress in day-to-day life, none",10.7,9.3,12.3,percent,percent,
2016,2016,British Columbia,Males,"Total, 12 years and over","Main source of stress in day-to-day life, other",4.0,3.2,5.0,percent,percent,
2016,2016,British Columbia,Males,"Total, 12 years and over","Main source of stress in day-to-day life, school work (12 to 34 years old)",21.4,17.7,25.6,percent,percent,
2016,2016,British Columbia,Males,"Total, 12 years and over","Main source of stress in day-to-day life, time pressures/ not enough time",10.5,8.6,12.7,percent,percent,
2016,2016,British Columbia,Males,"Total, 12 years and over","Main source of stress in day-to-day life, work",24.7,22.4,27.2,percent,percent,
2016,2016,Canada (excluding territories),Both sexes,12 to 17 years,"Ability to handle the day-to-day demands in life, good or excellent",86.2,84.5,87.7,percent,percent,
2016,2016,Canada (excluding territories),Both sexes,12 to 17 years,"Ability to handle unexpected and difficult problems, good or excellent",74.1,72.1,76.0,percent,percent,
2016,2016,Canada (excluding territories),Both sexes,12 to 17 years,"Main source of stress in day-to-day life, family",7.0,6.1,7.9,percent,percent,
2016,2016,Canada (excluding territories),Both sexes,12 to 17 years,"Main source of stress in day-to-day life, financial concerns",1.3,0.9,1.7,percent,percent,E
2016,2016,Canada (excluding territories),Both sexes,12 to 17 years,"Main source of stress in day-to-day life, health",1.4,1.1,1.9,percent,percent,E
2016,2016,Canada (excluding territories),Both sexes,12 to 17 years,"Main source of stress in day-to-day life, none",10.1,8.9,11.5,percent,percent,
2016,2016,Canada (excluding territories),Both sexes,12 to 17 years,"Main source of stress in day-to-day life, other",2.7,2.1,3.4,percent,percent,
2016,2016,Canada (excluding territories),Both sexes,12 to 17 years,"Main source of stress in day-to-day life, school work (12 to 34 years old)",62.7,60.6,64.7,percent,percent,
2016,2016,Canada (excluding territories),Both sexes,12 to 17 years,"Main source of stress in day-to-day life, time pressures/ not enough time",12.4,11.0,14.0,percent,percent,
2016,2016,Canada (excluding territories),Both sexes,12 to 17 years,"Main source of stress in day-to-day life, work",2.5,2.0,3.1,percent,percent,
2016,2016,Canada (excluding territories),Both sexes,18 to 34 years,"Ability to handle the day-to-day demands in life, good or excellent",87.1,86.1,88.1,percent,percent,
2016,2016,Canada (excluding territories),Both sexes,18 to 34 years,"Ability to handle unexpected and difficult problems, good or excellent",76.5,75.1,77.8,percent,percent,
2016,2016,Canada (excluding territories),Both sexes,18 to 34 years,"Main source of stress in day-to-day life, family",9.6,8.8,10.4,percent,percent,
2016,2016,Canada (excluding territories),Both sexes,18 to 34 years,"Main source of stress in day-to-day life, financial concerns",24.2,22.9,25.4,percent,percent,
2016,2016,Canada (excluding territories),Both sexes,18 to 34 years,"Main source of stress in day-to-day life, health",3.7,3.2,4.3,percent,percent,
2016,2016,Canada (excluding territories),Both sexes,18 to 34 years,"Main source of stress in day-to-day life, none",5.2,4.6,5.9,percent,percent,
2016,2016,Canada (excluding territories),Both sexes,18 to 34 years,"Main source of stress in day-to-day life, other",2.8,2.3,3.3,percent,percent,
2016,2016,Canada (excluding territories),Both sexes,18 to 34 years,"Main source of stress in day-to-day life, school work (12 to 34 years old)",13.4,12.3,14.5,percent,percent,
2016,2016,Canada (excluding territories),Both sexes,18 to 34 years,"Main source of stress in day-to-day life, time pressures/ not enough time",13.4,12.3,14.5,percent,percent,
2016,2016,Canada (excluding territories),Both sexes,18 to 34 years,"Main source of stress in day-to-day life, work",27.8,26.5,29.1,percent,percent,
2016,2016,Canada (excluding territories),Both sexes,35 to 49 years,"Ability to handle the day-to-day demands in life, good or excellent",90.2,89.3,91.0,percent,percent,
2016,2016,Canada (excluding territories),Both sexes,35 to 49 years,"Ability to handle unexpected and difficult problems, good or excellent",82.9,81.6,84.2,percent,percent,
2016,2016,Canada (excluding territories),Both sexes,35 to 49 years,"Main source of stress in day-to-day life, family",16.1,15.0,17.2,percent,percent,
2016,2016,Canada (excluding territories),Both sexes,35 to 49 years,"Main source of stress in day-to-day life, financial concerns",23.0,21.7,24.4,percent,percent,
2016,2016,Canada (excluding territories),Both sexes,35 to 49 years,"Main source of stress in day-to-day life, health",4.5,4.0,5.2,percent,percent,
2016,2016,Canada (excluding territories),Both sexes,35 to 49 years,"Main source of stress in day-to-day life, none",6.1,5.3,6.9,percent,percent,
2016,2016,Canada (excluding territories),Both sexes,35 to 49 years,"Main source of stress in day-to-day life, other",2.5,2.1,2.9,percent,percent,
2016,2016,Canada (excluding territories),Both sexes,35 to 49 years,"Main source of stress in day-to-day life, time pressures/ not enough time",14.8,13.8,15.9,percent,percent,
2016,2016,Canada (excluding territories),Both sexes,35 to 49 years,"Main source of stress in day-to-day life, work",32.1,30.7,33.5,percent,percent,
2016,2016,Canada (excluding territories),Both sexes,50 to 64 years,"Ability to handle the day-to-day demands in life, good or excellent",90.4,89.6,91.2,percent,percent,
2016,2016,Canada (excluding territories),Both sexes,50 to 64 years,"Ability to handle unexpected and difficult problems, good or excellent",84.8,83.8,85.8,percent,percent,
2016,2016,Canada (excluding territories),Both sexes,50 to 64 years,"Main source of stress in day-to-day life, family",19.5,18.4,20.6,percent,percent,
2016,2016,Canada (excluding territories),Both sexes,50 to 64 years,"Main source of stress in day-to-day life, financial concerns",19.0,18.0,20.1,percent,percent,
2016,2016,Canada (excluding territories),Both sexes,50 to 64 years,"Main source of stress in day-to-day life, health",9.1,8.4,10.0,percent,percent,
2016,2016,Canada (excluding territories),Both sexes,50 to 64 years,"Main source of stress in day-to-day life, none",12.3,11.4,13.2,percent,percent,
2016,2016,Canada (excluding territories),Both sexes,50 to 64 years,"Main source of stress in day-to-day life, other",2.9,2.5,3.3,percent,percent,
2016,2016,Canada (excluding territories),Both sexes,50 to 64 years,"Main source of stress in day-to-day life, time pressures/ not enough time",8.4,7.6,9.2,percent,percent,
2016,2016,Canada (excluding territories),Both sexes,50 to 64 years,"Main source of stress in day-to-day life, work",28.6,27.4,29.9,percent,percent,
2016,2016,Canada (excluding territories),Both sexes,65 years and over,"Ability to handle the day-to-day demands in life, good or excellent",91.4,90.7,92.1,percent,percent,
2016,2016,Canada (excluding territories),Both sexes,65 years and over,"Ability to handle unexpected and difficult problems, good or excellent",85.3,84.3,86.2,percent,percent,
2016,2016,Canada (excluding territories),Both sexes,65 years and over,"Main source of stress in day-to-day life, family",26.3,25.2,27.5,percent,percent,
2016,2016,Canada (excluding territories),Both sexes,65 years and over,"Main source of stress in day-to-day life, financial concerns",12.8,11.9,13.8,percent,percent,
2016,2016,Canada (excluding territories),Both sexes,65 years and over,"Main source of stress in day-to-day life, health",16.7,15.9,17.7,percent,percent,
2016,2016,Canada (excluding territories),Both sexes,65 years and over,"Main source of stress in day-to-day life, none",29.2,28.0,30.4,percent,percent,
2016,2016,Canada (excluding territories),Both sexes,65 years and over,"Main source of stress in day-to-day life, other",4.6,4.1,5.2,percent,percent,
2016,2016,Canada (excluding territories),Both sexes,65 years and over,"Main source of stress in day-to-day life, time pressures/ not enough time",5.4,4.9,6.0,percent,percent,
2016,2016,Canada (excluding territories),Both sexes,65 years and over,"Main source of stress in day-to-day life, work",4.9,4.2,5.5,percent,percent,
2016,2016,Canada (excluding territories),Both sexes,"Total, 12 years and over","Ability to handle the day-to-day demands in life, good or excellent",89.3,88.9,89.8,percent,percent,
2016,2016,Canada (excluding territories),Both sexes,"Total, 12 years and over","Ability to handle unexpected and difficult problems, good or excellent",81.4,80.8,82.0,percent,percent,
2016,2016,Canada (excluding territories),Both sexes,"Total, 12 years and over","Main source of stress in day-to-day life, family",16.3,15.8,16.8,percent,percent,
2016,2016,Canada (excluding territories),Both sexes,"Total, 12 years and over","Main source of stress in day-to-day life, financial concerns",19.0,18.5,19.6,percent,percent,
2016,2016,Canada (excluding territories),Both sexes,"Total, 12 years and over","Main source of stress in day-to-day life, health",7.4,7.1,7.7,percent,percent,
2016,2016,Canada (excluding territories),Both sexes,"Total, 12 years and over","Main source of stress in day-to-day life, none",11.7,11.3,12.2,percent,percent,
2016,2016,Canada (excluding territories),Both sexes,"Total, 12 years and over","Main source of stress in day-to-day life, other",3.0,2.8,3.3,percent,percent,
2016,2016,Canada (excluding territories),Both sexes,"Total, 12 years and over","Main source of stress in day-to-day life, school work (12 to 34 years old)",23.7,22.7,24.7,percent,percent,
2016,2016,Canada (excluding territories),Both sexes,"Total, 12 years and over","Main source of stress in day-to-day life, time pressures/ not enough time",11.0,10.6,11.5,percent,percent,
2016,2016,Canada (excluding territories),Both sexes,"Total, 12 years and over","Main source of stress in day-to-day life, work",23.2,22.6,23.8,percent,percent,
2016,2016,Canada (excluding territories),Females,12 to 17 years,"Ability to handle the day-to-day demands in life, good or excellent",85.8,83.4,88.0,percent,percent,
2016,2016,Canada (excluding territories),Females,12 to 17 years,"Ability to handle unexpected and difficult problems, good or excellent",71.7,68.8,74.5,percent,percent,
2016,2016,Canada (excluding territories),Females,12 to 17 years,"Main source of stress in day-to-day life, family",7.0,5.8,8.4,percent,percent,
2016,2016,Canada (excluding territories),Females,12 to 17 years,"Main source of stress in day-to-day life, financial concerns",1.1,0.7,1.8,percent,percent,E
2016,2016,Canada (excluding territories),Females,12 to 17 years,"Main source of stress in day-to-day life, health",1.6,1.0,2.4,percent,percent,E
2016,2016,Canada (excluding territories),Females,12 to 17 years,"Main source of stress in day-to-day life, none",7.8,6.4,9.5,percent,percent,
2016,2016,Canada (excluding territories),Females,12 to 17 years,"Main source of stress in day-to-day life, other",2.7,1.8,3.9,percent,percent,E
2016,2016,Canada (excluding territories),Females,12 to 17 years,"Main source of stress in day-to-day life, school work (12 to 34 years old)",67.2,64.2,70.0,percent,percent,
2016,2016,Canada (excluding territories),Females,12 to 17 years,"Main source of stress in day-to-day life, time pressures/ not enough time",10.9,9.1,13.1,percent,percent,
2016,2016,Canada (excluding territories),Females,12 to 17 years,"Main source of stress in day-to-day life, work",1.8,1.3,2.4,percent,percent,E
2016,2016,Canada (excluding territories),Females,18 to 34 years,"Ability to handle the day-to-day demands in life, good or excellent",86.8,85.3,88.1,percent,percent,
2016,2016,Canada (excluding territories),Females,18 to 34 years,"Ability to handle unexpected and difficult problems, good or excellent",72.2,70.2,74.1,percent,percent,
2016,2016,Canada (excluding territories),Females,18 to 34 years,"Main source of stress in day-to-day life, family",11.9,10.7,13.2,percent,percent,
2016,2016,Canada (excluding territories),Females,18 to 34 years,"Main source of stress in day-to-day life, financial concerns",22.2,20.6,23.8,percent,percent,
2016,2016,Canada (excluding territories),Females,18 to 34 years,"Main source of stress in day-to-day life, health",4.6,3.8,5.5,percent,percent,
2016,2016,Canada (excluding territories),Females,18 to 34 years,"Main source of stress in day-to-day life, none",4.7,4.0,5.7,percent,percent,
2016,2016,Canada (excluding territories),Females,18 to 34 years,"Main source of stress in day-to-day life, other",2.7,2.0,3.5,percent,percent,
2016,2016,Canada (excluding territories),Females,18 to 34 years,"Main source of stress in day-to-day life, school work (12 to 34 years old)",15.1,13.5,16.8,percent,percent,
2016,2016,Canada (excluding territories),Females,18 to 34 years,"Main source of stress in day-to-day life, time pressures/ not enough time",15.1,13.7,16.8,percent,percent,
2016,2016,Canada (excluding territories),Females,18 to 34 years,"Main source of stress in day-to-day life, work",23.7,22.1,25.4,percent,percent,
2016,2016,Canada (excluding territories),Females,35 to 49 years,"Ability to handle the day-to-day demands in life, good or excellent",88.8,87.4,90.1,percent,percent,
2016,2016,Canada (excluding territories),Females,35 to 49 years,"Ability to handle unexpected and difficult problems, good or excellent",80.6,78.9,82.2,percent,percent,
2016,2016,Canada (excluding territories),Females,35 to 49 years,"Main source of stress in day-to-day life, family",20.1,18.4,21.8,percent,percent,
2016,2016,Canada (excluding territories),Females,35 to 49 years,"Main source of stress in day-to-day life, financial concerns",21.0,19.4,22.7,percent,percent,
2016,2016,Canada (excluding territories),Females,35 to 49 years,"Main source of stress in day-to-day life, health",5.4,4.5,6.4,percent,percent,
2016,2016,Canada (excluding territories),Females,35 to 49 years,"Main source of stress in day-to-day life, none",5.9,4.9,7.1,percent,percent,
2016,2016,Canada (excluding territories),Females,35 to 49 years,"Main source of stress in day-to-day life, other",2.5,2.0,3.1,percent,percent,
2016,2016,Canada (excluding territories),Females,35 to 49 years,"Main source of stress in day-to-day life, time pressures/ not enough time",16.8,15.4,18.4,percent,percent,
2016,2016,Canada (excluding territories),Females,35 to 49 years,"Main source of stress in day-to-day life, work",27.2,25.3,29.1,percent,percent,
2016,2016,Canada (excluding territories),Females,50 to 64 years,"Ability to handle the day-to-day demands in life, good or excellent",89.9,88.7,90.9,percent,percent,
2016,2016,Canada (excluding territories),Females,50 to 64 years,"Ability to handle unexpected and difficult problems, good or excellent",82.8,81.1,84.3,percent,percent,
2016,2016,Canada (excluding territories),Females,50 to 64 years,"Main source of stress in day-to-day life, family",24.6,23.0,26.3,percent,percent,
2016,2016,Canada (excluding territories),Females,50 to 64 years,"Main source of stress in day-to-day life, financial concerns",17.3,15.8,18.8,percent,percent,
2016,2016,Canada (excluding territories),Females,50 to 64 years,"Main source of stress in day-to-day life, health",9.9,8.8,11.2,percent,percent,
2016,2016,Canada (excluding territories),Females,50 to 64 years,"Main source of stress in day-to-day life, none",11.4,10.2,12.7,percent,percent,
2016,2016,Canada (excluding territories),Females,50 to 64 years,"Main source of stress in day-to-day life, other",2.6,2.2,3.1,percent,percent,
2016,2016,Canada (excluding territories),Females,50 to 64 years,"Main source of stress in day-to-day life, time pressures/ not enough time",9.2,8.1,10.5,percent,percent,
2016,2016,Canada (excluding territories),Females,50 to 64 years,"Main source of stress in day-to-day life, work",24.8,23.2,26.5,percent,percent,
2016,2016,Canada (excluding territories),Females,65 years and over,"Ability to handle the day-to-day demands in life, good or excellent",90.7,89.7,91.5,percent,percent,
2016,2016,Canada (excluding territories),Females,65 years and over,"Ability to handle unexpected and difficult problems, good or excellent",83.4,82.1,84.6,percent,percent,
2016,2016,Canada (excluding territories),Females,65 years and over,"Main source of stress in day-to-day life, family",32.5,30.9,34.2,percent,percent,
2016,2016,Canada (excluding territories),Females,65 years and over,"Main source of stress in day-to-day life, financial concerns",11.4,10.2,12.7,percent,percent,
2016,2016,Canada (excluding territories),Females,65 years and over,"Main source of stress in day-to-day life, health",17.6,16.4,18.9,percent,percent,
2016,2016,Canada (excluding territories),Females,65 years and over,"Main source of stress in day-to-day life, none",25.6,24.2,27.1,percent,percent,
2016,2016,Canada (excluding territories),Females,65 years and over,"Main source of stress in day-to-day life, other",4.5,3.9,5.2,percent,percent,
2016,2016,Canada (excluding territories),Females,65 years and over,"Main source of stress in day-to-day life, time pressures/ not enough time",5.4,4.7,6.3,percent,percent,
2016,2016,Canada (excluding territories),Females,65 years and over,"Main source of stress in day-to-day life, work",2.9,2.3,3.7,percent,percent,
2016,2016,Canada (excluding territories),Females,"Total, 12 years and over","Ability to handle the day-to-day demands in life, good or excellent",88.7,88.1,89.3,percent,percent,
2016,2016,Canada (excluding territories),Females,"Total, 12 years and over","Ability to handle unexpected and difficult problems, good or excellent",78.8,78.0,79.6,percent,percent,
2016,2016,Canada (excluding territories),Females,"Total, 12 years and over","Main source of stress in day-to-day life, family",20.5,19.7,21.2,percent,percent,
2016,2016,Canada (excluding territories),Females,"Total, 12 years and over","Main source of stress in day-to-day life, financial concerns",17.2,16.5,18.0,percent,percent,
2016,2016,Canada (excluding territories),Females,"Total, 12 years and over","Main source of stress in day-to-day life, health",8.3,7.8,8.8,percent,percent,
2016,2016,Canada (excluding territories),Females,"Total, 12 years and over","Main source of stress in day-to-day life, none",10.8,10.3,11.3,percent,percent,
2016,2016,Canada (excluding territories),Females,"Total, 12 years and over","Main source of stress in day-to-day life, other",2.9,2.7,3.3,percent,percent,
2016,2016,Canada (excluding territories),Females,"Total, 12 years and over","Main source of stress in day-to-day life, school work (12 to 34 years old)",25.8,24.4,27.3,percent,percent,
2016,2016,Canada (excluding territories),Females,"Total, 12 years and over","Main source of stress in day-to-day life, time pressures/ not enough time",12.0,11.3,12.6,percent,percent,
2016,2016,Canada (excluding territories),Females,"Total, 12 years and over","Main source of stress in day-to-day life, work",19.4,18.6,20.1,percent,percent,
2016,2016,Canada (excluding territories),Males,12 to 17 years,"Ability to handle the day-to-day demands in life, good or excellent",86.5,84.3,88.5,percent,percent,
2016,2016,Canada (excluding territories),Males,12 to 17 years,"Ability to handle unexpected and difficult problems, good or excellent",76.4,73.5,79.0,percent,percent,
2016,2016,Canada (excluding territories),Males,12 to 17 years,"Main source of stress in day-to-day life, family",6.9,5.7,8.4,percent,percent,
2016,2016,Canada (excluding territories),Males,12 to 17 years,"Main source of stress in day-to-day life, financial concerns",1.4,0.9,2.1,percent,percent,E
2016,2016,Canada (excluding territories),Males,12 to 17 years,"Main source of stress in day-to-day life, health",1.3,0.9,2.0,percent,percent,E
2016,2016,Canada (excluding territories),Males,12 to 17 years,"Main source of stress in day-to-day life, none",12.3,10.3,14.5,percent,percent,
2016,2016,Canada (excluding territories),Males,12 to 17 years,"Main source of stress in day-to-day life, other",2.7,2.0,3.7,percent,percent,E
2016,2016,Canada (excluding territories),Males,12 to 17 years,"Main source of stress in day-to-day life, school work (12 to 34 years old)",58.3,55.3,61.3,percent,percent,
2016,2016,Canada (excluding territories),Males,12 to 17 years,"Main source of stress in day-to-day life, time pressures/ not enough time",13.9,11.8,16.3,percent,percent,
2016,2016,Canada (excluding territories),Males,12 to 17 years,"Main source of stress in day-to-day life, work",3.2,2.3,4.3,percent,percent,E
2016,2016,Canada (excluding territories),Males,18 to 34 years,"Ability to handle the day-to-day demands in life, good or excellent",87.5,85.9,88.8,percent,percent,
2016,2016,Canada (excluding territories),Males,18 to 34 years,"Ability to handle unexpected and difficult problems, good or excellent",80.7,78.8,82.5,percent,percent,
2016,2016,Canada (excluding territories),Males,18 to 34 years,"Main source of stress in day-to-day life, family",7.2,6.2,8.4,percent,percent,
2016,2016,Canada (excluding territories),Males,18 to 34 years,"Main source of stress in day-to-day life, financial concerns",26.2,24.2,28.2,percent,percent,
2016,2016,Canada (excluding territories),Males,18 to 34 years,"Main source of stress in day-to-day life, health",2.9,2.3,3.6,percent,percent,
2016,2016,Canada (excluding territories),Males,18 to 34 years,"Main source of stress in day-to-day life, none",5.7,4.8,6.8,percent,percent,
2016,2016,Canada (excluding territories),Males,18 to 34 years,"Main source of stress in day-to-day life, other",2.8,2.2,3.6,percent,percent,
2016,2016,Canada (excluding territories),Males,18 to 34 years,"Main source of stress in day-to-day life, school work (12 to 34 years old)",11.7,10.2,13.3,percent,percent,
2016,2016,Canada (excluding territories),Males,18 to 34 years,"Main source of stress in day-to-day life, time pressures/ not enough time",11.6,10.3,13.1,percent,percent,
2016,2016,Canada (excluding territories),Males,18 to 34 years,"Main source of stress in day-to-day life, work",31.9,30.0,33.8,percent,percent,
2016,2016,Canada (excluding territories),Males,35 to 49 years,"Ability to handle the day-to-day demands in life, good or excellent",91.5,90.3,92.6,percent,percent,
2016,2016,Canada (excluding territories),Males,35 to 49 years,"Ability to handle unexpected and difficult problems, good or excellent",85.3,83.2,87.1,percent,percent,
2016,2016,Canada (excluding territories),Males,35 to 49 years,"Main source of stress in day-to-day life, family",12.0,10.6,13.7,percent,percent,
2016,2016,Canada (excluding territories),Males,35 to 49 years,"Main source of stress in day-to-day life, financial concerns",25.1,23.1,27.3,percent,percent,
2016,2016,Canada (excluding territories),Males,35 to 49 years,"Main source of stress in day-to-day life, health",3.7,2.9,4.6,percent,percent,
2016,2016,Canada (excluding territories),Males,35 to 49 years,"Main source of stress in day-to-day life, none",6.2,5.2,7.4,percent,percent,
2016,2016,Canada (excluding territories),Males,35 to 49 years,"Main source of stress in day-to-day life, other",2.5,1.9,3.2,percent,percent,
2016,2016,Canada (excluding territories),Males,35 to 49 years,"Main source of stress in day-to-day life, time pressures/ not enough time",12.8,11.4,14.3,percent,percent,
2016,2016,Canada (excluding territories),Males,35 to 49 years,"Main source of stress in day-to-day life, work",37.1,34.9,39.3,percent,percent,
2016,2016,Canada (excluding territories),Males,50 to 64 years,"Ability to handle the day-to-day demands in life, good or excellent",91.0,89.8,92.1,percent,percent,
2016,2016,Canada (excluding territories),Males,50 to 64 years,"Ability to handle unexpected and difficult problems, good or excellent",86.9,85.7,88.1,percent,percent,
2016,2016,Canada (excluding territories),Males,50 to 64 years,"Main source of stress in day-to-day life, family",14.4,13.0,15.8,percent,percent,
2016,2016,Canada (excluding territories),Males,50 to 64 years,"Main source of stress in day-to-day life, financial concerns",20.8,19.3,22.4,percent,percent,
2016,2016,Canada (excluding territories),Males,50 to 64 years,"Main source of stress in day-to-day life, health",8.3,7.4,9.4,percent,percent,
2016,2016,Canada (excluding territories),Males,50 to 64 years,"Main source of stress in day-to-day life, none",13.2,12.0,14.6,percent,percent,
2016,2016,Canada (excluding territories),Males,50 to 64 years,"Main source of stress in day-to-day life, other",3.2,2.6,3.9,percent,percent,
2016,2016,Canada (excluding territories),Males,50 to 64 years,"Main source of stress in day-to-day life, time pressures/ not enough time",7.6,6.6,8.7,percent,percent,
2016,2016,Canada (excluding territories),Males,50 to 64 years,"Main source of stress in day-to-day life, work",32.4,30.5,34.4,percent,percent,
2016,2016,Canada (excluding territories),Males,65 years and over,"Ability to handle the day-to-day demands in life, good or excellent",92.3,91.2,93.4,percent,percent,
2016,2016,Canada (excluding territories),Males,65 years and over,"Ability to handle unexpected and difficult problems, good or excellent",87.6,86.2,88.8,percent,percent,
2016,2016,Canada (excluding territories),Males,65 years and over,"Main source of stress in day-to-day life, family",18.9,17.5,20.4,percent,percent,
2016,2016,Canada (excluding territories),Males,65 years and over,"Main source of stress in day-to-day life, financial concerns",14.5,13.1,16.1,percent,percent,
2016,2016,Canada (excluding territories),Males,65 years and over,"Main source of stress in day-to-day life, health",15.8,14.5,17.1,percent,percent,
2016,2016,Canada (excluding territories),Males,65 years and over,"Main source of stress in day-to-day life, none",33.5,31.6,35.4,percent,percent,
2016,2016,Canada (excluding territories),Males,65 years and over,"Main source of stress in day-to-day life, other",4.8,3.9,5.8,percent,percent,
2016,2016,Canada (excluding territories),Males,65 years and over,"Main source of stress in day-to-day life, time pressures/ not enough time",5.4,4.5,6.4,percent,percent,
2016,2016,Canada (excluding territories),Males,65 years and over,"Main source of stress in day-to-day life, work",7.2,6.1,8.5,percent,percent,
2016,2016,Canada (excluding territories),Males,"Total, 12 years and over","Ability to handle the day-to-day demands in life, good or excellent",90.0,89.4,90.6,percent,percent,
2016,2016,Canada (excluding territories),Males,"Total, 12 years and over","Ability to handle unexpected and difficult problems, good or excellent",84.1,83.3,84.9,percent,percent,
2016,2016,Canada (excluding territories),Males,"Total, 12 years and over","Main source of stress in day-to-day life, family",12.0,11.4,12.7,percent,percent,
2016,2016,Canada (excluding territories),Males,"Total, 12 years and over","Main source of stress in day-to-day life, financial concerns",20.8,20.0,21.7,percent,percent,
2016,2016,Canada (excluding territories),Males,"Total, 12 years and over","Main source of stress in day-to-day life, health",6.4,6.0,6.8,percent,percent,
2016,2016,Canada (excluding territories),Males,"Total, 12 years and over","Main source of stress in day-to-day life, none",12.7,12.1,13.4,percent,percent,
2016,2016,Canada (excluding territories),Males,"Total, 12 years and over","Main source of stress in day-to-day life, other",3.1,2.8,3.5,percent,percent,
2016,2016,Canada (excluding territories),Males,"Total, 12 years and over","Main source of stress in day-to-day life, school work (12 to 34 years old)",21.5,20.2,22.9,percent,percent,
2016,2016,Canada (excluding territories),Males,"Total, 12 years and over","Main source of stress in day-to-day life, time pressures/ not enough time",10.0,9.4,10.7,percent,percent,
2016,2016,Canada (excluding territories),Males,"Total, 12 years and over","Main source of stress in day-to-day life, work",27.1,26.2,28.1,percent,percent,
2016,2016,Manitoba,Both sexes,12 to 17 years,"Ability to handle the day-to-day demands in life, good or excellent",86.3,79.7,91.0,percent,percent,
2016,2016,Manitoba,Both sexes,12 to 17 years,"Ability to handle unexpected and difficult problems, good or excellent",77.8,70.5,83.7,percent,percent,
2016,2016,Manitoba,Both sexes,12 to 17 years,"Main source of stress in day-to-day life, family",9.0,5.3,14.7,percent,percent,E
2016,2016,Manitoba,Both sexes,12 to 17 years,"Main source of stress in day-to-day life, none",12.8,8.1,19.7,percent,percent,E
2016,2016,Manitoba,Both sexes,12 to 17 years,"Main source of stress in day-to-day life, school work (12 to 34 years old)",54.9,46.8,62.6,percent,percent,
2016,2016,Manitoba,Both sexes,12 to 17 years,"Main source of stress in day-to-day life, time pressures/ not enough time",14.8,9.9,21.4,percent,percent,E
2016,2016,Manitoba,Both sexes,18 to 34 years,"Ability to handle the day-to-day demands in life, good or excellent",83.5,78.6,87.4,percent,percent,
2016,2016,Manitoba,Both sexes,18 to 34 years,"Ability to handle unexpected and difficult problems, good or excellent",76.2,70.9,80.8,percent,percent,
2016,2016,Manitoba,Both sexes,18 to 34 years,"Main source of stress in day-to-day life, family",12.1,8.9,16.2,percent,percent,E
2016,2016,Manitoba,Both sexes,18 to 34 years,"Main source of stress in day-to-day life, financial concerns",27.1,22.9,31.8,percent,percent,
2016,2016,Manitoba,Both sexes,18 to 34 years,"Main source of stress in day-to-day life, health",6.0,3.8,9.5,percent,percent,E
2016,2016,Manitoba,Both sexes,18 to 34 years,"Main source of stress in day-to-day life, none",5.9,4.0,8.6,percent,percent,E
2016,2016,Manitoba,Both sexes,18 to 34 years,"Main source of stress in day-to-day life, other",2.4,1.4,4.2,percent,percent,E
2016,2016,Manitoba,Both sexes,18 to 34 years,"Main source of stress in day-to-day life, school work (12 to 34 years old)",9.9,7.0,13.8,percent,percent,E
2016,2016,Manitoba,Both sexes,18 to 34 years,"Main source of stress in day-to-day life, time pressures/ not enough time",13.3,10.2,17.1,percent,percent,
2016,2016,Manitoba,Both sexes,18 to 34 years,"Main source of stress in day-to-day life, work",23.4,19.0,28.3,percent,percent,
2016,2016,Manitoba,Both sexes,35 to 49 years,"Ability to handle the day-to-day demands in life, good or excellent",90.6,87.0,93.3,percent,percent,
2016,2016,Manitoba,Both sexes,35 to 49 years,"Ability to handle unexpected and difficult problems, good or excellent",84.9,80.2,88.7,percent,percent,
2016,2016,Manitoba,Both sexes,35 to 49 years,"Main source of stress in day-to-day life, family",15.4,11.6,20.2,percent,percent,
2016,2016,Manitoba,Both sexes,35 to 49 years,"Main source of stress in day-to-day life, financial concerns",28.0,23.0,33.6,percent,percent,
2016,2016,Manitoba,Both sexes,35 to 49 years,"Main source of stress in day-to-day life, health",3.9,2.5,6.1,percent,percent,E
2016,2016,Manitoba,Both sexes,35 to 49 years,"Main source of stress in day-to-day life, none",5.2,3.2,8.2,percent,percent,E
2016,2016,Manitoba,Both sexes,35 to 49 years,"Main source of stress in day-to-day life, time pressures/ not enough time",17.4,13.5,22.0,percent,percent,
2016,2016,Manitoba,Both sexes,35 to 49 years,"Main source of stress in day-to-day life, work",25.3,20.3,31.0,percent,percent,
2016,2016,Manitoba,Both sexes,50 to 64 years,"Ability to handle the day-to-day demands in life, good or excellent",85.8,81.3,89.3,percent,percent,
2016,2016,Manitoba,Both sexes,50 to 64 years,"Ability to handle unexpected and difficult problems, good or excellent",82.9,78.4,86.7,percent,percent,
2016,2016,Manitoba,Both sexes,50 to 64 years,"Main source of stress in day-to-day life, family",18.3,14.4,23.1,percent,percent,
2016,2016,Manitoba,Both sexes,50 to 64 years,"Main source of stress in day-to-day life, financial concerns",22.6,18.4,27.4,percent,percent,
2016,2016,Manitoba,Both sexes,50 to 64 years,"Main source of stress in day-to-day life, health",12.7,9.4,16.8,percent,percent,
2016,2016,Manitoba,Both sexes,50 to 64 years,"Main source of stress in day-to-day life, none",9.3,6.6,12.9,percent,percent,E
2016,2016,Manitoba,Both sexes,50 to 64 years,"Main source of stress in day-to-day life, time pressures/ not enough time",8.4,5.5,12.6,percent,percent,E
2016,2016,Manitoba,Both sexes,50 to 64 years,"Main source of stress in day-to-day life, work",26.3,20.8,32.7,percent,percent,
2016,2016,Manitoba,Both sexes,65 years and over,"Ability to handle the day-to-day demands in life, good or excellent",90.0,86.4,92.6,percent,percent,
2016,2016,Manitoba,Both sexes,65 years and over,"Ability to handle unexpected and difficult problems, good or excellent",85.2,81.2,88.5,percent,percent,
2016,2016,Manitoba,Both sexes,65 years and over,"Main source of stress in day-to-day life, family",27.9,23.2,33.2,percent,percent,
2016,2016,Manitoba,Both sexes,65 years and over,"Main source of stress in day-to-day life, financial concerns",12.9,9.7,17.0,percent,percent,
2016,2016,Manitoba,Both sexes,65 years and over,"Main source of stress in day-to-day life, health",13.7,10.7,17.4,percent,percent,
2016,2016,Manitoba,Both sexes,65 years and over,"Main source of stress in day-to-day life, none",29.8,25.3,34.7,percent,percent,
2016,2016,Manitoba,Both sexes,65 years and over,"Main source of stress in day-to-day life, other",4.7,3.1,7.1,percent,percent,E
2016,2016,Manitoba,Both sexes,65 years and over,"Main source of stress in day-to-day life, time pressures/ not enough time",5.9,3.7,9.4,percent,percent,E
2016,2016,Manitoba,Both sexes,65 years and over,"Main source of stress in day-to-day life, work",5.0,3.0,8.4,percent,percent,E
2016,2016,Manitoba,Both sexes,"Total, 12 years and over","Ability to handle the day-to-day demands in life, good or excellent",87.0,85.0,88.7,percent,percent,
2016,2016,Manitoba,Both sexes,"Total, 12 years and over","Ability to handle unexpected and difficult problems, good or excellent",81.4,79.2,83.5,percent,percent,
2016,2016,Manitoba,Both sexes,"Total, 12 years and over","Main source of stress in day-to-day life, family",16.7,14.7,18.9,percent,percent,
2016,2016,Manitoba,Both sexes,"Total, 12 years and over","Main source of stress in day-to-day life, financial concerns",21.8,19.7,24.0,percent,percent,
2016,2016,Manitoba,Both sexes,"Total, 12 years and over","Main source of stress in day-to-day life, health",8.1,6.8,9.6,percent,percent,
2016,2016,Manitoba,Both sexes,"Total, 12 years and over","Main source of stress in day-to-day life, none",11.0,9.7,12.6,percent,percent,
2016,2016,Manitoba,Both sexes,"Total, 12 years and over","Main source of stress in day-to-day life, other",2.8,2.1,3.8,percent,percent,
2016,2016,Manitoba,Both sexes,"Total, 12 years and over","Main source of stress in day-to-day life, school work (12 to 34 years old)",20.3,17.3,23.7,percent,percent,
2016,2016,Manitoba,Both sexes,"Total, 12 years and over","Main source of stress in day-to-day life, time pressures/ not enough time",12.0,10.3,13.9,percent,percent,
2016,2016,Manitoba,Both sexes,"Total, 12 years and over","Main source of stress in day-to-day life, work",19.8,17.5,22.3,percent,percent,
2016,2016,Manitoba,Females,12 to 17 years,"Ability to handle the day-to-day demands in life, good or excellent",88.1,78.1,93.9,percent,percent,
2016,2016,Manitoba,Females,12 to 17 years,"Ability to handle unexpected and difficult problems, good or excellent",77.7,67.1,85.6,percent,percent,
2016,2016,Manitoba,Females,12 to 17 years,"Main source of stress in day-to-day life, family",9.2,4.6,17.3,percent,percent,E
2016,2016,Manitoba,Females,12 to 17 years,"Main source of stress in day-to-day life, none",15.9,8.6,27.5,percent,percent,E
2016,2016,Manitoba,Females,12 to 17 years,"Main source of stress in day-to-day life, school work (12 to 34 years old)",58.6,46.6,69.6,percent,percent,
2016,2016,Manitoba,Females,12 to 17 years,"Main source of stress in day-to-day life, time pressures/ not enough time",10.4,5.4,19.1,percent,percent,E
2016,2016,Manitoba,Females,18 to 34 years,"Ability to handle the day-to-day demands in life, good or excellent",84.9,78.0,90.0,percent,percent,
2016,2016,Manitoba,Females,18 to 34 years,"Ability to handle unexpected and difficult problems, good or excellent",77.5,70.7,83.1,percent,percent,
2016,2016,Manitoba,Females,18 to 34 years,"Main source of stress in day-to-day life, family",16.5,11.3,23.3,percent,percent,E
2016,2016,Manitoba,Females,18 to 34 years,"Main source of stress in day-to-day life, financial concerns",28.9,22.8,35.9,percent,percent,
2016,2016,Manitoba,Females,18 to 34 years,"Main source of stress in day-to-day life, health",8.2,4.4,14.7,percent,percent,E
2016,2016,Manitoba,Females,18 to 34 years,"Main source of stress in day-to-day life, none",3.7,2.0,6.4,percent,percent,E
2016,2016,Manitoba,Females,18 to 34 years,"Main source of stress in day-to-day life, school work (12 to 34 years old)",7.5,4.8,11.3,percent,percent,E
2016,2016,Manitoba,Females,18 to 34 years,"Main source of stress in day-to-day life, time pressures/ not enough time",16.6,11.9,22.6,percent,percent,E
2016,2016,Manitoba,Females,18 to 34 years,"Main source of stress in day-to-day life, work",17.6,12.8,23.7,percent,percent,E
2016,2016,Manitoba,Females,35 to 49 years,"Ability to handle the day-to-day demands in life, good or excellent",87.4,81.1,91.9,percent,percent,
2016,2016,Manitoba,Females,35 to 49 years,"Ability to handle unexpected and difficult problems, good or excellent",83.2,76.1,88.5,percent,percent,
2016,2016,Manitoba,Females,35 to 49 years,"Main source of stress in day-to-day life, family",20.5,14.9,27.6,percent,percent,E
2016,2016,Manitoba,Females,35 to 49 years,"Main source of stress in day-to-day life, financial concerns",19.7,14.2,26.7,percent,percent,E
2016,2016,Manitoba,Females,35 to 49 years,"Main source of stress in day-to-day life, health",4.2,2.4,7.2,percent,percent,E
2016,2016,Manitoba,Females,35 to 49 years,"Main source of stress in day-to-day life, time pressures/ not enough time",21.1,15.0,28.7,percent,percent,E
2016,2016,Manitoba,Females,35 to 49 years,"Main source of stress in day-to-day life, work",24.4,17.8,32.6,percent,percent,E
2016,2016,Manitoba,Females,50 to 64 years,"Ability to handle the day-to-day demands in life, good or excellent",88.9,83.2,92.9,percent,percent,
2016,2016,Manitoba,Females,50 to 64 years,"Ability to handle unexpected and difficult problems, good or excellent",81.9,75.4,87.0,percent,percent,
2016,2016,Manitoba,Females,50 to 64 years,"Main source of stress in day-to-day life, family",19.9,14.7,26.3,percent,percent,
2016,2016,Manitoba,Females,50 to 64 years,"Main source of stress in day-to-day life, financial concerns",27.6,20.8,35.6,percent,percent,
2016,2016,Manitoba,Females,50 to 64 years,"Main source of stress in day-to-day life, health",10.7,7.0,15.9,percent,percent,E
2016,2016,Manitoba,Females,50 to 64 years,"Main source of stress in day-to-day life, none",6.0,3.6,9.7,percent,percent,E
2016,2016,Manitoba,Females,50 to 64 years,"Main source of stress in day-to-day life, time pressures/ not enough time",11.4,6.8,18.3,percent,percent,E
2016,2016,Manitoba,Females,50 to 64 years,"Main source of stress in day-to-day life, work",23.3,16.4,31.9,percent,percent,E
2016,2016,Manitoba,Females,65 years and over,"Ability to handle the day-to-day demands in life, good or excellent",90.0,84.8,93.5,percent,percent,
2016,2016,Manitoba,Females,65 years and over,"Ability to handle unexpected and difficult problems, good or excellent",84.2,78.3,88.7,percent,percent,
2016,2016,Manitoba,Females,65 years and over,"Main source of stress in day-to-day life, family",37.0,29.6,45.1,percent,percent,
2016,2016,Manitoba,Females,65 years and over,"Main source of stress in day-to-day life, financial concerns",10.8,7.1,16.2,percent,percent,E
2016,2016,Manitoba,Females,65 years and over,"Main source of stress in day-to-day life, health",12.7,9.1,17.5,percent,percent,E
2016,2016,Manitoba,Females,65 years and over,"Main source of stress in day-to-day life, none",27.3,21.8,33.6,percent,percent,
2016,2016,Manitoba,Females,65 years and over,"Main source of stress in day-to-day life, other",5.3,3.2,8.7,percent,percent,E
2016,2016,Manitoba,Females,65 years and over,"Main source of stress in day-to-day life, time pressures/ not enough time",5.1,3.1,8.3,percent,percent,E
2016,2016,Manitoba,Females,"Total, 12 years and over","Ability to handle the day-to-day demands in life, good or excellent",87.6,84.6,90.1,percent,percent,
2016,2016,Manitoba,Females,"Total, 12 years and over","Ability to handle unexpected and difficult problems, good or excellent",81.1,78.0,83.8,percent,percent,
2016,2016,Manitoba,Females,"Total, 12 years and over","Main source of stress in day-to-day life, family",21.3,18.3,24.6,percent,percent,
2016,2016,Manitoba,Females,"Total, 12 years and over","Main source of stress in day-to-day life, financial concerns",21.1,18.1,24.3,percent,percent,
2016,2016,Manitoba,Females,"Total, 12 years and over","Main source of stress in day-to-day life, health",8.3,6.5,10.5,percent,percent,
2016,2016,Manitoba,Females,"Total, 12 years and over","Main source of stress in day-to-day life, none",9.7,8.1,11.6,percent,percent,
2016,2016,Manitoba,Females,"Total, 12 years and over","Main source of stress in day-to-day life, other",2.0,1.3,3.0,percent,percent,E
2016,2016,Manitoba,Females,"Total, 12 years and over","Main source of stress in day-to-day life, school work (12 to 34 years old)",19.0,15.6,22.8,percent,percent,
2016,2016,Manitoba,Females,"Total, 12 years and over","Main source of stress in day-to-day life, time pressures/ not enough time",13.8,11.4,16.7,percent,percent,
2016,2016,Manitoba,Females,"Total, 12 years and over","Main source of stress in day-to-day life, work",16.4,13.5,19.6,percent,percent,
2016,2016,Manitoba,Males,12 to 17 years,"Ability to handle the day-to-day demands in life, good or excellent",84.5,75.2,90.8,percent,percent,
2016,2016,Manitoba,Males,12 to 17 years,"Ability to handle unexpected and difficult problems, good or excellent",77.8,67.0,85.8,percent,percent,
2016,2016,Manitoba,Males,12 to 17 years,"Main source of stress in day-to-day life, none",10.0,5.1,18.7,percent,percent,E
2016,2016,Manitoba,Males,12 to 17 years,"Main source of stress in day-to-day life, school work (12 to 34 years old)",51.5,41.0,61.8,percent,percent,
2016,2016,Manitoba,Males,12 to 17 years,"Main source of stress in day-to-day life, time pressures/ not enough time",18.7,11.4,29.3,percent,percent,E
2016,2016,Manitoba,Males,18 to 34 years,"Ability to handle the day-to-day demands in life, good or excellent",82.0,74.8,87.6,percent,percent,
2016,2016,Manitoba,Males,18 to 34 years,"Ability to handle unexpected and difficult problems, good or excellent",75.0,67.1,81.5,percent,percent,
2016,2016,Manitoba,Males,18 to 34 years,"Main source of stress in day-to-day life, family",7.7,4.7,12.6,percent,percent,E
2016,2016,Manitoba,Males,18 to 34 years,"Main source of stress in day-to-day life, financial concerns",25.3,19.5,32.1,percent,percent,
2016,2016,Manitoba,Males,18 to 34 years,"Main source of stress in day-to-day life, health",3.9,2.2,6.8,percent,percent,E
2016,2016,Manitoba,Males,18 to 34 years,"Main source of stress in day-to-day life, none",8.1,4.9,13.1,percent,percent,E
2016,2016,Manitoba,Males,18 to 34 years,"Main source of stress in day-to-day life, other",3.6,1.8,7.0,percent,percent,E
2016,2016,Manitoba,Males,18 to 34 years,"Main source of stress in day-to-day life, school work (12 to 34 years old)",12.3,7.6,19.2,percent,percent,E
2016,2016,Manitoba,Males,18 to 34 years,"Main source of stress in day-to-day life, time pressures/ not enough time",10.1,6.3,15.8,percent,percent,E
2016,2016,Manitoba,Males,18 to 34 years,"Main source of stress in day-to-day life, work",29.0,22.1,37.0,percent,percent,
2016,2016,Manitoba,Males,35 to 49 years,"Ability to handle the day-to-day demands in life, good or excellent",93.9,89.9,96.3,percent,percent,
2016,2016,Manitoba,Males,35 to 49 years,"Ability to handle unexpected and difficult problems, good or excellent",86.8,80.3,91.3,percent,percent,
2016,2016,Manitoba,Males,35 to 49 years,"Main source of stress in day-to-day life, family",10.2,5.9,17.1,percent,percent,E
2016,2016,Manitoba,Males,35 to 49 years,"Main source of stress in day-to-day life, financial concerns",36.5,28.3,45.7,percent,percent,
2016,2016,Manitoba,Males,35 to 49 years,"Main source of stress in day-to-day life, none",5.6,2.9,10.6,percent,percent,E
2016,2016,Manitoba,Males,35 to 49 years,"Main source of stress in day-to-day life, time pressures/ not enough time",13.5,9.2,19.5,percent,percent,E
2016,2016,Manitoba,Males,35 to 49 years,"Main source of stress in day-to-day life, work",26.2,19.1,34.8,percent,percent,E
2016,2016,Manitoba,Males,50 to 64 years,"Ability to handle the day-to-day demands in life, good or excellent",82.7,75.9,87.8,percent,percent,
2016,2016,Manitoba,Males,50 to 64 years,"Ability to handle unexpected and difficult problems, good or excellent",83.9,77.5,88.8,percent,percent,
2016,2016,Manitoba,Males,50 to 64 years,"Main source of stress in day-to-day life, family",16.8,11.7,23.7,percent,percent,E
2016,2016,Manitoba,Males,50 to 64 years,"Main source of stress in day-to-day life, financial concerns",17.6,12.8,23.7,percent,percent,E
2016,2016,Manitoba,Males,50 to 64 years,"Main source of stress in day-to-day life, health",14.6,9.5,21.8,percent,percent,E
2016,2016,Manitoba,Males,50 to 64 years,"Main source of stress in day-to-day life, none",12.5,7.9,19.1,percent,percent,E
2016,2016,Manitoba,Males,50 to 64 years,"Main source of stress in day-to-day life, work",29.4,22.3,37.6,percent,percent,
2016,2016,Manitoba,Males,65 years and over,"Ability to handle the day-to-day demands in life, good or excellent",89.9,84.6,93.5,percent,percent,
2016,2016,Manitoba,Males,65 years and over,"Ability to handle unexpected and difficult problems, good or excellent",86.5,80.5,90.9,percent,percent,
2016,2016,Manitoba,Males,65 years and over,"Main source of stress in day-to-day life, family",16.5,11.6,22.9,percent,percent,E
2016,2016,Manitoba,Males,65 years and over,"Main source of stress in day-to-day life, financial concerns",15.5,10.1,22.9,percent,percent,E
2016,2016,Manitoba,Males,65 years and over,"Main source of stress in day-to-day life, health",14.9,10.2,21.3,percent,percent,E
2016,2016,Manitoba,Males,65 years and over,"Main source of stress in day-to-day life, none",32.9,25.4,41.3,percent,percent,
2016,2016,Manitoba,Males,65 years and over,"Main source of stress in day-to-day life, work",9.3,5.1,16.4,percent,percent,E
2016,2016,Manitoba,Males,"Total, 12 years and over","Ability to handle the day-to-day demands in life, good or excellent",86.3,83.4,88.7,percent,percent,
2016,2016,Manitoba,Males,"Total, 12 years and over","Ability to handle unexpected and difficult problems, good or excellent",81.8,78.6,84.6,percent,percent,
2016,2016,Manitoba,Males,"Total, 12 years and over","Main source of stress in day-to-day life, family",11.9,9.6,14.7,percent,percent,
2016,2016,Manitoba,Males,"Total, 12 years and over","Main source of stress in day-to-day life, financial concerns",22.6,19.6,25.9,percent,percent,
2016,2016,Manitoba,Males,"Total, 12 years and over","Main source of stress in day-to-day life, health",7.9,6.2,10.0,percent,percent,
2016,2016,Manitoba,Males,"Total, 12 years and over","Main source of stress in day-to-day life, none",12.4,10.3,14.9,percent,percent,
2016,2016,Manitoba,Males,"Total, 12 years and over","Main source of stress in day-to-day life, other",3.7,2.5,5.4,percent,percent,E
2016,2016,Manitoba,Males,"Total, 12 years and over","Main source of stress in day-to-day life, school work (12 to 34 years old)",21.6,16.9,27.1,percent,percent,
2016,2016,Manitoba,Males,"Total, 12 years and over","Main source of stress in day-to-day life, time pressures/ not enough time",10.1,8.0,12.6,percent,percent,
2016,2016,Manitoba,Males,"Total, 12 years and over","Main source of stress in day-to-day life, work",23.3,19.9,27.0,percent,percent,
2016,2016,New Brunswick,Both sexes,12 to 17 years,"Ability to handle the day-to-day demands in life, good or excellent",92.7,86.8,96.1,percent,percent,
2016,2016,New Brunswick,Both sexes,12 to 17 years,"Ability to handle unexpected and difficult problems, good or excellent",77.6,69.5,84.0,percent,percent,
2016,2016,New Brunswick,Both sexes,12 to 17 years,"Main source of stress in day-to-day life, none",27.7,20.5,36.2,percent,percent,
2016,2016,New Brunswick,Both sexes,12 to 17 years,"Main source of stress in day-to-day life, school work (12 to 34 years old)",49.5,40.9,58.2,percent,percent,
2016,2016,New Brunswick,Both sexes,12 to 17 years,"Main source of stress in day-to-day life, time pressures/ not enough time",11.2,6.5,18.7,percent,percent,E
2016,2016,New Brunswick,Both sexes,18 to 34 years,"Ability to handle the day-to-day demands in life, good or excellent",87.1,80.4,91.7,percent,percent,
2016,2016,New Brunswick,Both sexes,18 to 34 years,"Ability to handle unexpected and difficult problems, good or excellent",72.2,63.7,79.4,percent,percent,
2016,2016,New Brunswick,Both sexes,18 to 34 years,"Main source of stress in day-to-day life, family",7.4,4.8,11.2,percent,percent,E
2016,2016,New Brunswick,Both sexes,18 to 34 years,"Main source of stress in day-to-day life, financial concerns",24.4,18.1,32.1,percent,percent,
2016,2016,New Brunswick,Both sexes,18 to 34 years,"Main source of stress in day-to-day life, none",10.8,6.8,16.9,percent,percent,E
2016,2016,New Brunswick,Both sexes,18 to 34 years,"Main source of stress in day-to-day life, school work (12 to 34 years old)",6.1,3.2,11.0,percent,percent,E
2016,2016,New Brunswick,Both sexes,18 to 34 years,"Main source of stress in day-to-day life, time pressures/ not enough time",13.9,9.1,20.6,percent,percent,E
2016,2016,New Brunswick,Both sexes,18 to 34 years,"Main source of stress in day-to-day life, work",27.8,21.8,34.8,percent,percent,
2016,2016,New Brunswick,Both sexes,35 to 49 years,"Ability to handle the day-to-day demands in life, good or excellent",91.6,87.2,94.6,percent,percent,
2016,2016,New Brunswick,Both sexes,35 to 49 years,"Ability to handle unexpected and difficult problems, good or excellent",79.4,73.1,84.6,percent,percent,
2016,2016,New Brunswick,Both sexes,35 to 49 years,"Main source of stress in day-to-day life, family",12.9,9.5,17.3,percent,percent,E
2016,2016,New Brunswick,Both sexes,35 to 49 years,"Main source of stress in day-to-day life, financial concerns",22.8,17.5,29.2,percent,percent,
2016,2016,New Brunswick,Both sexes,35 to 49 years,"Main source of stress in day-to-day life, health",3.8,1.9,7.4,percent,percent,E
2016,2016,New Brunswick,Both sexes,35 to 49 years,"Main source of stress in day-to-day life, none",12.3,8.6,17.1,percent,percent,E
2016,2016,New Brunswick,Both sexes,35 to 49 years,"Main source of stress in day-to-day life, time pressures/ not enough time",13.6,9.7,18.8,percent,percent,E
2016,2016,New Brunswick,Both sexes,35 to 49 years,"Main source of stress in day-to-day life, work",33.0,26.7,40.0,percent,percent,
2016,2016,New Brunswick,Both sexes,50 to 64 years,"Ability to handle the day-to-day demands in life, good or excellent",91.7,88.5,94.1,percent,percent,
2016,2016,New Brunswick,Both sexes,50 to 64 years,"Ability to handle unexpected and difficult problems, good or excellent",84.1,79.5,87.9,percent,percent,
2016,2016,New Brunswick,Both sexes,50 to 64 years,"Main source of stress in day-to-day life, family",19.1,14.9,24.2,percent,percent,
2016,2016,New Brunswick,Both sexes,50 to 64 years,"Main source of stress in day-to-day life, financial concerns",18.3,14.0,23.6,percent,percent,
2016,2016,New Brunswick,Both sexes,50 to 64 years,"Main source of stress in day-to-day life, health",9.4,6.7,12.9,percent,percent,E
2016,2016,New Brunswick,Both sexes,50 to 64 years,"Main source of stress in day-to-day life, none",18.6,14.6,23.5,percent,percent,
2016,2016,New Brunswick,Both sexes,50 to 64 years,"Main source of stress in day-to-day life, time pressures/ not enough time",6.2,3.9,9.7,percent,percent,E
2016,2016,New Brunswick,Both sexes,50 to 64 years,"Main source of stress in day-to-day life, work",26.2,20.2,33.1,percent,percent,
2016,2016,New Brunswick,Both sexes,65 years and over,"Ability to handle the day-to-day demands in life, good or excellent",93.2,90.6,95.1,percent,percent,
2016,2016,New Brunswick,Both sexes,65 years and over,"Ability to handle unexpected and difficult problems, good or excellent",86.7,82.3,90.1,percent,percent,
2016,2016,New Brunswick,Both sexes,65 years and over,"Main source of stress in day-to-day life, family",20.4,16.3,25.3,percent,percent,
2016,2016,New Brunswick,Both sexes,65 years and over,"Main source of stress in day-to-day life, financial concerns",11.8,8.9,15.5,percent,percent,
2016,2016,New Brunswick,Both sexes,65 years and over,"Main source of stress in day-to-day life, health",14.9,11.4,19.2,percent,percent,
2016,2016,New Brunswick,Both sexes,65 years and over,"Main source of stress in day-to-day life, none",42.9,37.9,48.1,percent,percent,
2016,2016,New Brunswick,Both sexes,65 years and over,"Main source of stress in day-to-day life, other",1.7,0.9,3.2,percent,percent,E
2016,2016,New Brunswick,Both sexes,65 years and over,"Main source of stress in day-to-day life, time pressures/ not enough time",5.1,2.9,8.8,percent,percent,E
2016,2016,New Brunswick,Both sexes,65 years and over,"Main source of stress in day-to-day life, work",2.9,1.5,5.7,percent,percent,E
2016,2016,New Brunswick,Both sexes,"Total, 12 years and over","Ability to handle the day-to-day demands in life, good or excellent",91.0,89.0,92.7,percent,percent,
2016,2016,New Brunswick,Both sexes,"Total, 12 years and over","Ability to handle unexpected and difficult problems, good or excellent",80.4,77.8,82.7,percent,percent,
2016,2016,New Brunswick,Both sexes,"Total, 12 years and over","Main source of stress in day-to-day life, family",14.3,12.4,16.5,percent,percent,
2016,2016,New Brunswick,Both sexes,"Total, 12 years and over","Main source of stress in day-to-day life, financial concerns",18.2,15.8,20.9,percent,percent,
2016,2016,New Brunswick,Both sexes,"Total, 12 years and over","Main source of stress in day-to-day life, health",7.5,6.2,9.1,percent,percent,
2016,2016,New Brunswick,Both sexes,"Total, 12 years and over","Main source of stress in day-to-day life, none",21.0,18.8,23.3,percent,percent,
2016,2016,New Brunswick,Both sexes,"Total, 12 years and over","Main source of stress in day-to-day life, other",2.5,1.7,3.8,percent,percent,E
2016,2016,New Brunswick,Both sexes,"Total, 12 years and over","Main source of stress in day-to-day life, school work (12 to 34 years old)",16.6,13.3,20.5,percent,percent,
2016,2016,New Brunswick,Both sexes,"Total, 12 years and over","Main source of stress in day-to-day life, time pressures/ not enough time",9.7,8.0,11.8,percent,percent,
2016,2016,New Brunswick,Both sexes,"Total, 12 years and over","Main source of stress in day-to-day life, work",21.8,19.1,24.7,percent,percent,
2016,2016,New Brunswick,Females,12 to 17 years,"Ability to handle the day-to-day demands in life, good or excellent",96.3,89.9,98.7,percent,percent,
2016,2016,New Brunswick,Females,12 to 17 years,"Ability to handle unexpected and difficult problems, good or excellent",68.0,55.2,78.6,percent,percent,
2016,2016,New Brunswick,Females,12 to 17 years,"Main source of stress in day-to-day life, none",28.2,18.3,40.8,percent,percent,E
2016,2016,New Brunswick,Females,12 to 17 years,"Main source of stress in day-to-day life, school work (12 to 34 years old)",42.3,30.7,54.8,percent,percent,
2016,2016,New Brunswick,Females,18 to 34 years,"Ability to handle the day-to-day demands in life, good or excellent",86.1,75.9,92.5,percent,percent,
2016,2016,New Brunswick,Females,18 to 34 years,"Ability to handle unexpected and difficult problems, good or excellent",69.9,59.1,78.9,percent,percent,
2016,2016,New Brunswick,Females,18 to 34 years,"Main source of stress in day-to-day life, family",11.4,6.7,18.6,percent,percent,E
2016,2016,New Brunswick,Females,18 to 34 years,"Main source of stress in day-to-day life, financial concerns",18.2,11.3,28.1,percent,percent,E
2016,2016,New Brunswick,Females,18 to 34 years,"Main source of stress in day-to-day life, none",9.3,5.0,16.5,percent,percent,E
2016,2016,New Brunswick,Females,18 to 34 years,"Main source of stress in day-to-day life, time pressures/ not enough time",13.8,7.9,23.2,percent,percent,E
2016,2016,New Brunswick,Females,18 to 34 years,"Main source of stress in day-to-day life, work",33.8,24.7,44.2,percent,percent,
2016,2016,New Brunswick,Females,35 to 49 years,"Ability to handle the day-to-day demands in life, good or excellent",90.5,84.5,94.3,percent,percent,
2016,2016,New Brunswick,Females,35 to 49 years,"Ability to handle unexpected and difficult problems, good or excellent",76.4,67.2,83.7,percent,percent,
2016,2016,New Brunswick,Females,35 to 49 years,"Main source of stress in day-to-day life, family",21.5,15.2,29.6,percent,percent,E
2016,2016,New Brunswick,Females,35 to 49 years,"Main source of stress in day-to-day life, financial concerns",21.9,15.0,31.0,percent,percent,E
2016,2016,New Brunswick,Females,35 to 49 years,"Main source of stress in day-to-day life, none",9.1,5.4,14.8,percent,percent,E
2016,2016,New Brunswick,Females,35 to 49 years,"Main source of stress in day-to-day life, time pressures/ not enough time",13.3,8.3,20.6,percent,percent,E
2016,2016,New Brunswick,Females,35 to 49 years,"Main source of stress in day-to-day life, work",27.6,20.5,36.1,percent,percent,
2016,2016,New Brunswick,Females,50 to 64 years,"Ability to handle the day-to-day demands in life, good or excellent",89.2,84.0,92.9,percent,percent,
2016,2016,New Brunswick,Females,50 to 64 years,"Ability to handle unexpected and difficult problems, good or excellent",84.6,78.4,89.2,percent,percent,
2016,2016,New Brunswick,Females,50 to 64 years,"Main source of stress in day-to-day life, family",24.6,18.0,32.6,percent,percent,E
2016,2016,New Brunswick,Females,50 to 64 years,"Main source of stress in day-to-day life, financial concerns",17.8,13.0,23.9,percent,percent,E
2016,2016,New Brunswick,Females,50 to 64 years,"Main source of stress in day-to-day life, health",10.9,7.3,15.9,percent,percent,E
2016,2016,New Brunswick,Females,50 to 64 years,"Main source of stress in day-to-day life, none",17.6,12.5,24.2,percent,percent,E
2016,2016,New Brunswick,Females,50 to 64 years,"Main source of stress in day-to-day life, time pressures/ not enough time",5.8,3.0,10.9,percent,percent,E
2016,2016,New Brunswick,Females,50 to 64 years,"Main source of stress in day-to-day life, work",22.3,16.1,30.0,percent,percent,E
2016,2016,New Brunswick,Females,65 years and over,"Ability to handle the day-to-day demands in life, good or excellent",92.7,88.8,95.4,percent,percent,
2016,2016,New Brunswick,Females,65 years and over,"Ability to handle unexpected and difficult problems, good or excellent",84.6,78.4,89.3,percent,percent,
2016,2016,New Brunswick,Females,65 years and over,"Main source of stress in day-to-day life, family",18.9,14.2,24.7,percent,percent,
2016,2016,New Brunswick,Females,65 years and over,"Main source of stress in day-to-day life, financial concerns",11.2,7.8,16.0,percent,percent,E
2016,2016,New Brunswick,Females,65 years and over,"Main source of stress in day-to-day life, health",16.8,11.9,23.3,percent,percent,E
2016,2016,New Brunswick,Females,65 years and over,"Main source of stress in day-to-day life, none",45.8,39.1,52.7,percent,percent,
2016,2016,New Brunswick,Females,65 years and over,"Main source of stress in day-to-day life, time pressures/ not enough time",4.5,2.4,8.1,percent,percent,E
2016,2016,New Brunswick,Females,"Total, 12 years and over","Ability to handle the day-to-day demands in life, good or excellent",90.1,87.2,92.4,percent,percent,
2016,2016,New Brunswick,Females,"Total, 12 years and over","Ability to handle unexpected and difficult problems, good or excellent",78.5,74.9,81.7,percent,percent,
2016,2016,New Brunswick,Females,"Total, 12 years and over","Main source of stress in day-to-day life, family",18.6,15.6,22.1,percent,percent,
2016,2016,New Brunswick,Females,"Total, 12 years and over","Main source of stress in day-to-day life, financial concerns",16.3,13.4,19.7,percent,percent,
2016,2016,New Brunswick,Females,"Total, 12 years and over","Main source of stress in day-to-day life, health",9.1,7.1,11.5,percent,percent,
2016,2016,New Brunswick,Females,"Total, 12 years and over","Main source of stress in day-to-day life, none",20.8,18.1,23.8,percent,percent,
2016,2016,New Brunswick,Females,"Total, 12 years and over","Main source of stress in day-to-day life, other",1.2,0.6,2.4,percent,percent,E
2016,2016,New Brunswick,Females,"Total, 12 years and over","Main source of stress in day-to-day life, school work (12 to 34 years old)",15.8,11.2,21.8,percent,percent,E
2016,2016,New Brunswick,Females,"Total, 12 years and over","Main source of stress in day-to-day life, time pressures/ not enough time",9.4,7.2,12.2,percent,percent,
2016,2016,New Brunswick,Females,"Total, 12 years and over","Main source of stress in day-to-day life, work",20.1,17.0,23.7,percent,percent,
2016,2016,New Brunswick,Males,12 to 17 years,"Ability to handle the day-to-day demands in life, good or excellent",89.1,78.1,94.9,percent,percent,
2016,2016,New Brunswick,Males,12 to 17 years,"Ability to handle unexpected and difficult problems, good or excellent",86.9,75.3,93.5,percent,percent,
2016,2016,New Brunswick,Males,12 to 17 years,"Main source of stress in day-to-day life, none",27.1,17.6,39.4,percent,percent,E
2016,2016,New Brunswick,Males,12 to 17 years,"Main source of stress in day-to-day life, school work (12 to 34 years old)",56.5,44.6,67.7,percent,percent,
2016,2016,New Brunswick,Males,18 to 34 years,"Ability to handle the day-to-day demands in life, good or excellent",88.0,78.9,93.5,percent,percent,
2016,2016,New Brunswick,Males,18 to 34 years,"Ability to handle unexpected and difficult problems, good or excellent",74.4,61.5,84.2,percent,percent,
2016,2016,New Brunswick,Males,18 to 34 years,"Main source of stress in day-to-day life, financial concerns",30.6,21.3,41.8,percent,percent,E
2016,2016,New Brunswick,Males,18 to 34 years,"Main source of stress in day-to-day life, none",12.4,6.3,22.8,percent,percent,E
2016,2016,New Brunswick,Males,18 to 34 years,"Main source of stress in day-to-day life, time pressures/ not enough time",13.9,7.3,24.8,percent,percent,E
2016,2016,New Brunswick,Males,18 to 34 years,"Main source of stress in day-to-day life, work",21.9,14.3,32.2,percent,percent,E
2016,2016,New Brunswick,Males,35 to 49 years,"Ability to handle the day-to-day demands in life, good or excellent",92.8,85.5,96.5,percent,percent,
2016,2016,New Brunswick,Males,35 to 49 years,"Ability to handle unexpected and difficult problems, good or excellent",82.6,73.0,89.3,percent,percent,
2016,2016,New Brunswick,Males,35 to 49 years,"Main source of stress in day-to-day life, financial concerns",23.8,16.0,33.8,percent,percent,E
2016,2016,New Brunswick,Males,35 to 49 years,"Main source of stress in day-to-day life, none",15.6,9.7,24.1,percent,percent,E
2016,2016,New Brunswick,Males,35 to 49 years,"Main source of stress in day-to-day life, time pressures/ not enough time",14.0,8.3,22.6,percent,percent,E
2016,2016,New Brunswick,Males,35 to 49 years,"Main source of stress in day-to-day life, work",38.6,28.2,50.2,percent,percent,
2016,2016,New Brunswick,Males,50 to 64 years,"Ability to handle the day-to-day demands in life, good or excellent",94.4,90.1,96.9,percent,percent,
2016,2016,New Brunswick,Males,50 to 64 years,"Ability to handle unexpected and difficult problems, good or excellent",83.7,75.6,89.5,percent,percent,
2016,2016,New Brunswick,Males,50 to 64 years,"Main source of stress in day-to-day life, family",13.1,8.1,20.7,percent,percent,E
2016,2016,New Brunswick,Males,50 to 64 years,"Main source of stress in day-to-day life, financial concerns",18.8,12.0,28.4,percent,percent,E
2016,2016,New Brunswick,Males,50 to 64 years,"Main source of stress in day-to-day life, health",7.7,4.1,13.9,percent,percent,E
2016,2016,New Brunswick,Males,50 to 64 years,"Main source of stress in day-to-day life, none",19.7,14.0,27.0,percent,percent,E
2016,2016,New Brunswick,Males,50 to 64 years,"Main source of stress in day-to-day life, work",30.4,21.2,41.6,percent,percent,E
2016,2016,New Brunswick,Males,65 years and over,"Ability to handle the day-to-day demands in life, good or excellent",93.8,90.2,96.1,percent,percent,
2016,2016,New Brunswick,Males,65 years and over,"Ability to handle unexpected and difficult problems, good or excellent",89.4,84.0,93.2,percent,percent,
2016,2016,New Brunswick,Males,65 years and over,"Main source of stress in day-to-day life, family",22.4,15.4,31.3,percent,percent,E
2016,2016,New Brunswick,Males,65 years and over,"Main source of stress in day-to-day life, financial concerns",12.6,8.3,18.7,percent,percent,E
2016,2016,New Brunswick,Males,65 years and over,"Main source of stress in day-to-day life, health",12.2,8.2,17.8,percent,percent,E
2016,2016,New Brunswick,Males,65 years and over,"Main source of stress in day-to-day life, none",39.1,31.6,47.1,percent,percent,
2016,2016,New Brunswick,Males,"Total, 12 years and over","Ability to handle the day-to-day demands in life, good or excellent",92.0,89.1,94.1,percent,percent,
2016,2016,New Brunswick,Males,"Total, 12 years and over","Ability to handle unexpected and difficult problems, good or excellent",82.5,78.2,86.1,percent,percent,
2016,2016,New Brunswick,Males,"Total, 12 years and over","Main source of stress in day-to-day life, family",9.7,7.3,12.7,percent,percent,
2016,2016,New Brunswick,Males,"Total, 12 years and over","Main source of stress in day-to-day life, financial concerns",20.3,16.8,24.4,percent,percent,
2016,2016,New Brunswick,Males,"Total, 12 years and over","Main source of stress in day-to-day life, health",5.8,4.1,8.2,percent,percent,E
2016,2016,New Brunswick,Males,"Total, 12 years and over","Main source of stress in day-to-day life, none",21.1,17.8,24.8,percent,percent,
2016,2016,New Brunswick,Males,"Total, 12 years and over","Main source of stress in day-to-day life, other",4.0,2.4,6.6,percent,percent,E
2016,2016,New Brunswick,Males,"Total, 12 years and over","Main source of stress in day-to-day life, school work (12 to 34 years old)",17.4,13.3,22.5,percent,percent,
2016,2016,New Brunswick,Males,"Total, 12 years and over","Main source of stress in day-to-day life, time pressures/ not enough time",10.1,7.4,13.7,percent,percent,E
2016,2016,New Brunswick,Males,"Total, 12 years and over","Main source of stress in day-to-day life, work",23.5,19.3,28.4,percent,percent,
2016,2016,Newfoundland and Labrador,Both sexes,12 to 17 years,"Ability to handle the day-to-day demands in life, good or excellent",90.8,84.7,94.6,percent,percent,
2016,2016,Newfoundland and Labrador,Both sexes,12 to 17 years,"Ability to handle unexpected and difficult problems, good or excellent",75.6,67.9,82.0,percent,percent,
2016,2016,Newfoundland and Labrador,Both sexes,12 to 17 years,"Main source of stress in day-to-day life, family",8.4,4.4,15.4,percent,percent,E
2016,2016,Newfoundland and Labrador,Both sexes,12 to 17 years,"Main source of stress in day-to-day life, none",21.8,14.8,30.9,percent,percent,E
2016,2016,Newfoundland and Labrador,Both sexes,12 to 17 years,"Main source of stress in day-to-day life, school work (12 to 34 years old)",55.0,45.2,64.4,percent,percent,
2016,2016,Newfoundland and Labrador,Both sexes,12 to 17 years,"Main source of stress in day-to-day life, time pressures/ not enough time",8.3,4.3,15.6,percent,percent,E
2016,2016,Newfoundland and Labrador,Both sexes,18 to 34 years,"Ability to handle the day-to-day demands in life, good or excellent",90.7,85.8,94.0,percent,percent,
2016,2016,Newfoundland and Labrador,Both sexes,18 to 34 years,"Ability to handle unexpected and difficult problems, good or excellent",73.4,65.3,80.1,percent,percent,
2016,2016,Newfoundland and Labrador,Both sexes,18 to 34 years,"Main source of stress in day-to-day life, family",6.0,3.6,9.8,percent,percent,E
2016,2016,Newfoundland and Labrador,Both sexes,18 to 34 years,"Main source of stress in day-to-day life, financial concerns",26.8,21.0,33.6,percent,percent,
2016,2016,Newfoundland and Labrador,Both sexes,18 to 34 years,"Main source of stress in day-to-day life, health",5.7,3.0,10.5,percent,percent,E
2016,2016,Newfoundland and Labrador,Both sexes,18 to 34 years,"Main source of stress in day-to-day life, none",11.0,6.7,17.6,percent,percent,E
2016,2016,Newfoundland and Labrador,Both sexes,18 to 34 years,"Main source of stress in day-to-day life, school work (12 to 34 years old)",12.3,7.8,18.7,percent,percent,E
2016,2016,Newfoundland and Labrador,Both sexes,18 to 34 years,"Main source of stress in day-to-day life, time pressures/ not enough time",7.4,4.5,12.0,percent,percent,E
2016,2016,Newfoundland and Labrador,Both sexes,18 to 34 years,"Main source of stress in day-to-day life, work",30.2,23.6,37.6,percent,percent,
2016,2016,Newfoundland and Labrador,Both sexes,35 to 49 years,"Ability to handle the day-to-day demands in life, good or excellent",88.6,82.5,92.7,percent,percent,
2016,2016,Newfoundland and Labrador,Both sexes,35 to 49 years,"Ability to handle unexpected and difficult problems, good or excellent",84.2,78.1,88.8,percent,percent,
2016,2016,Newfoundland and Labrador,Both sexes,35 to 49 years,"Main source of stress in day-to-day life, family",17.6,12.8,23.6,percent,percent,E
2016,2016,Newfoundland and Labrador,Both sexes,35 to 49 years,"Main source of stress in day-to-day life, financial concerns",25.9,20.0,32.8,percent,percent,
2016,2016,Newfoundland and Labrador,Both sexes,35 to 49 years,"Main source of stress in day-to-day life, health",9.3,5.5,15.3,percent,percent,E
2016,2016,Newfoundland and Labrador,Both sexes,35 to 49 years,"Main source of stress in day-to-day life, none",7.7,4.9,11.7,percent,percent,E
2016,2016,Newfoundland and Labrador,Both sexes,35 to 49 years,"Main source of stress in day-to-day life, time pressures/ not enough time",13.4,9.0,19.5,percent,percent,E
2016,2016,Newfoundland and Labrador,Both sexes,35 to 49 years,"Main source of stress in day-to-day life, work",19.4,14.1,26.2,percent,percent,E
2016,2016,Newfoundland and Labrador,Both sexes,50 to 64 years,"Ability to handle the day-to-day demands in life, good or excellent",90.5,86.3,93.6,percent,percent,
2016,2016,Newfoundland and Labrador,Both sexes,50 to 64 years,"Ability to handle unexpected and difficult problems, good or excellent",83.0,77.6,87.2,percent,percent,
2016,2016,Newfoundland and Labrador,Both sexes,50 to 64 years,"Main source of stress in day-to-day life, family",24.6,19.9,30.1,percent,percent,
2016,2016,Newfoundland and Labrador,Both sexes,50 to 64 years,"Main source of stress in day-to-day life, financial concerns",17.0,13.0,21.9,percent,percent,
2016,2016,Newfoundland and Labrador,Both sexes,50 to 64 years,"Main source of stress in day-to-day life, health",10.3,7.5,13.9,percent,percent,E
2016,2016,Newfoundland and Labrador,Both sexes,50 to 64 years,"Main source of stress in day-to-day life, none",20.3,16.1,25.1,percent,percent,
2016,2016,Newfoundland and Labrador,Both sexes,50 to 64 years,"Main source of stress in day-to-day life, time pressures/ not enough time",9.0,5.9,13.5,percent,percent,E
2016,2016,Newfoundland and Labrador,Both sexes,50 to 64 years,"Main source of stress in day-to-day life, work",17.0,12.3,23.1,percent,percent,E
2016,2016,Newfoundland and Labrador,Both sexes,65 years and over,"Ability to handle the day-to-day demands in life, good or excellent",93.3,90.3,95.4,percent,percent,
2016,2016,Newfoundland and Labrador,Both sexes,65 years and over,"Ability to handle unexpected and difficult problems, good or excellent",86.2,81.8,89.7,percent,percent,
2016,2016,Newfoundland and Labrador,Both sexes,65 years and over,"Main source of stress in day-to-day life, family",20.1,16.1,24.9,percent,percent,
2016,2016,Newfoundland and Labrador,Both sexes,65 years and over,"Main source of stress in day-to-day life, financial concerns",10.8,7.7,14.8,percent,percent,E
2016,2016,Newfoundland and Labrador,Both sexes,65 years and over,"Main source of stress in day-to-day life, health",16.8,12.8,21.8,percent,percent,
2016,2016,Newfoundland and Labrador,Both sexes,65 years and over,"Main source of stress in day-to-day life, none",45.0,39.0,51.3,percent,percent,
2016,2016,Newfoundland and Labrador,Both sexes,65 years and over,"Main source of stress in day-to-day life, time pressures/ not enough time",4.0,2.2,7.2,percent,percent,E
2016,2016,Newfoundland and Labrador,Both sexes,"Total, 12 years and over","Ability to handle the day-to-day demands in life, good or excellent",90.7,88.6,92.4,percent,percent,
2016,2016,Newfoundland and Labrador,Both sexes,"Total, 12 years and over","Ability to handle unexpected and difficult problems, good or excellent",81.2,78.5,83.7,percent,percent,
2016,2016,Newfoundland and Labrador,Both sexes,"Total, 12 years and over","Main source of stress in day-to-day life, family",16.8,14.8,19.1,percent,percent,
2016,2016,Newfoundland and Labrador,Both sexes,"Total, 12 years and over","Main source of stress in day-to-day life, financial concerns",19.0,16.7,21.6,percent,percent,
2016,2016,Newfoundland and Labrador,Both sexes,"Total, 12 years and over","Main source of stress in day-to-day life, health",9.6,7.8,11.8,percent,percent,
2016,2016,Newfoundland and Labrador,Both sexes,"Total, 12 years and over","Main source of stress in day-to-day life, none",20.1,17.8,22.7,percent,percent,
2016,2016,Newfoundland and Labrador,Both sexes,"Total, 12 years and over","Main source of stress in day-to-day life, other",2.6,1.6,4.3,percent,percent,E
2016,2016,Newfoundland and Labrador,Both sexes,"Total, 12 years and over","Main source of stress in day-to-day life, school work (12 to 34 years old)",22.0,17.7,27.1,percent,percent,
2016,2016,Newfoundland and Labrador,Both sexes,"Total, 12 years and over","Main source of stress in day-to-day life, time pressures/ not enough time",8.7,7.0,10.7,percent,percent,
2016,2016,Newfoundland and Labrador,Both sexes,"Total, 12 years and over","Main source of stress in day-to-day life, work",16.7,14.3,19.3,percent,percent,
2016,2016,Newfoundland and Labrador,Females,12 to 17 years,"Ability to handle the day-to-day demands in life, good or excellent",88.7,77.5,94.7,percent,percent,
2016,2016,Newfoundland and Labrador,Females,12 to 17 years,"Ability to handle unexpected and difficult problems, good or excellent",62.4,48.9,74.3,percent,percent,
2016,2016,Newfoundland and Labrador,Females,12 to 17 years,"Main source of stress in day-to-day life, none",14.0,7.0,25.9,percent,percent,E
2016,2016,Newfoundland and Labrador,Females,12 to 17 years,"Main source of stress in day-to-day life, school work (12 to 34 years old)",58.9,45.5,71.2,percent,percent,
2016,2016,Newfoundland and Labrador,Females,18 to 34 years,"Ability to handle the day-to-day demands in life, good or excellent",88.3,79.6,93.6,percent,percent,
2016,2016,Newfoundland and Labrador,Females,18 to 34 years,"Ability to handle unexpected and difficult problems, good or excellent",72.4,60.6,81.7,percent,percent,
2016,2016,Newfoundland and Labrador,Females,18 to 34 years,"Main source of stress in day-to-day life, family",8.3,4.4,15.3,percent,percent,E
2016,2016,Newfoundland and Labrador,Females,18 to 34 years,"Main source of stress in day-to-day life, financial concerns",31.9,22.7,42.6,percent,percent,E
2016,2016,Newfoundland and Labrador,Females,18 to 34 years,"Main source of stress in day-to-day life, time pressures/ not enough time",5.8,2.9,11.2,percent,percent,E
2016,2016,Newfoundland and Labrador,Females,18 to 34 years,"Main source of stress in day-to-day life, work",28.0,18.9,39.3,percent,percent,E
2016,2016,Newfoundland and Labrador,Females,35 to 49 years,"Ability to handle the day-to-day demands in life, good or excellent",85.9,75.0,92.5,percent,percent,
2016,2016,Newfoundland and Labrador,Females,35 to 49 years,"Ability to handle unexpected and difficult problems, good or excellent",82.3,72.7,89.0,percent,percent,
2016,2016,Newfoundland and Labrador,Females,35 to 49 years,"Main source of stress in day-to-day life, family",18.5,12.1,27.3,percent,percent,E
2016,2016,Newfoundland and Labrador,Females,35 to 49 years,"Main source of stress in day-to-day life, financial concerns",28.6,20.4,38.5,percent,percent,E
2016,2016,Newfoundland and Labrador,Females,35 to 49 years,"Main source of stress in day-to-day life, none",5.0,2.6,9.6,percent,percent,E
2016,2016,Newfoundland and Labrador,Females,35 to 49 years,"Main source of stress in day-to-day life, time pressures/ not enough time",16.3,10.3,24.9,percent,percent,E
2016,2016,Newfoundland and Labrador,Females,35 to 49 years,"Main source of stress in day-to-day life, work",16.7,10.3,26.0,percent,percent,E
2016,2016,Newfoundland and Labrador,Females,50 to 64 years,"Ability to handle the day-to-day demands in life, good or excellent",92.2,86.7,95.5,percent,percent,
2016,2016,Newfoundland and Labrador,Females,50 to 64 years,"Ability to handle unexpected and difficult problems, good or excellent",82.0,73.5,88.2,percent,percent,
2016,2016,Newfoundland and Labrador,Females,50 to 64 years,"Main source of stress in day-to-day life, family",30.0,23.0,38.2,percent,percent,
2016,2016,Newfoundland and Labrador,Females,50 to 64 years,"Main source of stress in day-to-day life, financial concerns",17.0,11.3,24.9,percent,percent,E
2016,2016,Newfoundland and Labrador,Females,50 to 64 years,"Main source of stress in day-to-day life, health",8.7,5.5,13.6,percent,percent,E
2016,2016,Newfoundland and Labrador,Females,50 to 64 years,"Main source of stress in day-to-day life, none",21.9,15.5,29.9,percent,percent,E
2016,2016,Newfoundland and Labrador,Females,50 to 64 years,"Main source of stress in day-to-day life, work",15.7,9.3,25.2,percent,percent,E
2016,2016,Newfoundland and Labrador,Females,65 years and over,"Ability to handle the day-to-day demands in life, good or excellent",90.7,85.9,93.9,percent,percent,
2016,2016,Newfoundland and Labrador,Females,65 years and over,"Ability to handle unexpected and difficult problems, good or excellent",85.1,79.5,89.5,percent,percent,
2016,2016,Newfoundland and Labrador,Females,65 years and over,"Main source of stress in day-to-day life, family",27.3,21.2,34.4,percent,percent,
2016,2016,Newfoundland and Labrador,Females,65 years and over,"Main source of stress in day-to-day life, financial concerns",9.4,5.7,15.3,percent,percent,E
2016,2016,Newfoundland and Labrador,Females,65 years and over,"Main source of stress in day-to-day life, health",19.5,13.9,26.7,percent,percent,E
2016,2016,Newfoundland and Labrador,Females,65 years and over,"Main source of stress in day-to-day life, none",39.0,31.0,47.7,percent,percent,
2016,2016,Newfoundland and Labrador,Females,"Total, 12 years and over","Ability to handle the day-to-day demands in life, good or excellent",89.3,86.0,91.9,percent,percent,
2016,2016,Newfoundland and Labrador,Females,"Total, 12 years and over","Ability to handle unexpected and difficult problems, good or excellent",79.3,75.5,82.7,percent,percent,
2016,2016,Newfoundland and Labrador,Females,"Total, 12 years and over","Main source of stress in day-to-day life, family",20.7,17.4,24.4,percent,percent,
2016,2016,Newfoundland and Labrador,Females,"Total, 12 years and over","Main source of stress in day-to-day life, financial concerns",20.4,17.0,24.2,percent,percent,
2016,2016,Newfoundland and Labrador,Females,"Total, 12 years and over","Main source of stress in day-to-day life, health",9.7,7.3,12.8,percent,percent,
2016,2016,Newfoundland and Labrador,Females,"Total, 12 years and over","Main source of stress in day-to-day life, none",18.5,15.2,22.2,percent,percent,
2016,2016,Newfoundland and Labrador,Females,"Total, 12 years and over","Main source of stress in day-to-day life, school work (12 to 34 years old)",19.8,14.8,25.9,percent,percent,
2016,2016,Newfoundland and Labrador,Females,"Total, 12 years and over","Main source of stress in day-to-day life, time pressures/ not enough time",7.8,5.7,10.5,percent,percent,E
2016,2016,Newfoundland and Labrador,Females,"Total, 12 years and over","Main source of stress in day-to-day life, work",14.7,11.3,18.9,percent,percent,
2016,2016,Newfoundland and Labrador,Males,12 to 17 years,"Ability to handle the day-to-day demands in life, good or excellent",92.9,86.3,96.4,percent,percent,
2016,2016,Newfoundland and Labrador,Males,12 to 17 years,"Ability to handle unexpected and difficult problems, good or excellent",88.8,81.9,93.3,percent,percent,
2016,2016,Newfoundland and Labrador,Males,12 to 17 years,"Main source of stress in day-to-day life, none",29.4,18.3,43.7,percent,percent,E
2016,2016,Newfoundland and Labrador,Males,12 to 17 years,"Main source of stress in day-to-day life, school work (12 to 34 years old)",51.2,37.1,65.1,percent,percent,
2016,2016,Newfoundland and Labrador,Males,18 to 34 years,"Ability to handle the day-to-day demands in life, good or excellent",93.1,86.3,96.6,percent,percent,
2016,2016,Newfoundland and Labrador,Males,18 to 34 years,"Ability to handle unexpected and difficult problems, good or excellent",74.4,61.3,84.2,percent,percent,
2016,2016,Newfoundland and Labrador,Males,18 to 34 years,"Main source of stress in day-to-day life, financial concerns",21.8,14.1,32.1,percent,percent,E
2016,2016,Newfoundland and Labrador,Males,18 to 34 years,"Main source of stress in day-to-day life, none",11.2,6.7,18.2,percent,percent,E
2016,2016,Newfoundland and Labrador,Males,18 to 34 years,"Main source of stress in day-to-day life, school work (12 to 34 years old)",16.1,9.1,27.1,percent,percent,E
2016,2016,Newfoundland and Labrador,Males,18 to 34 years,"Main source of stress in day-to-day life, work",32.4,22.8,43.7,percent,percent,E
2016,2016,Newfoundland and Labrador,Males,35 to 49 years,"Ability to handle the day-to-day demands in life, good or excellent",91.4,83.4,95.8,percent,percent,
2016,2016,Newfoundland and Labrador,Males,35 to 49 years,"Ability to handle unexpected and difficult problems, good or excellent",86.2,77.5,91.9,percent,percent,
2016,2016,Newfoundland and Labrador,Males,35 to 49 years,"Main source of stress in day-to-day life, family",16.6,10.3,25.5,percent,percent,E
2016,2016,Newfoundland and Labrador,Males,35 to 49 years,"Main source of stress in day-to-day life, financial concerns",23.0,15.8,32.3,percent,percent,E
2016,2016,Newfoundland and Labrador,Males,35 to 49 years,"Main source of stress in day-to-day life, none",10.5,5.7,18.3,percent,percent,E
2016,2016,Newfoundland and Labrador,Males,35 to 49 years,"Main source of stress in day-to-day life, time pressures/ not enough time",10.2,5.2,19.3,percent,percent,E
2016,2016,Newfoundland and Labrador,Males,35 to 49 years,"Main source of stress in day-to-day life, work",22.3,14.4,32.9,percent,percent,E
2016,2016,Newfoundland and Labrador,Males,50 to 64 years,"Ability to handle the day-to-day demands in life, good or excellent",88.8,82.5,93.1,percent,percent,
2016,2016,Newfoundland and Labrador,Males,50 to 64 years,"Ability to handle unexpected and difficult problems, good or excellent",84.0,77.5,88.8,percent,percent,
2016,2016,Newfoundland and Labrador,Males,50 to 64 years,"Main source of stress in day-to-day life, family",19.1,12.9,27.3,percent,percent,E
2016,2016,Newfoundland and Labrador,Males,50 to 64 years,"Main source of stress in day-to-day life, financial concerns",17.0,12.1,23.5,percent,percent,E
2016,2016,Newfoundland and Labrador,Males,50 to 64 years,"Main source of stress in day-to-day life, health",11.9,7.5,18.5,percent,percent,E
2016,2016,Newfoundland and Labrador,Males,50 to 64 years,"Main source of stress in day-to-day life, none",18.6,13.3,25.4,percent,percent,E
2016,2016,Newfoundland and Labrador,Males,50 to 64 years,"Main source of stress in day-to-day life, time pressures/ not enough time",13.6,8.1,22.0,percent,percent,E
2016,2016,Newfoundland and Labrador,Males,50 to 64 years,"Main source of stress in day-to-day life, work",18.4,12.4,26.4,percent,percent,E
2016,2016,Newfoundland and Labrador,Males,65 years and over,"Ability to handle the day-to-day demands in life, good or excellent",96.4,92.6,98.2,percent,percent,
2016,2016,Newfoundland and Labrador,Males,65 years and over,"Ability to handle unexpected and difficult problems, good or excellent",87.4,80.3,92.3,percent,percent,
2016,2016,Newfoundland and Labrador,Males,65 years and over,"Main source of stress in day-to-day life, family",11.5,7.0,18.3,percent,percent,E
2016,2016,Newfoundland and Labrador,Males,65 years and over,"Main source of stress in day-to-day life, financial concerns",12.4,7.9,18.8,percent,percent,E
2016,2016,Newfoundland and Labrador,Males,65 years and over,"Main source of stress in day-to-day life, health",13.6,8.5,21.1,percent,percent,E
2016,2016,Newfoundland and Labrador,Males,65 years and over,"Main source of stress in day-to-day life, none",52.2,43.8,60.4,percent,percent,
2016,2016,Newfoundland and Labrador,Males,"Total, 12 years and over","Ability to handle the day-to-day demands in life, good or excellent",92.1,89.2,94.2,percent,percent,
2016,2016,Newfoundland and Labrador,Males,"Total, 12 years and over","Ability to handle unexpected and difficult problems, good or excellent",83.2,79.2,86.6,percent,percent,
2016,2016,Newfoundland and Labrador,Males,"Total, 12 years and over","Main source of stress in day-to-day life, family",12.7,10.0,16.0,percent,percent,
2016,2016,Newfoundland and Labrador,Males,"Total, 12 years and over","Main source of stress in day-to-day life, financial concerns",17.6,14.4,21.3,percent,percent,
2016,2016,Newfoundland and Labrador,Males,"Total, 12 years and over","Main source of stress in day-to-day life, health",9.5,6.9,12.9,percent,percent,E
2016,2016,Newfoundland and Labrador,Males,"Total, 12 years and over","Main source of stress in day-to-day life, none",21.9,18.6,25.4,percent,percent,
2016,2016,Newfoundland and Labrador,Males,"Total, 12 years and over","Main source of stress in day-to-day life, other",2.7,1.4,5.1,percent,percent,E
2016,2016,Newfoundland and Labrador,Males,"Total, 12 years and over","Main source of stress in day-to-day life, school work (12 to 34 years old)",24.3,17.2,33.0,percent,percent,E
2016,2016,Newfoundland and Labrador,Males,"Total, 12 years and over","Main source of stress in day-to-day life, time pressures/ not enough time",9.6,7.0,13.1,percent,percent,E
2016,2016,Newfoundland and Labrador,Males,"Total, 12 years and over","Main source of stress in day-to-day life, work",18.7,15.3,22.8,percent,percent,
2016,2016,Nova Scotia,Both sexes,12 to 17 years,"Ability to handle the day-to-day demands in life, good or excellent",86.3,80.2,90.7,percent,percent,
2016,2016,Nova Scotia,Both sexes,12 to 17 years,"Ability to handle unexpected and difficult problems, good or excellent",68.1,60.6,74.7,percent,percent,
2016,2016,Nova Scotia,Both sexes,12 to 17 years,"Main source of stress in day-to-day life, family",6.6,3.7,11.4,percent,percent,E
2016,2016,Nova Scotia,Both sexes,12 to 17 years,"Main source of stress in day-to-day life, none",17.8,12.8,24.2,percent,percent,E
2016,2016,Nova Scotia,Both sexes,12 to 17 years,"Main source of stress in day-to-day life, other",8.1,4.6,13.7,percent,percent,E
2016,2016,Nova Scotia,Both sexes,12 to 17 years,"Main source of stress in day-to-day life, school work (12 to 34 years old)",58.0,50.2,65.3,percent,percent,
2016,2016,Nova Scotia,Both sexes,18 to 34 years,"Ability to handle the day-to-day demands in life, good or excellent",88.5,84.4,91.6,percent,percent,
2016,2016,Nova Scotia,Both sexes,18 to 34 years,"Ability to handle unexpected and difficult problems, good or excellent",72.5,67.1,77.3,percent,percent,
2016,2016,Nova Scotia,Both sexes,18 to 34 years,"Main source of stress in day-to-day life, family",8.5,5.8,12.3,percent,percent,E
2016,2016,Nova Scotia,Both sexes,18 to 34 years,"Main source of stress in day-to-day life, financial concerns",31.5,26.3,37.3,percent,percent,
2016,2016,Nova Scotia,Both sexes,18 to 34 years,"Main source of stress in day-to-day life, health",3.7,2.1,6.3,percent,percent,E
2016,2016,Nova Scotia,Both sexes,18 to 34 years,"Main source of stress in day-to-day life, none",4.9,2.9,7.9,percent,percent,E
2016,2016,Nova Scotia,Both sexes,18 to 34 years,"Main source of stress in day-to-day life, school work (12 to 34 years old)",10.3,7.0,14.9,percent,percent,E
2016,2016,Nova Scotia,Both sexes,18 to 34 years,"Main source of stress in day-to-day life, time pressures/ not enough time",12.3,8.7,17.3,percent,percent,E
2016,2016,Nova Scotia,Both sexes,18 to 34 years,"Main source of stress in day-to-day life, work",27.0,21.8,32.9,percent,percent,
2016,2016,Nova Scotia,Both sexes,35 to 49 years,"Ability to handle the day-to-day demands in life, good or excellent",92.1,88.1,94.8,percent,percent,
2016,2016,Nova Scotia,Both sexes,35 to 49 years,"Ability to handle unexpected and difficult problems, good or excellent",84.2,79.1,88.2,percent,percent,
2016,2016,Nova Scotia,Both sexes,35 to 49 years,"Main source of stress in day-to-day life, family",16.8,12.7,21.9,percent,percent,
2016,2016,Nova Scotia,Both sexes,35 to 49 years,"Main source of stress in day-to-day life, financial concerns",25.3,20.4,31.0,percent,percent,
2016,2016,Nova Scotia,Both sexes,35 to 49 years,"Main source of stress in day-to-day life, health",5.5,3.3,9.0,percent,percent,E
2016,2016,Nova Scotia,Both sexes,35 to 49 years,"Main source of stress in day-to-day life, none",6.9,4.6,10.3,percent,percent,E
2016,2016,Nova Scotia,Both sexes,35 to 49 years,"Main source of stress in day-to-day life, time pressures/ not enough time",11.2,8.3,14.8,percent,percent,
2016,2016,Nova Scotia,Both sexes,35 to 49 years,"Main source of stress in day-to-day life, work",32.6,27.7,37.9,percent,percent,
2016,2016,Nova Scotia,Both sexes,50 to 64 years,"Ability to handle the day-to-day demands in life, good or excellent",91.9,88.5,94.3,percent,percent,
2016,2016,Nova Scotia,Both sexes,50 to 64 years,"Ability to handle unexpected and difficult problems, good or excellent",83.7,79.5,87.2,percent,percent,
2016,2016,Nova Scotia,Both sexes,50 to 64 years,"Main source of stress in day-to-day life, family",21.2,17.6,25.3,percent,percent,
2016,2016,Nova Scotia,Both sexes,50 to 64 years,"Main source of stress in day-to-day life, financial concerns",21.4,17.4,26.0,percent,percent,
2016,2016,Nova Scotia,Both sexes,50 to 64 years,"Main source of stress in day-to-day life, health",5.9,4.1,8.4,percent,percent,E
2016,2016,Nova Scotia,Both sexes,50 to 64 years,"Main source of stress in day-to-day life, none",12.7,10.0,16.1,percent,percent,
2016,2016,Nova Scotia,Both sexes,50 to 64 years,"Main source of stress in day-to-day life, other",4.5,2.3,8.4,percent,percent,E
2016,2016,Nova Scotia,Both sexes,50 to 64 years,"Main source of stress in day-to-day life, time pressures/ not enough time",10.0,6.9,14.3,percent,percent,E
2016,2016,Nova Scotia,Both sexes,50 to 64 years,"Main source of stress in day-to-day life, work",24.3,20.4,28.7,percent,percent,
2016,2016,Nova Scotia,Both sexes,65 years and over,"Ability to handle the day-to-day demands in life, good or excellent",93.3,90.7,95.2,percent,percent,
2016,2016,Nova Scotia,Both sexes,65 years and over,"Ability to handle unexpected and difficult problems, good or excellent",86.7,82.8,89.8,percent,percent,
2016,2016,Nova Scotia,Both sexes,65 years and over,"Main source of stress in day-to-day life, family",25.6,22.3,29.3,percent,percent,
2016,2016,Nova Scotia,Both sexes,65 years and over,"Main source of stress in day-to-day life, financial concerns",11.8,9.5,14.6,percent,percent,
2016,2016,Nova Scotia,Both sexes,65 years and over,"Main source of stress in day-to-day life, health",14.6,11.9,17.9,percent,percent,
2016,2016,Nova Scotia,Both sexes,65 years and over,"Main source of stress in day-to-day life, none",33.5,29.3,38.0,percent,percent,
2016,2016,Nova Scotia,Both sexes,65 years and over,"Main source of stress in day-to-day life, other",3.5,2.3,5.4,percent,percent,E
2016,2016,Nova Scotia,Both sexes,65 years and over,"Main source of stress in day-to-day life, time pressures/ not enough time",5.9,4.2,8.3,percent,percent,E
2016,2016,Nova Scotia,Both sexes,65 years and over,"Main source of stress in day-to-day life, work",5.0,3.4,7.3,percent,percent,E
2016,2016,Nova Scotia,Both sexes,"Total, 12 years and over","Ability to handle the day-to-day demands in life, good or excellent",91.0,89.5,92.4,percent,percent,
2016,2016,Nova Scotia,Both sexes,"Total, 12 years and over","Ability to handle unexpected and difficult problems, good or excellent",80.7,78.4,82.7,percent,percent,
2016,2016,Nova Scotia,Both sexes,"Total, 12 years and over","Main source of stress in day-to-day life, family",17.1,15.4,19.0,percent,percent,
2016,2016,Nova Scotia,Both sexes,"Total, 12 years and over","Main source of stress in day-to-day life, financial concerns",21.3,19.2,23.6,percent,percent,
2016,2016,Nova Scotia,Both sexes,"Total, 12 years and over","Main source of stress in day-to-day life, health",6.8,5.7,8.1,percent,percent,
2016,2016,Nova Scotia,Both sexes,"Total, 12 years and over","Main source of stress in day-to-day life, none",14.1,12.7,15.7,percent,percent,
2016,2016,Nova Scotia,Both sexes,"Total, 12 years and over","Main source of stress in day-to-day life, other",3.2,2.3,4.4,percent,percent,E
2016,2016,Nova Scotia,Both sexes,"Total, 12 years and over","Main source of stress in day-to-day life, school work (12 to 34 years old)",20.8,17.5,24.5,percent,percent,
2016,2016,Nova Scotia,Both sexes,"Total, 12 years and over","Main source of stress in day-to-day life, time pressures/ not enough time",9.7,8.2,11.4,percent,percent,
2016,2016,Nova Scotia,Both sexes,"Total, 12 years and over","Main source of stress in day-to-day life, work",21.3,19.2,23.5,percent,percent,
2016,2016,Nova Scotia,Females,12 to 17 years,"Ability to handle the day-to-day demands in life, good or excellent",86.5,77.4,92.3,percent,percent,
2016,2016,Nova Scotia,Females,12 to 17 years,"Ability to handle unexpected and difficult problems, good or excellent",67.2,56.6,76.3,percent,percent,
2016,2016,Nova Scotia,Females,12 to 17 years,"Main source of stress in day-to-day life, none",17.3,10.5,27.0,percent,percent,E
2016,2016,Nova Scotia,Females,12 to 17 years,"Main source of stress in day-to-day life, school work (12 to 34 years old)",57.8,46.4,68.4,percent,percent,
2016,2016,Nova Scotia,Females,18 to 34 years,"Ability to handle the day-to-day demands in life, good or excellent",86.8,80.1,91.5,percent,percent,
2016,2016,Nova Scotia,Females,18 to 34 years,"Ability to handle unexpected and difficult problems, good or excellent",65.8,58.0,72.9,percent,percent,
2016,2016,Nova Scotia,Females,18 to 34 years,"Main source of stress in day-to-day life, family",13.4,8.6,20.4,percent,percent,E
2016,2016,Nova Scotia,Females,18 to 34 years,"Main source of stress in day-to-day life, financial concerns",27.3,20.7,35.1,percent,percent,
2016,2016,Nova Scotia,Females,18 to 34 years,"Main source of stress in day-to-day life, school work (12 to 34 years old)",12.0,7.4,18.8,percent,percent,E
2016,2016,Nova Scotia,Females,18 to 34 years,"Main source of stress in day-to-day life, time pressures/ not enough time",12.6,8.3,18.5,percent,percent,E
2016,2016,Nova Scotia,Females,18 to 34 years,"Main source of stress in day-to-day life, work",27.0,19.9,35.7,percent,percent,E
2016,2016,Nova Scotia,Females,35 to 49 years,"Ability to handle the day-to-day demands in life, good or excellent",94.2,89.7,96.9,percent,percent,
2016,2016,Nova Scotia,Females,35 to 49 years,"Ability to handle unexpected and difficult problems, good or excellent",83.8,76.9,89.0,percent,percent,
2016,2016,Nova Scotia,Females,35 to 49 years,"Main source of stress in day-to-day life, family",16.5,11.0,24.0,percent,percent,E
2016,2016,Nova Scotia,Females,35 to 49 years,"Main source of stress in day-to-day life, financial concerns",30.1,23.3,37.9,percent,percent,
2016,2016,Nova Scotia,Females,35 to 49 years,"Main source of stress in day-to-day life, health",4.5,2.4,8.3,percent,percent,E
2016,2016,Nova Scotia,Females,35 to 49 years,"Main source of stress in day-to-day life, none",6.2,3.5,10.9,percent,percent,E
2016,2016,Nova Scotia,Females,35 to 49 years,"Main source of stress in day-to-day life, time pressures/ not enough time",16.8,12.1,22.8,percent,percent,E
2016,2016,Nova Scotia,Females,35 to 49 years,"Main source of stress in day-to-day life, work",23.6,17.9,30.4,percent,percent,
2016,2016,Nova Scotia,Females,50 to 64 years,"Ability to handle the day-to-day demands in life, good or excellent",93.1,89.1,95.7,percent,percent,
2016,2016,Nova Scotia,Females,50 to 64 years,"Ability to handle unexpected and difficult problems, good or excellent",82.1,76.1,86.9,percent,percent,
2016,2016,Nova Scotia,Females,50 to 64 years,"Main source of stress in day-to-day life, family",27.9,22.2,34.5,percent,percent,
2016,2016,Nova Scotia,Females,50 to 64 years,"Main source of stress in day-to-day life, financial concerns",19.2,13.9,25.9,percent,percent,E
2016,2016,Nova Scotia,Females,50 to 64 years,"Main source of stress in day-to-day life, health",6.4,4.0,10.3,percent,percent,E
2016,2016,Nova Scotia,Females,50 to 64 years,"Main source of stress in day-to-day life, none",11.9,8.6,16.1,percent,percent,E
2016,2016,Nova Scotia,Females,50 to 64 years,"Main source of stress in day-to-day life, time pressures/ not enough time",10.9,6.9,16.7,percent,percent,E
2016,2016,Nova Scotia,Females,50 to 64 years,"Main source of stress in day-to-day life, work",18.2,13.9,23.6,percent,percent,
2016,2016,Nova Scotia,Females,65 years and over,"Ability to handle the day-to-day demands in life, good or excellent",92.2,88.6,94.8,percent,percent,
2016,2016,Nova Scotia,Females,65 years and over,"Ability to handle unexpected and difficult problems, good or excellent",83.0,77.1,87.6,percent,percent,
2016,2016,Nova Scotia,Females,65 years and over,"Main source of stress in day-to-day life, family",32.0,26.9,37.4,percent,percent,
2016,2016,Nova Scotia,Females,65 years and over,"Main source of stress in day-to-day life, financial concerns",8.9,6.5,12.2,percent,percent,E
2016,2016,Nova Scotia,Females,65 years and over,"Main source of stress in day-to-day life, health",14.8,11.2,19.4,percent,percent,
2016,2016,Nova Scotia,Females,65 years and over,"Main source of stress in day-to-day life, none",32.6,26.7,39.1,percent,percent,
2016,2016,Nova Scotia,Females,65 years and over,"Main source of stress in day-to-day life, other",3.4,1.9,6.2,percent,percent,E
2016,2016,Nova Scotia,Females,65 years and over,"Main source of stress in day-to-day life, time pressures/ not enough time",5.1,3.1,8.3,percent,percent,E
2016,2016,Nova Scotia,Females,65 years and over,"Main source of stress in day-to-day life, work",3.1,1.7,5.6,percent,percent,E
2016,2016,Nova Scotia,Females,"Total, 12 years and over","Ability to handle the day-to-day demands in life, good or excellent",91.3,89.2,93.0,percent,percent,
2016,2016,Nova Scotia,Females,"Total, 12 years and over","Ability to handle unexpected and difficult problems, good or excellent",78.0,74.7,81.0,percent,percent,
2016,2016,Nova Scotia,Females,"Total, 12 years and over","Main source of stress in day-to-day life, family",21.9,19.2,24.8,percent,percent,
2016,2016,Nova Scotia,Females,"Total, 12 years and over","Main source of stress in day-to-day life, financial concerns",20.0,17.4,23.0,percent,percent,
2016,2016,Nova Scotia,Females,"Total, 12 years and over","Main source of stress in day-to-day life, health",7.2,5.6,9.1,percent,percent,
2016,2016,Nova Scotia,Females,"Total, 12 years and over","Main source of stress in day-to-day life, none",13.2,11.3,15.3,percent,percent,
2016,2016,Nova Scotia,Females,"Total, 12 years and over","Main source of stress in day-to-day life, other",3.3,2.1,5.2,percent,percent,E
2016,2016,Nova Scotia,Females,"Total, 12 years and over","Main source of stress in day-to-day life, school work (12 to 34 years old)",21.8,17.2,27.3,percent,percent,
2016,2016,Nova Scotia,Females,"Total, 12 years and over","Main source of stress in day-to-day life, time pressures/ not enough time",10.8,8.9,13.0,percent,percent,
2016,2016,Nova Scotia,Females,"Total, 12 years and over","Main source of stress in day-to-day life, work",17.2,14.6,20.1,percent,percent,
2016,2016,Nova Scotia,Males,12 to 17 years,"Ability to handle the day-to-day demands in life, good or excellent",86.1,77.4,91.8,percent,percent,
2016,2016,Nova Scotia,Males,12 to 17 years,"Ability to handle unexpected and difficult problems, good or excellent",68.9,58.2,77.9,percent,percent,
2016,2016,Nova Scotia,Males,12 to 17 years,"Main source of stress in day-to-day life, none",18.3,11.6,27.7,percent,percent,E
2016,2016,Nova Scotia,Males,12 to 17 years,"Main source of stress in day-to-day life, school work (12 to 34 years old)",58.1,47.2,68.3,percent,percent,
2016,2016,Nova Scotia,Males,18 to 34 years,"Ability to handle the day-to-day demands in life, good or excellent",90.2,84.7,93.8,percent,percent,
2016,2016,Nova Scotia,Males,18 to 34 years,"Ability to handle unexpected and difficult problems, good or excellent",79.2,71.4,85.3,percent,percent,
2016,2016,Nova Scotia,Males,18 to 34 years,"Main source of stress in day-to-day life, financial concerns",35.7,27.6,44.8,percent,percent,
2016,2016,Nova Scotia,Males,18 to 34 years,"Main source of stress in day-to-day life, none",7.9,4.3,14.1,percent,percent,E
2016,2016,Nova Scotia,Males,18 to 34 years,"Main source of stress in day-to-day life, school work (12 to 34 years old)",8.7,5.2,14.1,percent,percent,E
2016,2016,Nova Scotia,Males,18 to 34 years,"Main source of stress in day-to-day life, time pressures/ not enough time",12.1,6.6,21.3,percent,percent,E
2016,2016,Nova Scotia,Males,18 to 34 years,"Main source of stress in day-to-day life, work",26.9,19.7,35.6,percent,percent,E
2016,2016,Nova Scotia,Males,35 to 49 years,"Ability to handle the day-to-day demands in life, good or excellent",89.7,82.9,94.0,percent,percent,
2016,2016,Nova Scotia,Males,35 to 49 years,"Ability to handle unexpected and difficult problems, good or excellent",84.6,76.4,90.3,percent,percent,
2016,2016,Nova Scotia,Males,35 to 49 years,"Main source of stress in day-to-day life, family",17.1,10.9,25.7,percent,percent,E
2016,2016,Nova Scotia,Males,35 to 49 years,"Main source of stress in day-to-day life, financial concerns",20.1,14.0,27.9,percent,percent,E
2016,2016,Nova Scotia,Males,35 to 49 years,"Main source of stress in day-to-day life, none",7.7,4.4,13.2,percent,percent,E
2016,2016,Nova Scotia,Males,35 to 49 years,"Main source of stress in day-to-day life, work",42.5,34.7,50.7,percent,percent,
2016,2016,Nova Scotia,Males,50 to 64 years,"Ability to handle the day-to-day demands in life, good or excellent",90.6,85.2,94.2,percent,percent,
2016,2016,Nova Scotia,Males,50 to 64 years,"Ability to handle unexpected and difficult problems, good or excellent",85.4,79.5,89.8,percent,percent,
2016,2016,Nova Scotia,Males,50 to 64 years,"Main source of stress in day-to-day life, family",13.9,9.5,19.9,percent,percent,E
2016,2016,Nova Scotia,Males,50 to 64 years,"Main source of stress in day-to-day life, financial concerns",23.8,18.0,30.7,percent,percent,
2016,2016,Nova Scotia,Males,50 to 64 years,"Main source of stress in day-to-day life, health",5.4,3.1,9.0,percent,percent,E
2016,2016,Nova Scotia,Males,50 to 64 years,"Main source of stress in day-to-day life, none",13.6,9.5,19.2,percent,percent,E
2016,2016,Nova Scotia,Males,50 to 64 years,"Main source of stress in day-to-day life, time pressures/ not enough time",9.0,5.4,14.9,percent,percent,E
2016,2016,Nova Scotia,Males,50 to 64 years,"Main source of stress in day-to-day life, work",31.0,24.1,38.7,percent,percent,
2016,2016,Nova Scotia,Males,65 years and over,"Ability to handle the day-to-day demands in life, good or excellent",94.6,90.7,97.0,percent,percent,
2016,2016,Nova Scotia,Males,65 years and over,"Ability to handle unexpected and difficult problems, good or excellent",91.4,87.2,94.3,percent,percent,
2016,2016,Nova Scotia,Males,65 years and over,"Main source of stress in day-to-day life, family",17.6,13.3,23.1,percent,percent,
2016,2016,Nova Scotia,Males,65 years and over,"Main source of stress in day-to-day life, financial concerns",15.4,11.3,20.8,percent,percent,E
2016,2016,Nova Scotia,Males,65 years and over,"Main source of stress in day-to-day life, health",14.4,10.1,20.1,percent,percent,E
2016,2016,Nova Scotia,Males,65 years and over,"Main source of stress in day-to-day life, none",34.7,28.7,41.2,percent,percent,
2016,2016,Nova Scotia,Males,65 years and over,"Main source of stress in day-to-day life, other",3.6,2.0,6.4,percent,percent,E
2016,2016,Nova Scotia,Males,65 years and over,"Main source of stress in day-to-day life, time pressures/ not enough time",6.9,4.2,11.1,percent,percent,E
2016,2016,Nova Scotia,Males,65 years and over,"Main source of stress in day-to-day life, work",7.4,4.7,11.5,percent,percent,E
2016,2016,Nova Scotia,Males,"Total, 12 years and over","Ability to handle the day-to-day demands in life, good or excellent",90.7,88.3,92.7,percent,percent,
2016,2016,Nova Scotia,Males,"Total, 12 years and over","Ability to handle unexpected and difficult problems, good or excellent",83.6,80.3,86.4,percent,percent,
2016,2016,Nova Scotia,Males,"Total, 12 years and over","Main source of stress in day-to-day life, family",11.9,9.7,14.5,percent,percent,
2016,2016,Nova Scotia,Males,"Total, 12 years and over","Main source of stress in day-to-day life, financial concerns",22.7,19.6,26.1,percent,percent,
2016,2016,Nova Scotia,Males,"Total, 12 years and over","Main source of stress in day-to-day life, health",6.4,4.9,8.3,percent,percent,
2016,2016,Nova Scotia,Males,"Total, 12 years and over","Main source of stress in day-to-day life, none",15.2,12.9,17.8,percent,percent,
2016,2016,Nova Scotia,Males,"Total, 12 years and over","Main source of stress in day-to-day life, other",3.1,2.0,4.7,percent,percent,E
2016,2016,Nova Scotia,Males,"Total, 12 years and over","Main source of stress in day-to-day life, school work (12 to 34 years old)",19.7,15.9,24.3,percent,percent,
2016,2016,Nova Scotia,Males,"Total, 12 years and over","Main source of stress in day-to-day life, time pressures/ not enough time",8.5,6.3,11.3,percent,percent,
2016,2016,Nova Scotia,Males,"Total, 12 years and over","Main source of stress in day-to-day life, work",25.8,22.5,29.5,percent,percent,
2016,2016,Ontario,Both sexes,12 to 17 years,"Ability to handle the day-to-day demands in life, good or excellent",84.6,81.4,87.3,percent,percent,
2016,2016,Ontario,Both sexes,12 to 17 years,"Ability to handle unexpected and difficult problems, good or excellent",72.7,68.8,76.2,percent,percent,
2016,2016,Ontario,Both sexes,12 to 17 years,"Main source of stress in day-to-day life, family",6.4,4.9,8.2,percent,percent,
2016,2016,Ontario,Both sexes,12 to 17 years,"Main source of stress in day-to-day life, financial concerns",0.7,0.3,1.3,percent,percent,E
2016,2016,Ontario,Both sexes,12 to 17 years,"Main source of stress in day-to-day life, health",1.1,0.7,2.0,percent,percent,E
2016,2016,Ontario,Both sexes,12 to 17 years,"Main source of stress in day-to-day life, none",11.6,9.3,14.5,percent,percent,
2016,2016,Ontario,Both sexes,12 to 17 years,"Main source of stress in day-to-day life, other",2.7,1.7,4.2,percent,percent,E
2016,2016,Ontario,Both sexes,12 to 17 years,"Main source of stress in day-to-day life, school work (12 to 34 years old)",60.2,56.3,63.9,percent,percent,
2016,2016,Ontario,Both sexes,12 to 17 years,"Main source of stress in day-to-day life, time pressures/ not enough time",14.6,11.9,17.8,percent,percent,
2016,2016,Ontario,Both sexes,12 to 17 years,"Main source of stress in day-to-day life, work",2.6,1.7,4.0,percent,percent,E
2016,2016,Ontario,Both sexes,18 to 34 years,"Ability to handle the day-to-day demands in life, good or excellent",85.5,83.3,87.4,percent,percent,
2016,2016,Ontario,Both sexes,18 to 34 years,"Ability to handle unexpected and difficult problems, good or excellent",75.0,72.3,77.5,percent,percent,
2016,2016,Ontario,Both sexes,18 to 34 years,"Main source of stress in day-to-day life, family",9.7,8.3,11.4,percent,percent,
2016,2016,Ontario,Both sexes,18 to 34 years,"Main source of stress in day-to-day life, financial concerns",24.3,22.0,26.9,percent,percent,
2016,2016,Ontario,Both sexes,18 to 34 years,"Main source of stress in day-to-day life, health",3.7,2.9,4.8,percent,percent,
2016,2016,Ontario,Both sexes,18 to 34 years,"Main source of stress in day-to-day life, none",6.5,5.3,8.0,percent,percent,
2016,2016,Ontario,Both sexes,18 to 34 years,"Main source of stress in day-to-day life, other",3.4,2.5,4.6,percent,percent,E
2016,2016,Ontario,Both sexes,18 to 34 years,"Main source of stress in day-to-day life, school work (12 to 34 years old)",13.1,11.1,15.3,percent,percent,
2016,2016,Ontario,Both sexes,18 to 34 years,"Main source of stress in day-to-day life, time pressures/ not enough time",12.4,10.5,14.5,percent,percent,
2016,2016,Ontario,Both sexes,18 to 34 years,"Main source of stress in day-to-day life, work",26.8,24.5,29.2,percent,percent,
2016,2016,Ontario,Both sexes,35 to 49 years,"Ability to handle the day-to-day demands in life, good or excellent",89.6,88.0,91.0,percent,percent,
2016,2016,Ontario,Both sexes,35 to 49 years,"Ability to handle unexpected and difficult problems, good or excellent",81.4,78.5,83.9,percent,percent,
2016,2016,Ontario,Both sexes,35 to 49 years,"Main source of stress in day-to-day life, family",15.5,13.5,17.8,percent,percent,
2016,2016,Ontario,Both sexes,35 to 49 years,"Main source of stress in day-to-day life, financial concerns",23.7,21.4,26.2,percent,percent,
2016,2016,Ontario,Both sexes,35 to 49 years,"Main source of stress in day-to-day life, health",4.8,3.8,6.0,percent,percent,
2016,2016,Ontario,Both sexes,35 to 49 years,"Main source of stress in day-to-day life, none",7.1,5.7,8.9,percent,percent,
2016,2016,Ontario,Both sexes,35 to 49 years,"Main source of stress in day-to-day life, other",2.7,2.0,3.6,percent,percent,
2016,2016,Ontario,Both sexes,35 to 49 years,"Main source of stress in day-to-day life, time pressures/ not enough time",13.0,11.3,15.0,percent,percent,
2016,2016,Ontario,Both sexes,35 to 49 years,"Main source of stress in day-to-day life, work",32.6,30.0,35.4,percent,percent,
2016,2016,Ontario,Both sexes,50 to 64 years,"Ability to handle the day-to-day demands in life, good or excellent",89.8,88.2,91.2,percent,percent,
2016,2016,Ontario,Both sexes,50 to 64 years,"Ability to handle unexpected and difficult problems, good or excellent",85.0,83.0,86.9,percent,percent,
2016,2016,Ontario,Both sexes,50 to 64 years,"Main source of stress in day-to-day life, family",19.3,17.4,21.4,percent,percent,
2016,2016,Ontario,Both sexes,50 to 64 years,"Main source of stress in day-to-day life, financial concerns",20.1,18.2,22.2,percent,percent,
2016,2016,Ontario,Both sexes,50 to 64 years,"Main source of stress in day-to-day life, health",8.9,7.4,10.8,percent,percent,
2016,2016,Ontario,Both sexes,50 to 64 years,"Main source of stress in day-to-day life, none",12.1,10.6,13.9,percent,percent,
2016,2016,Ontario,Both sexes,50 to 64 years,"Main source of stress in day-to-day life, other",3.1,2.4,4.0,percent,percent,
2016,2016,Ontario,Both sexes,50 to 64 years,"Main source of stress in day-to-day life, time pressures/ not enough time",7.9,6.6,9.5,percent,percent,
2016,2016,Ontario,Both sexes,50 to 64 years,"Main source of stress in day-to-day life, work",28.4,26.1,30.8,percent,percent,
2016,2016,Ontario,Both sexes,65 years and over,"Ability to handle the day-to-day demands in life, good or excellent",91.4,90.0,92.7,percent,percent,
2016,2016,Ontario,Both sexes,65 years and over,"Ability to handle unexpected and difficult problems, good or excellent",85.3,83.5,87.0,percent,percent,
2016,2016,Ontario,Both sexes,65 years and over,"Main source of stress in day-to-day life, family",26.7,24.6,28.9,percent,percent,
2016,2016,Ontario,Both sexes,65 years and over,"Main source of stress in day-to-day life, financial concerns",13.2,11.4,15.2,percent,percent,
2016,2016,Ontario,Both sexes,65 years and over,"Main source of stress in day-to-day life, health",14.4,13.0,16.1,percent,percent,
2016,2016,Ontario,Both sexes,65 years and over,"Main source of stress in day-to-day life, none",31.0,28.8,33.2,percent,percent,
2016,2016,Ontario,Both sexes,65 years and over,"Main source of stress in day-to-day life, other",4.2,3.3,5.4,percent,percent,
2016,2016,Ontario,Both sexes,65 years and over,"Main source of stress in day-to-day life, time pressures/ not enough time",4.9,4.0,6.0,percent,percent,
2016,2016,Ontario,Both sexes,65 years and over,"Main source of stress in day-to-day life, work",5.6,4.3,7.1,percent,percent,
2016,2016,Ontario,Both sexes,"Total, 12 years and over","Ability to handle the day-to-day demands in life, good or excellent",88.5,87.6,89.2,percent,percent,
2016,2016,Ontario,Both sexes,"Total, 12 years and over","Ability to handle unexpected and difficult problems, good or excellent",80.6,79.3,81.7,percent,percent,
2016,2016,Ontario,Both sexes,"Total, 12 years and over","Main source of stress in day-to-day life, family",16.1,15.2,17.0,percent,percent,
2016,2016,Ontario,Both sexes,"Total, 12 years and over","Main source of stress in day-to-day life, financial concerns",19.5,18.5,20.6,percent,percent,
2016,2016,Ontario,Both sexes,"Total, 12 years and over","Main source of stress in day-to-day life, health",6.9,6.3,7.6,percent,percent,
2016,2016,Ontario,Both sexes,"Total, 12 years and over","Main source of stress in day-to-day life, none",12.6,11.8,13.4,percent,percent,
2016,2016,Ontario,Both sexes,"Total, 12 years and over","Main source of stress in day-to-day life, other",3.3,2.8,3.8,percent,percent,
2016,2016,Ontario,Both sexes,"Total, 12 years and over","Main source of stress in day-to-day life, school work (12 to 34 years old)",23.0,21.2,25.0,percent,percent,
2016,2016,Ontario,Both sexes,"Total, 12 years and over","Main source of stress in day-to-day life, time pressures/ not enough time",10.3,9.5,11.2,percent,percent,
2016,2016,Ontario,Both sexes,"Total, 12 years and over","Main source of stress in day-to-day life, work",23.1,22.0,24.3,percent,percent,
2016,2016,Ontario,Females,12 to 17 years,"Ability to handle the day-to-day demands in life, good or excellent",84.3,79.4,88.2,percent,percent,
2016,2016,Ontario,Females,12 to 17 years,"Ability to handle unexpected and difficult problems, good or excellent",71.9,66.2,77.0,percent,percent,
2016,2016,Ontario,Females,12 to 17 years,"Main source of stress in day-to-day life, family",6.6,4.6,9.3,percent,percent,E
2016,2016,Ontario,Females,12 to 17 years,"Main source of stress in day-to-day life, none",8.8,6.2,12.2,percent,percent,E
2016,2016,Ontario,Females,12 to 17 years,"Main source of stress in day-to-day life, school work (12 to 34 years old)",66.5,61.1,71.6,percent,percent,
2016,2016,Ontario,Females,12 to 17 years,"Main source of stress in day-to-day life, time pressures/ not enough time",12.0,8.8,16.2,percent,percent,E
2016,2016,Ontario,Females,12 to 17 years,"Main source of stress in day-to-day life, work",1.4,0.8,2.7,percent,percent,E
2016,2016,Ontario,Females,18 to 34 years,"Ability to handle the day-to-day demands in life, good or excellent",85.2,82.3,87.7,percent,percent,
2016,2016,Ontario,Females,18 to 34 years,"Ability to handle unexpected and difficult problems, good or excellent",71.3,67.7,74.6,percent,percent,
2016,2016,Ontario,Females,18 to 34 years,"Main source of stress in day-to-day life, family",12.4,10.3,14.9,percent,percent,
2016,2016,Ontario,Females,18 to 34 years,"Main source of stress in day-to-day life, financial concerns",20.2,17.5,23.2,percent,percent,
2016,2016,Ontario,Females,18 to 34 years,"Main source of stress in day-to-day life, health",5.4,4.0,7.3,percent,percent,E
2016,2016,Ontario,Females,18 to 34 years,"Main source of stress in day-to-day life, none",6.1,4.5,8.2,percent,percent,E
2016,2016,Ontario,Females,18 to 34 years,"Main source of stress in day-to-day life, other",3.8,2.6,5.8,percent,percent,E
2016,2016,Ontario,Females,18 to 34 years,"Main source of stress in day-to-day life, school work (12 to 34 years old)",15.4,12.6,18.7,percent,percent,
2016,2016,Ontario,Females,18 to 34 years,"Main source of stress in day-to-day life, time pressures/ not enough time",13.4,10.7,16.5,percent,percent,
2016,2016,Ontario,Females,18 to 34 years,"Main source of stress in day-to-day life, work",23.2,20.3,26.4,percent,percent,
2016,2016,Ontario,Females,35 to 49 years,"Ability to handle the day-to-day demands in life, good or excellent",87.3,84.6,89.6,percent,percent,
2016,2016,Ontario,Females,35 to 49 years,"Ability to handle unexpected and difficult problems, good or excellent",79.3,75.9,82.4,percent,percent,
2016,2016,Ontario,Females,35 to 49 years,"Main source of stress in day-to-day life, family",19.2,16.2,22.6,percent,percent,
2016,2016,Ontario,Females,35 to 49 years,"Main source of stress in day-to-day life, financial concerns",20.8,18.0,23.9,percent,percent,
2016,2016,Ontario,Females,35 to 49 years,"Main source of stress in day-to-day life, health",5.6,4.1,7.6,percent,percent,E
2016,2016,Ontario,Females,35 to 49 years,"Main source of stress in day-to-day life, none",7.0,5.1,9.5,percent,percent,E
2016,2016,Ontario,Females,35 to 49 years,"Main source of stress in day-to-day life, other",2.8,2.0,3.9,percent,percent,E
2016,2016,Ontario,Females,35 to 49 years,"Main source of stress in day-to-day life, time pressures/ not enough time",16.0,13.4,19.1,percent,percent,
2016,2016,Ontario,Females,35 to 49 years,"Main source of stress in day-to-day life, work",28.0,24.5,31.7,percent,percent,
2016,2016,Ontario,Females,50 to 64 years,"Ability to handle the day-to-day demands in life, good or excellent",90.5,88.3,92.2,percent,percent,
2016,2016,Ontario,Females,50 to 64 years,"Ability to handle unexpected and difficult problems, good or excellent",83.2,79.9,86.1,percent,percent,
2016,2016,Ontario,Females,50 to 64 years,"Main source of stress in day-to-day life, family",24.7,21.7,28.0,percent,percent,
2016,2016,Ontario,Females,50 to 64 years,"Main source of stress in day-to-day life, financial concerns",17.7,15.1,20.7,percent,percent,
2016,2016,Ontario,Females,50 to 64 years,"Main source of stress in day-to-day life, health",10.0,7.7,13.0,percent,percent,
2016,2016,Ontario,Females,50 to 64 years,"Main source of stress in day-to-day life, none",11.9,9.7,14.6,percent,percent,
2016,2016,Ontario,Females,50 to 64 years,"Main source of stress in day-to-day life, other",2.8,2.0,3.8,percent,percent,E
2016,2016,Ontario,Females,50 to 64 years,"Main source of stress in day-to-day life, time pressures/ not enough time",8.6,6.7,11.0,percent,percent,
2016,2016,Ontario,Females,50 to 64 years,"Main source of stress in day-to-day life, work",24.2,21.3,27.3,percent,percent,
2016,2016,Ontario,Females,65 years and over,"Ability to handle the day-to-day demands in life, good or excellent",92.1,90.6,93.4,percent,percent,
2016,2016,Ontario,Females,65 years and over,"Ability to handle unexpected and difficult problems, good or excellent",83.9,81.4,86.1,percent,percent,
2016,2016,Ontario,Females,65 years and over,"Main source of stress in day-to-day life, family",33.0,29.9,36.2,percent,percent,
2016,2016,Ontario,Females,65 years and over,"Main source of stress in day-to-day life, financial concerns",12.4,9.9,15.3,percent,percent,
2016,2016,Ontario,Females,65 years and over,"Main source of stress in day-to-day life, health",15.4,13.3,17.6,percent,percent,
2016,2016,Ontario,Females,65 years and over,"Main source of stress in day-to-day life, none",27.2,24.6,30.1,percent,percent,
2016,2016,Ontario,Females,65 years and over,"Main source of stress in day-to-day life, other",3.8,3.0,4.9,percent,percent,
2016,2016,Ontario,Females,65 years and over,"Main source of stress in day-to-day life, time pressures/ not enough time",4.6,3.6,5.9,percent,percent,
2016,2016,Ontario,Females,65 years and over,"Main source of stress in day-to-day life, work",3.6,2.2,5.7,percent,percent,E
2016,2016,Ontario,Females,"Total, 12 years and over","Ability to handle the day-to-day demands in life, good or excellent",88.2,87.0,89.3,percent,percent,
2016,2016,Ontario,Females,"Total, 12 years and over","Ability to handle unexpected and difficult problems, good or excellent",78.4,76.9,79.9,percent,percent,
2016,2016,Ontario,Females,"Total, 12 years and over","Main source of stress in day-to-day life, family",20.3,19.0,21.8,percent,percent,
2016,2016,Ontario,Females,"Total, 12 years and over","Main source of stress in day-to-day life, financial concerns",16.9,15.7,18.3,percent,percent,
2016,2016,Ontario,Females,"Total, 12 years and over","Main source of stress in day-to-day life, health",8.1,7.2,9.1,percent,percent,
2016,2016,Ontario,Females,"Total, 12 years and over","Main source of stress in day-to-day life, none",11.8,10.7,12.9,percent,percent,
2016,2016,Ontario,Females,"Total, 12 years and over","Main source of stress in day-to-day life, other",3.3,2.7,3.9,percent,percent,
2016,2016,Ontario,Females,"Total, 12 years and over","Main source of stress in day-to-day life, school work (12 to 34 years old)",26.1,23.5,28.9,percent,percent,
2016,2016,Ontario,Females,"Total, 12 years and over","Main source of stress in day-to-day life, time pressures/ not enough time",11.1,10.0,12.4,percent,percent,
2016,2016,Ontario,Females,"Total, 12 years and over","Main source of stress in day-to-day life, work",19.4,18.0,20.9,percent,percent,
2016,2016,Ontario,Males,12 to 17 years,"Ability to handle the day-to-day demands in life, good or excellent",84.9,80.4,88.4,percent,percent,
2016,2016,Ontario,Males,12 to 17 years,"Ability to handle unexpected and difficult problems, good or excellent",73.3,67.9,78.1,percent,percent,
2016,2016,Ontario,Males,12 to 17 years,"Main source of stress in day-to-day life, family",6.2,4.2,9.0,percent,percent,E
2016,2016,Ontario,Males,12 to 17 years,"Main source of stress in day-to-day life, none",14.5,10.7,19.2,percent,percent,
2016,2016,Ontario,Males,12 to 17 years,"Main source of stress in day-to-day life, other",2.7,1.5,4.6,percent,percent,E
2016,2016,Ontario,Males,12 to 17 years,"Main source of stress in day-to-day life, school work (12 to 34 years old)",54.0,48.2,59.7,percent,percent,
2016,2016,Ontario,Males,12 to 17 years,"Main source of stress in day-to-day life, time pressures/ not enough time",17.2,13.0,22.3,percent,percent,
2016,2016,Ontario,Males,12 to 17 years,"Main source of stress in day-to-day life, work",3.8,2.3,6.4,percent,percent,E
2016,2016,Ontario,Males,18 to 34 years,"Ability to handle the day-to-day demands in life, good or excellent",85.7,82.5,88.4,percent,percent,
2016,2016,Ontario,Males,18 to 34 years,"Ability to handle unexpected and difficult problems, good or excellent",78.8,74.7,82.3,percent,percent,
2016,2016,Ontario,Males,18 to 34 years,"Main source of stress in day-to-day life, family",7.0,5.2,9.3,percent,percent,
2016,2016,Ontario,Males,18 to 34 years,"Main source of stress in day-to-day life, financial concerns",28.5,24.7,32.7,percent,percent,
2016,2016,Ontario,Males,18 to 34 years,"Main source of stress in day-to-day life, health",2.0,1.3,3.2,percent,percent,E
2016,2016,Ontario,Males,18 to 34 years,"Main source of stress in day-to-day life, none",7.0,5.3,9.2,percent,percent,
2016,2016,Ontario,Males,18 to 34 years,"Main source of stress in day-to-day life, other",3.0,2.0,4.6,percent,percent,E
2016,2016,Ontario,Males,18 to 34 years,"Main source of stress in day-to-day life, school work (12 to 34 years old)",10.7,8.2,13.8,percent,percent,
2016,2016,Ontario,Males,18 to 34 years,"Main source of stress in day-to-day life, time pressures/ not enough time",11.4,9.1,14.2,percent,percent,
2016,2016,Ontario,Males,18 to 34 years,"Main source of stress in day-to-day life, work",30.4,26.9,34.1,percent,percent,
2016,2016,Ontario,Males,35 to 49 years,"Ability to handle the day-to-day demands in life, good or excellent",91.9,89.9,93.6,percent,percent,
2016,2016,Ontario,Males,35 to 49 years,"Ability to handle unexpected and difficult problems, good or excellent",83.6,78.8,87.4,percent,percent,
2016,2016,Ontario,Males,35 to 49 years,"Main source of stress in day-to-day life, family",11.6,9.1,14.8,percent,percent,
2016,2016,Ontario,Males,35 to 49 years,"Main source of stress in day-to-day life, financial concerns",26.8,23.0,31.0,percent,percent,
2016,2016,Ontario,Males,35 to 49 years,"Main source of stress in day-to-day life, health",3.9,2.7,5.6,percent,percent,E
2016,2016,Ontario,Males,35 to 49 years,"Main source of stress in day-to-day life, none",7.2,5.1,10.1,percent,percent,E
2016,2016,Ontario,Males,35 to 49 years,"Main source of stress in day-to-day life, other",2.6,1.6,4.3,percent,percent,E
2016,2016,Ontario,Males,35 to 49 years,"Main source of stress in day-to-day life, time pressures/ not enough time",9.8,7.5,12.7,percent,percent,
2016,2016,Ontario,Males,35 to 49 years,"Main source of stress in day-to-day life, work",37.6,33.5,41.8,percent,percent,
2016,2016,Ontario,Males,50 to 64 years,"Ability to handle the day-to-day demands in life, good or excellent",89.2,86.6,91.3,percent,percent,
2016,2016,Ontario,Males,50 to 64 years,"Ability to handle unexpected and difficult problems, good or excellent",86.9,84.5,88.9,percent,percent,
2016,2016,Ontario,Males,50 to 64 years,"Main source of stress in day-to-day life, family",13.9,11.6,16.5,percent,percent,
2016,2016,Ontario,Males,50 to 64 years,"Main source of stress in day-to-day life, financial concerns",22.6,19.7,25.7,percent,percent,
2016,2016,Ontario,Males,50 to 64 years,"Main source of stress in day-to-day life, health",7.8,6.1,10.0,percent,percent,
2016,2016,Ontario,Males,50 to 64 years,"Main source of stress in day-to-day life, none",12.3,10.3,14.7,percent,percent,
2016,2016,Ontario,Males,50 to 64 years,"Main source of stress in day-to-day life, other",3.4,2.3,4.9,percent,percent,E
2016,2016,Ontario,Males,50 to 64 years,"Main source of stress in day-to-day life, time pressures/ not enough time",7.3,5.5,9.5,percent,percent,
2016,2016,Ontario,Males,50 to 64 years,"Main source of stress in day-to-day life, work",32.7,29.2,36.3,percent,percent,
2016,2016,Ontario,Males,65 years and over,"Ability to handle the day-to-day demands in life, good or excellent",90.6,88.0,92.7,percent,percent,
2016,2016,Ontario,Males,65 years and over,"Ability to handle unexpected and difficult problems, good or excellent",87.0,84.0,89.5,percent,percent,
2016,2016,Ontario,Males,65 years and over,"Main source of stress in day-to-day life, family",19.0,16.4,22.0,percent,percent,
2016,2016,Ontario,Males,65 years and over,"Main source of stress in day-to-day life, financial concerns",14.1,11.7,17.0,percent,percent,
2016,2016,Ontario,Males,65 years and over,"Main source of stress in day-to-day life, health",13.3,11.3,15.6,percent,percent,
2016,2016,Ontario,Males,65 years and over,"Main source of stress in day-to-day life, none",35.6,31.9,39.4,percent,percent,
2016,2016,Ontario,Males,65 years and over,"Main source of stress in day-to-day life, other",4.7,3.1,7.0,percent,percent,E
2016,2016,Ontario,Males,65 years and over,"Main source of stress in day-to-day life, time pressures/ not enough time",5.2,3.7,7.3,percent,percent,E
2016,2016,Ontario,Males,65 years and over,"Main source of stress in day-to-day life, work",8.0,5.8,10.9,percent,percent,E
2016,2016,Ontario,Males,"Total, 12 years and over","Ability to handle the day-to-day demands in life, good or excellent",88.7,87.5,89.9,percent,percent,
2016,2016,Ontario,Males,"Total, 12 years and over","Ability to handle unexpected and difficult problems, good or excellent",82.8,81.0,84.5,percent,percent,
2016,2016,Ontario,Males,"Total, 12 years and over","Main source of stress in day-to-day life, family",11.7,10.5,12.9,percent,percent,
2016,2016,Ontario,Males,"Total, 12 years and over","Main source of stress in day-to-day life, financial concerns",22.2,20.6,23.9,percent,percent,
2016,2016,Ontario,Males,"Total, 12 years and over","Main source of stress in day-to-day life, health",5.6,5.0,6.4,percent,percent,
2016,2016,Ontario,Males,"Total, 12 years and over","Main source of stress in day-to-day life, none",13.5,12.3,14.8,percent,percent,
2016,2016,Ontario,Males,"Total, 12 years and over","Main source of stress in day-to-day life, other",3.3,2.6,4.0,percent,percent,
2016,2016,Ontario,Males,"Total, 12 years and over","Main source of stress in day-to-day life, school work (12 to 34 years old)",20.0,17.6,22.6,percent,percent,
2016,2016,Ontario,Males,"Total, 12 years and over","Main source of stress in day-to-day life, time pressures/ not enough time",9.4,8.3,10.7,percent,percent,
2016,2016,Ontario,Males,"Total, 12 years and over","Main source of stress in day-to-day life, work",27.0,25.4,28.8,percent,percent,
2016,2016,Prince Edward Island,Both sexes,12 to 17 years,"Ability to handle the day-to-day demands in life, good or excellent",93.1,86.2,96.7,percent,percent,
2016,2016,Prince Edward Island,Both sexes,12 to 17 years,"Ability to handle unexpected and difficult problems, good or excellent",79.2,69.9,86.2,percent,percent,
2016,2016,Prince Edward Island,Both sexes,12 to 17 years,"Main source of stress in day-to-day life, none",16.4,10.4,25.0,percent,percent,E
2016,2016,Prince Edward Island,Both sexes,12 to 17 years,"Main source of stress in day-to-day life, school work (12 to 34 years old)",65.5,55.5,74.3,percent,percent,
2016,2016,Prince Edward Island,Both sexes,18 to 34 years,"Ability to handle the day-to-day demands in life, good or excellent",93.8,88.8,96.7,percent,percent,
2016,2016,Prince Edward Island,Both sexes,18 to 34 years,"Ability to handle unexpected and difficult problems, good or excellent",83.6,76.8,88.6,percent,percent,
2016,2016,Prince Edward Island,Both sexes,18 to 34 years,"Main source of stress in day-to-day life, family",9.7,5.7,16.1,percent,percent,E
2016,2016,Prince Edward Island,Both sexes,18 to 34 years,"Main source of stress in day-to-day life, financial concerns",29.0,21.9,37.4,percent,percent,
2016,2016,Prince Edward Island,Both sexes,18 to 34 years,"Main source of stress in day-to-day life, none",11.0,6.7,17.7,percent,percent,E
2016,2016,Prince Edward Island,Both sexes,18 to 34 years,"Main source of stress in day-to-day life, school work (12 to 34 years old)",15.6,9.8,24.0,percent,percent,E
2016,2016,Prince Edward Island,Both sexes,18 to 34 years,"Main source of stress in day-to-day life, time pressures/ not enough time",9.4,5.5,15.5,percent,percent,E
2016,2016,Prince Edward Island,Both sexes,18 to 34 years,"Main source of stress in day-to-day life, work",22.5,16.2,30.4,percent,percent,E
2016,2016,Prince Edward Island,Both sexes,35 to 49 years,"Ability to handle the day-to-day demands in life, good or excellent",93.3,87.3,96.6,percent,percent,
2016,2016,Prince Edward Island,Both sexes,35 to 49 years,"Ability to handle unexpected and difficult problems, good or excellent",84.3,76.2,90.0,percent,percent,
2016,2016,Prince Edward Island,Both sexes,35 to 49 years,"Main source of stress in day-to-day life, family",27.8,18.5,39.4,percent,percent,E
2016,2016,Prince Edward Island,Both sexes,35 to 49 years,"Main source of stress in day-to-day life, financial concerns",15.8,10.2,23.5,percent,percent,E
2016,2016,Prince Edward Island,Both sexes,35 to 49 years,"Main source of stress in day-to-day life, time pressures/ not enough time",11.8,7.1,19.0,percent,percent,E
2016,2016,Prince Edward Island,Both sexes,35 to 49 years,"Main source of stress in day-to-day life, work",29.3,21.5,38.5,percent,percent,E
2016,2016,Prince Edward Island,Both sexes,50 to 64 years,"Ability to handle the day-to-day demands in life, good or excellent",92.1,87.8,94.9,percent,percent,
2016,2016,Prince Edward Island,Both sexes,50 to 64 years,"Ability to handle unexpected and difficult problems, good or excellent",87.3,81.7,91.4,percent,percent,
2016,2016,Prince Edward Island,Both sexes,50 to 64 years,"Main source of stress in day-to-day life, family",22.9,17.1,29.9,percent,percent,
2016,2016,Prince Edward Island,Both sexes,50 to 64 years,"Main source of stress in day-to-day life, financial concerns",16.5,12.0,22.3,percent,percent,E
2016,2016,Prince Edward Island,Both sexes,50 to 64 years,"Main source of stress in day-to-day life, health",12.3,8.0,18.5,percent,percent,E
2016,2016,Prince Edward Island,Both sexes,50 to 64 years,"Main source of stress in day-to-day life, none",17.3,12.2,23.9,percent,percent,E
2016,2016,Prince Edward Island,Both sexes,50 to 64 years,"Main source of stress in day-to-day life, time pressures/ not enough time",6.9,4.1,11.5,percent,percent,E
2016,2016,Prince Edward Island,Both sexes,50 to 64 years,"Main source of stress in day-to-day life, work",20.9,15.4,27.8,percent,percent,E
2016,2016,Prince Edward Island,Both sexes,65 years and over,"Ability to handle the day-to-day demands in life, good or excellent",93.2,88.4,96.1,percent,percent,
2016,2016,Prince Edward Island,Both sexes,65 years and over,"Ability to handle unexpected and difficult problems, good or excellent",86.2,80.7,90.4,percent,percent,
2016,2016,Prince Edward Island,Both sexes,65 years and over,"Main source of stress in day-to-day life, family",22.9,17.8,29.0,percent,percent,
2016,2016,Prince Edward Island,Both sexes,65 years and over,"Main source of stress in day-to-day life, financial concerns",14.2,10.2,19.4,percent,percent,E
2016,2016,Prince Edward Island,Both sexes,65 years and over,"Main source of stress in day-to-day life, health",12.8,8.9,18.0,percent,percent,E
2016,2016,Prince Edward Island,Both sexes,65 years and over,"Main source of stress in day-to-day life, none",40.4,34.0,47.2,percent,percent,
2016,2016,Prince Edward Island,Both sexes,65 years and over,"Main source of stress in day-to-day life, time pressures/ not enough time",5.4,3.1,9.3,percent,percent,E
2016,2016,Prince Edward Island,Both sexes,"Total, 12 years and over","Ability to handle the day-to-day demands in life, good or excellent",93.1,91.0,94.7,percent,percent,
2016,2016,Prince Edward Island,Both sexes,"Total, 12 years and over","Ability to handle unexpected and difficult problems, good or excellent",85.0,82.1,87.4,percent,percent,
2016,2016,Prince Edward Island,Both sexes,"Total, 12 years and over","Main source of stress in day-to-day life, family",19.6,16.4,23.2,percent,percent,
2016,2016,Prince Edward Island,Both sexes,"Total, 12 years and over","Main source of stress in day-to-day life, financial concerns",17.5,14.8,20.7,percent,percent,
2016,2016,Prince Edward Island,Both sexes,"Total, 12 years and over","Main source of stress in day-to-day life, health",7.3,5.5,9.5,percent,percent,
2016,2016,Prince Edward Island,Both sexes,"Total, 12 years and over","Main source of stress in day-to-day life, none",18.0,15.5,20.9,percent,percent,
2016,2016,Prince Edward Island,Both sexes,"Total, 12 years and over","Main source of stress in day-to-day life, other",2.5,1.5,4.2,percent,percent,E
2016,2016,Prince Edward Island,Both sexes,"Total, 12 years and over","Main source of stress in day-to-day life, school work (12 to 34 years old)",27.5,21.9,33.9,percent,percent,
2016,2016,Prince Edward Island,Both sexes,"Total, 12 years and over","Main source of stress in day-to-day life, time pressures/ not enough time",8.3,6.4,10.6,percent,percent,
2016,2016,Prince Edward Island,Both sexes,"Total, 12 years and over","Main source of stress in day-to-day life, work",18.4,15.5,21.8,percent,percent,
2016,2016,Prince Edward Island,Females,12 to 17 years,"Ability to handle the day-to-day demands in life, good or excellent",91.9,80.1,96.9,percent,percent,
2016,2016,Prince Edward Island,Females,12 to 17 years,"Ability to handle unexpected and difficult problems, good or excellent",73.9,59.6,84.4,percent,percent,
2016,2016,Prince Edward Island,Females,12 to 17 years,"Main source of stress in day-to-day life, school work (12 to 34 years old)",79.2,64.7,88.8,percent,percent,
2016,2016,Prince Edward Island,Females,18 to 34 years,"Ability to handle the day-to-day demands in life, good or excellent",92.0,83.9,96.2,percent,percent,
2016,2016,Prince Edward Island,Females,18 to 34 years,"Ability to handle unexpected and difficult problems, good or excellent",71.4,59.4,81.0,percent,percent,
2016,2016,Prince Edward Island,Females,18 to 34 years,"Main source of stress in day-to-day life, financial concerns",24.3,15.9,35.4,percent,percent,E
2016,2016,Prince Edward Island,Females,18 to 34 years,"Main source of stress in day-to-day life, school work (12 to 34 years old)",20.6,12.3,32.2,percent,percent,E
2016,2016,Prince Edward Island,Females,18 to 34 years,"Main source of stress in day-to-day life, time pressures/ not enough time",15.0,8.3,25.7,percent,percent,E
2016,2016,Prince Edward Island,Females,18 to 34 years,"Main source of stress in day-to-day life, work",21.8,13.8,32.7,percent,percent,E
2016,2016,Prince Edward Island,Females,35 to 49 years,"Ability to handle the day-to-day demands in life, good or excellent",89.8,78.8,95.4,percent,percent,
2016,2016,Prince Edward Island,Females,35 to 49 years,"Ability to handle unexpected and difficult problems, good or excellent",85.2,73.7,92.2,percent,percent,
2016,2016,Prince Edward Island,Females,35 to 49 years,"Main source of stress in day-to-day life, family",35.3,20.8,53.2,percent,percent,E
2016,2016,Prince Edward Island,Females,35 to 49 years,"Main source of stress in day-to-day life, financial concerns",20.5,12.0,32.7,percent,percent,E
2016,2016,Prince Edward Island,Females,35 to 49 years,"Main source of stress in day-to-day life, time pressures/ not enough time",13.3,6.9,24.1,percent,percent,E
2016,2016,Prince Edward Island,Females,35 to 49 years,"Main source of stress in day-to-day life, work",19.9,11.4,32.5,percent,percent,E
2016,2016,Prince Edward Island,Females,50 to 64 years,"Ability to handle the day-to-day demands in life, good or excellent",87.8,80.6,92.5,percent,percent,
2016,2016,Prince Edward Island,Females,50 to 64 years,"Ability to handle unexpected and difficult problems, good or excellent",82.5,74.4,88.4,percent,percent,
2016,2016,Prince Edward Island,Females,50 to 64 years,"Main source of stress in day-to-day life, family",30.2,22.2,39.7,percent,percent,
2016,2016,Prince Edward Island,Females,50 to 64 years,"Main source of stress in day-to-day life, financial concerns",15.8,10.5,22.9,percent,percent,E
2016,2016,Prince Edward Island,Females,50 to 64 years,"Main source of stress in day-to-day life, health",10.1,5.9,16.8,percent,percent,E
2016,2016,Prince Edward Island,Females,50 to 64 years,"Main source of stress in day-to-day life, none",15.3,9.6,23.6,percent,percent,E
2016,2016,Prince Edward Island,Females,50 to 64 years,"Main source of stress in day-to-day life, time pressures/ not enough time",8.7,4.6,15.8,percent,percent,E
2016,2016,Prince Edward Island,Females,50 to 64 years,"Main source of stress in day-to-day life, work",17.5,11.8,25.3,percent,percent,E
2016,2016,Prince Edward Island,Females,65 years and over,"Ability to handle the day-to-day demands in life, good or excellent",92.4,84.3,96.5,percent,percent,
2016,2016,Prince Edward Island,Females,65 years and over,"Ability to handle unexpected and difficult problems, good or excellent",84.4,75.9,90.2,percent,percent,
2016,2016,Prince Edward Island,Females,65 years and over,"Main source of stress in day-to-day life, family",29.9,22.4,38.7,percent,percent,
2016,2016,Prince Edward Island,Females,65 years and over,"Main source of stress in day-to-day life, financial concerns",15.0,9.9,22.2,percent,percent,E
2016,2016,Prince Edward Island,Females,65 years and over,"Main source of stress in day-to-day life, health",9.7,5.7,16.3,percent,percent,E
2016,2016,Prince Edward Island,Females,65 years and over,"Main source of stress in day-to-day life, none",33.4,25.5,42.4,percent,percent,
2016,2016,Prince Edward Island,Females,65 years and over,"Main source of stress in day-to-day life, time pressures/ not enough time",6.7,3.5,12.5,percent,percent,E
2016,2016,Prince Edward Island,Females,"Total, 12 years and over","Ability to handle the day-to-day demands in life, good or excellent",90.5,87.0,93.1,percent,percent,
2016,2016,Prince Edward Island,Females,"Total, 12 years and over","Ability to handle unexpected and difficult problems, good or excellent",80.4,76.0,84.2,percent,percent,
2016,2016,Prince Edward Island,Females,"Total, 12 years and over","Main source of stress in day-to-day life, family",24.3,19.8,29.4,percent,percent,
2016,2016,Prince Edward Island,Females,"Total, 12 years and over","Main source of stress in day-to-day life, financial concerns",17.5,14.0,21.7,percent,percent,
2016,2016,Prince Edward Island,Females,"Total, 12 years and over","Main source of stress in day-to-day life, health",5.8,4.1,8.2,percent,percent,E
2016,2016,Prince Edward Island,Females,"Total, 12 years and over","Main source of stress in day-to-day life, none",14.9,11.9,18.4,percent,percent,
2016,2016,Prince Edward Island,Females,"Total, 12 years and over","Main source of stress in day-to-day life, school work (12 to 34 years old)",34.1,26.4,42.9,percent,percent,
2016,2016,Prince Edward Island,Females,"Total, 12 years and over","Main source of stress in day-to-day life, time pressures/ not enough time",10.5,7.8,14.1,percent,percent,E
2016,2016,Prince Edward Island,Females,"Total, 12 years and over","Main source of stress in day-to-day life, work",15.1,11.8,19.3,percent,percent,
2016,2016,Prince Edward Island,Males,12 to 17 years,"Ability to handle the day-to-day demands in life, good or excellent",94.4,85.1,98.0,percent,percent,
2016,2016,Prince Edward Island,Males,12 to 17 years,"Ability to handle unexpected and difficult problems, good or excellent",84.7,72.3,92.1,percent,percent,
2016,2016,Prince Edward Island,Males,12 to 17 years,"Main source of stress in day-to-day life, none",26.1,15.4,40.7,percent,percent,E
2016,2016,Prince Edward Island,Males,12 to 17 years,"Main source of stress in day-to-day life, school work (12 to 34 years old)",52.4,38.9,65.7,percent,percent,
2016,2016,Prince Edward Island,Males,18 to 34 years,"Ability to handle the day-to-day demands in life, good or excellent",95.8,87.9,98.6,percent,percent,
2016,2016,Prince Edward Island,Males,18 to 34 years,"Ability to handle unexpected and difficult problems, good or excellent",96.3,89.8,98.7,percent,percent,
2016,2016,Prince Edward Island,Males,18 to 34 years,"Main source of stress in day-to-day life, financial concerns",33.9,23.1,46.7,percent,percent,E
2016,2016,Prince Edward Island,Males,18 to 34 years,"Main source of stress in day-to-day life, none",13.9,7.1,25.3,percent,percent,E
2016,2016,Prince Edward Island,Males,18 to 34 years,"Main source of stress in day-to-day life, work",23.3,14.1,35.9,percent,percent,E
2016,2016,Prince Edward Island,Males,35 to 49 years,"Ability to handle the day-to-day demands in life, good or excellent",97.1,91.0,99.1,percent,percent,
2016,2016,Prince Edward Island,Males,35 to 49 years,"Ability to handle unexpected and difficult problems, good or excellent",83.4,70.5,91.3,percent,percent,
2016,2016,Prince Edward Island,Males,35 to 49 years,"Main source of stress in day-to-day life, work",39.3,26.6,53.6,percent,percent,E
2016,2016,Prince Edward Island,Males,50 to 64 years,"Ability to handle the day-to-day demands in life, good or excellent",96.6,91.0,98.8,percent,percent,
2016,2016,Prince Edward Island,Males,50 to 64 years,"Ability to handle unexpected and difficult problems, good or excellent",92.4,83.5,96.7,percent,percent,
2016,2016,Prince Edward Island,Males,50 to 64 years,"Main source of stress in day-to-day life, family",15.0,8.0,26.5,percent,percent,E
2016,2016,Prince Edward Island,Males,50 to 64 years,"Main source of stress in day-to-day life, financial concerns",17.2,10.2,27.6,percent,percent,E
2016,2016,Prince Edward Island,Males,50 to 64 years,"Main source of stress in day-to-day life, health",14.7,7.7,26.1,percent,percent,E
2016,2016,Prince Edward Island,Males,50 to 64 years,"Main source of stress in day-to-day life, none",19.3,11.2,31.1,percent,percent,E
2016,2016,Prince Edward Island,Males,50 to 64 years,"Main source of stress in day-to-day life, work",24.5,15.7,36.1,percent,percent,E
2016,2016,Prince Edward Island,Males,65 years and over,"Ability to handle the day-to-day demands in life, good or excellent",94.2,88.6,97.2,percent,percent,
2016,2016,Prince Edward Island,Males,65 years and over,"Ability to handle unexpected and difficult problems, good or excellent",88.6,81.1,93.3,percent,percent,
2016,2016,Prince Edward Island,Males,65 years and over,"Main source of stress in day-to-day life, family",14.1,8.3,22.9,percent,percent,E
2016,2016,Prince Edward Island,Males,65 years and over,"Main source of stress in day-to-day life, financial concerns",13.2,7.7,21.5,percent,percent,E
2016,2016,Prince Edward Island,Males,65 years and over,"Main source of stress in day-to-day life, health",16.7,10.5,25.4,percent,percent,E
2016,2016,Prince Edward Island,Males,65 years and over,"Main source of stress in day-to-day life, none",49.4,39.2,59.6,percent,percent,
2016,2016,Prince Edward Island,Males,"Total, 12 years and over","Ability to handle the day-to-day demands in life, good or excellent",95.9,93.4,97.5,percent,percent,
2016,2016,Prince Edward Island,Males,"Total, 12 years and over","Ability to handle unexpected and difficult problems, good or excellent",90.0,86.1,92.8,percent,percent,
2016,2016,Prince Edward Island,Males,"Total, 12 years and over","Main source of stress in day-to-day life, family",14.5,10.5,19.5,percent,percent,E
2016,2016,Prince Edward Island,Males,"Total, 12 years and over","Main source of stress in day-to-day life, financial concerns",17.6,13.7,22.3,percent,percent,
2016,2016,Prince Edward Island,Males,"Total, 12 years and over","Main source of stress in day-to-day life, health",8.9,6.0,13.0,percent,percent,E
2016,2016,Prince Edward Island,Males,"Total, 12 years and over","Main source of stress in day-to-day life, none",21.5,17.4,26.3,percent,percent,
2016,2016,Prince Edward Island,Males,"Total, 12 years and over","Main source of stress in day-to-day life, school work (12 to 34 years old)",20.8,13.9,29.9,percent,percent,E
2016,2016,Prince Edward Island,Males,"Total, 12 years and over","Main source of stress in day-to-day life, time pressures/ not enough time",5.8,3.6,9.2,percent,percent,E
2016,2016,Prince Edward Island,Males,"Total, 12 years and over","Main source of stress in day-to-day life, work",22.0,17.3,27.6,percent,percent,
2016,2016,Quebec,Both sexes,12 to 17 years,"Ability to handle the day-to-day demands in life, good or excellent",85.4,82.1,88.2,percent,percent,
2016,2016,Quebec,Both sexes,12 to 17 years,"Ability to handle unexpected and difficult problems, good or excellent",72.0,67.9,75.8,percent,percent,
2016,2016,Quebec,Both sexes,12 to 17 years,"Main source of stress in day-to-day life, family",6.7,5.1,8.9,percent,percent,
2016,2016,Quebec,Both sexes,12 to 17 years,"Main source of stress in day-to-day life, financial concerns",1.9,1.0,3.4,percent,percent,E
2016,2016,Quebec,Both sexes,12 to 17 years,"Main source of stress in day-to-day life, health",1.9,1.1,3.4,percent,percent,E
2016,2016,Quebec,Both sexes,12 to 17 years,"Main source of stress in day-to-day life, none",5.1,3.5,7.5,percent,percent,E
2016,2016,Quebec,Both sexes,12 to 17 years,"Main source of stress in day-to-day life, other",2.6,1.6,4.1,percent,percent,E
2016,2016,Quebec,Both sexes,12 to 17 years,"Main source of stress in day-to-day life, school work (12 to 34 years old)",70.0,66.2,73.6,percent,percent,
2016,2016,Quebec,Both sexes,12 to 17 years,"Main source of stress in day-to-day life, time pressures/ not enough time",9.5,7.3,12.2,percent,percent,
2016,2016,Quebec,Both sexes,12 to 17 years,"Main source of stress in day-to-day life, work",2.3,1.5,3.6,percent,percent,E
2016,2016,Quebec,Both sexes,18 to 34 years,"Ability to handle the day-to-day demands in life, good or excellent",89.0,86.9,90.8,percent,percent,
2016,2016,Quebec,Both sexes,18 to 34 years,"Ability to handle unexpected and difficult problems, good or excellent",78.6,76.1,80.8,percent,percent,
2016,2016,Quebec,Both sexes,18 to 34 years,"Main source of stress in day-to-day life, family",8.6,7.1,10.5,percent,percent,
2016,2016,Quebec,Both sexes,18 to 34 years,"Main source of stress in day-to-day life, financial concerns",21.3,18.9,24.0,percent,percent,
2016,2016,Quebec,Both sexes,18 to 34 years,"Main source of stress in day-to-day life, health",3.8,2.8,5.1,percent,percent,E
2016,2016,Quebec,Both sexes,18 to 34 years,"Main source of stress in day-to-day life, none",3.8,2.8,5.1,percent,percent,E
2016,2016,Quebec,Both sexes,18 to 34 years,"Main source of stress in day-to-day life, other",2.2,1.4,3.4,percent,percent,E
2016,2016,Quebec,Both sexes,18 to 34 years,"Main source of stress in day-to-day life, school work (12 to 34 years old)",16.9,14.6,19.5,percent,percent,
2016,2016,Quebec,Both sexes,18 to 34 years,"Main source of stress in day-to-day life, time pressures/ not enough time",13.8,11.9,16.0,percent,percent,
2016,2016,Quebec,Both sexes,18 to 34 years,"Main source of stress in day-to-day life, work",29.6,27.0,32.2,percent,percent,
2016,2016,Quebec,Both sexes,35 to 49 years,"Ability to handle the day-to-day demands in life, good or excellent",93.1,91.3,94.5,percent,percent,
2016,2016,Quebec,Both sexes,35 to 49 years,"Ability to handle unexpected and difficult problems, good or excellent",85.9,83.6,87.9,percent,percent,
2016,2016,Quebec,Both sexes,35 to 49 years,"Main source of stress in day-to-day life, family",15.7,13.5,18.3,percent,percent,
2016,2016,Quebec,Both sexes,35 to 49 years,"Main source of stress in day-to-day life, financial concerns",18.4,15.9,21.0,percent,percent,
2016,2016,Quebec,Both sexes,35 to 49 years,"Main source of stress in day-to-day life, health",4.4,3.2,6.0,percent,percent,E
2016,2016,Quebec,Both sexes,35 to 49 years,"Main source of stress in day-to-day life, none",4.8,3.6,6.3,percent,percent,
2016,2016,Quebec,Both sexes,35 to 49 years,"Main source of stress in day-to-day life, other",2.5,1.7,3.6,percent,percent,E
2016,2016,Quebec,Both sexes,35 to 49 years,"Main source of stress in day-to-day life, time pressures/ not enough time",16.5,14.4,18.8,percent,percent,
2016,2016,Quebec,Both sexes,35 to 49 years,"Main source of stress in day-to-day life, work",36.5,33.5,39.6,percent,percent,
2016,2016,Quebec,Both sexes,50 to 64 years,"Ability to handle the day-to-day demands in life, good or excellent",92.9,91.4,94.2,percent,percent,
2016,2016,Quebec,Both sexes,50 to 64 years,"Ability to handle unexpected and difficult problems, good or excellent",86.6,84.6,88.3,percent,percent,
2016,2016,Quebec,Both sexes,50 to 64 years,"Main source of stress in day-to-day life, family",18.4,16.3,20.7,percent,percent,
2016,2016,Quebec,Both sexes,50 to 64 years,"Main source of stress in day-to-day life, financial concerns",16.1,14.2,18.2,percent,percent,
2016,2016,Quebec,Both sexes,50 to 64 years,"Main source of stress in day-to-day life, health",9.9,8.7,11.3,percent,percent,
2016,2016,Quebec,Both sexes,50 to 64 years,"Main source of stress in day-to-day life, none",14.1,12.3,16.1,percent,percent,
2016,2016,Quebec,Both sexes,50 to 64 years,"Main source of stress in day-to-day life, other",2.3,1.8,3.0,percent,percent,
2016,2016,Quebec,Both sexes,50 to 64 years,"Main source of stress in day-to-day life, time pressures/ not enough time",8.0,6.7,9.6,percent,percent,
2016,2016,Quebec,Both sexes,50 to 64 years,"Main source of stress in day-to-day life, work",31.0,28.5,33.5,percent,percent,
2016,2016,Quebec,Both sexes,65 years and over,"Ability to handle the day-to-day demands in life, good or excellent",90.9,89.4,92.2,percent,percent,
2016,2016,Quebec,Both sexes,65 years and over,"Ability to handle unexpected and difficult problems, good or excellent",84.9,83.1,86.6,percent,percent,
2016,2016,Quebec,Both sexes,65 years and over,"Main source of stress in day-to-day life, family",26.0,23.9,28.2,percent,percent,
2016,2016,Quebec,Both sexes,65 years and over,"Main source of stress in day-to-day life, financial concerns",11.1,9.5,12.9,percent,percent,
2016,2016,Quebec,Both sexes,65 years and over,"Main source of stress in day-to-day life, health",19.8,18.0,21.7,percent,percent,
2016,2016,Quebec,Both sexes,65 years and over,"Main source of stress in day-to-day life, none",28.8,26.7,31.1,percent,percent,
2016,2016,Quebec,Both sexes,65 years and over,"Main source of stress in day-to-day life, other",4.9,3.9,6.1,percent,percent,
2016,2016,Quebec,Both sexes,65 years and over,"Main source of stress in day-to-day life, time pressures/ not enough time",5.2,4.1,6.6,percent,percent,
2016,2016,Quebec,Both sexes,65 years and over,"Main source of stress in day-to-day life, work",4.2,3.3,5.3,percent,percent,
2016,2016,Quebec,Both sexes,"Total, 12 years and over","Ability to handle the day-to-day demands in life, good or excellent",91.1,90.3,91.8,percent,percent,
2016,2016,Quebec,Both sexes,"Total, 12 years and over","Ability to handle unexpected and difficult problems, good or excellent",83.1,82.0,84.1,percent,percent,
2016,2016,Quebec,Both sexes,"Total, 12 years and over","Main source of stress in day-to-day life, family",16.0,15.0,17.1,percent,percent,
2016,2016,Quebec,Both sexes,"Total, 12 years and over","Main source of stress in day-to-day life, financial concerns",16.0,15.0,17.2,percent,percent,
2016,2016,Quebec,Both sexes,"Total, 12 years and over","Main source of stress in day-to-day life, health",8.5,7.9,9.1,percent,percent,
2016,2016,Quebec,Both sexes,"Total, 12 years and over","Main source of stress in day-to-day life, none",11.6,10.8,12.4,percent,percent,
2016,2016,Quebec,Both sexes,"Total, 12 years and over","Main source of stress in day-to-day life, other",2.8,2.4,3.3,percent,percent,
2016,2016,Quebec,Both sexes,"Total, 12 years and over","Main source of stress in day-to-day life, school work (12 to 34 years old)",27.9,25.8,30.0,percent,percent,
2016,2016,Quebec,Both sexes,"Total, 12 years and over","Main source of stress in day-to-day life, time pressures/ not enough time",11.0,10.2,11.9,percent,percent,
2016,2016,Quebec,Both sexes,"Total, 12 years and over","Main source of stress in day-to-day life, work",24.8,23.7,26.1,percent,percent,
2016,2016,Quebec,Females,12 to 17 years,"Ability to handle the day-to-day demands in life, good or excellent",86.0,81.5,89.5,percent,percent,
2016,2016,Quebec,Females,12 to 17 years,"Ability to handle unexpected and difficult problems, good or excellent",69.2,63.6,74.3,percent,percent,
2016,2016,Quebec,Females,12 to 17 years,"Main source of stress in day-to-day life, family",7.6,5.3,10.9,percent,percent,E
2016,2016,Quebec,Females,12 to 17 years,"Main source of stress in day-to-day life, none",3.3,1.7,6.2,percent,percent,E
2016,2016,Quebec,Females,12 to 17 years,"Main source of stress in day-to-day life, other",3.3,1.7,6.1,percent,percent,E
2016,2016,Quebec,Females,12 to 17 years,"Main source of stress in day-to-day life, school work (12 to 34 years old)",71.8,66.6,76.5,percent,percent,
2016,2016,Quebec,Females,12 to 17 years,"Main source of stress in day-to-day life, time pressures/ not enough time",8.1,5.7,11.4,percent,percent,E
2016,2016,Quebec,Females,12 to 17 years,"Main source of stress in day-to-day life, work",2.8,1.5,5.0,percent,percent,E
2016,2016,Quebec,Females,18 to 34 years,"Ability to handle the day-to-day demands in life, good or excellent",88.8,85.8,91.2,percent,percent,
2016,2016,Quebec,Females,18 to 34 years,"Ability to handle unexpected and difficult problems, good or excellent",72.5,68.4,76.2,percent,percent,
2016,2016,Quebec,Females,18 to 34 years,"Main source of stress in day-to-day life, family",10.4,8.1,13.4,percent,percent,
2016,2016,Quebec,Females,18 to 34 years,"Main source of stress in day-to-day life, financial concerns",21.7,18.4,25.4,percent,percent,
2016,2016,Quebec,Females,18 to 34 years,"Main source of stress in day-to-day life, health",3.6,2.4,5.3,percent,percent,E
2016,2016,Quebec,Females,18 to 34 years,"Main source of stress in day-to-day life, none",2.7,1.8,4.1,percent,percent,E
2016,2016,Quebec,Females,18 to 34 years,"Main source of stress in day-to-day life, other",2.5,1.3,4.7,percent,percent,E
2016,2016,Quebec,Females,18 to 34 years,"Main source of stress in day-to-day life, school work (12 to 34 years old)",19.0,15.6,22.8,percent,percent,
2016,2016,Quebec,Females,18 to 34 years,"Main source of stress in day-to-day life, time pressures/ not enough time",16.5,13.8,19.7,percent,percent,
2016,2016,Quebec,Females,18 to 34 years,"Main source of stress in day-to-day life, work",23.5,20.2,27.2,percent,percent,
2016,2016,Quebec,Females,35 to 49 years,"Ability to handle the day-to-day demands in life, good or excellent",90.9,87.7,93.3,percent,percent,
2016,2016,Quebec,Females,35 to 49 years,"Ability to handle unexpected and difficult problems, good or excellent",82.4,78.9,85.4,percent,percent,
2016,2016,Quebec,Females,35 to 49 years,"Main source of stress in day-to-day life, family",18.7,15.5,22.3,percent,percent,
2016,2016,Quebec,Females,35 to 49 years,"Main source of stress in day-to-day life, financial concerns",15.9,13.2,19.1,percent,percent,
2016,2016,Quebec,Females,35 to 49 years,"Main source of stress in day-to-day life, health",5.0,3.6,7.0,percent,percent,E
2016,2016,Quebec,Females,35 to 49 years,"Main source of stress in day-to-day life, none",4.8,3.0,7.5,percent,percent,E
2016,2016,Quebec,Females,35 to 49 years,"Main source of stress in day-to-day life, other",2.7,1.5,4.9,percent,percent,E
2016,2016,Quebec,Females,35 to 49 years,"Main source of stress in day-to-day life, time pressures/ not enough time",18.2,15.0,21.8,percent,percent,
2016,2016,Quebec,Females,35 to 49 years,"Main source of stress in day-to-day life, work",32.7,28.9,36.7,percent,percent,
2016,2016,Quebec,Females,50 to 64 years,"Ability to handle the day-to-day demands in life, good or excellent",92.0,89.5,93.9,percent,percent,
2016,2016,Quebec,Females,50 to 64 years,"Ability to handle unexpected and difficult problems, good or excellent",82.9,79.6,85.7,percent,percent,
2016,2016,Quebec,Females,50 to 64 years,"Main source of stress in day-to-day life, family",22.9,19.8,26.3,percent,percent,
2016,2016,Quebec,Females,50 to 64 years,"Main source of stress in day-to-day life, financial concerns",16.1,13.4,19.3,percent,percent,
2016,2016,Quebec,Females,50 to 64 years,"Main source of stress in day-to-day life, health",9.6,7.9,11.6,percent,percent,
2016,2016,Quebec,Females,50 to 64 years,"Main source of stress in day-to-day life, none",12.1,9.8,14.8,percent,percent,
2016,2016,Quebec,Females,50 to 64 years,"Main source of stress in day-to-day life, other",2.4,1.7,3.5,percent,percent,E
2016,2016,Quebec,Females,50 to 64 years,"Main source of stress in day-to-day life, time pressures/ not enough time",9.4,7.3,12.1,percent,percent,
2016,2016,Quebec,Females,50 to 64 years,"Main source of stress in day-to-day life, work",27.0,23.7,30.6,percent,percent,
2016,2016,Quebec,Females,65 years and over,"Ability to handle the day-to-day demands in life, good or excellent",87.6,85.1,89.8,percent,percent,
2016,2016,Quebec,Females,65 years and over,"Ability to handle unexpected and difficult problems, good or excellent",82.2,79.6,84.5,percent,percent,
2016,2016,Quebec,Females,65 years and over,"Main source of stress in day-to-day life, family",32.4,29.3,35.6,percent,percent,
2016,2016,Quebec,Females,65 years and over,"Main source of stress in day-to-day life, financial concerns",9.1,7.5,10.8,percent,percent,
2016,2016,Quebec,Females,65 years and over,"Main source of stress in day-to-day life, health",20.9,18.5,23.6,percent,percent,
2016,2016,Quebec,Females,65 years and over,"Main source of stress in day-to-day life, none",24.6,22.0,27.5,percent,percent,
2016,2016,Quebec,Females,65 years and over,"Main source of stress in day-to-day life, other",4.7,3.5,6.2,percent,percent,
2016,2016,Quebec,Females,65 years and over,"Main source of stress in day-to-day life, time pressures/ not enough time",5.9,4.3,8.0,percent,percent,E
2016,2016,Quebec,Females,65 years and over,"Main source of stress in day-to-day life, work",2.5,1.7,3.6,percent,percent,E
2016,2016,Quebec,Females,"Total, 12 years and over","Ability to handle the day-to-day demands in life, good or excellent",89.6,88.3,90.9,percent,percent,
2016,2016,Quebec,Females,"Total, 12 years and over","Ability to handle unexpected and difficult problems, good or excellent",79.1,77.5,80.7,percent,percent,
2016,2016,Quebec,Females,"Total, 12 years and over","Main source of stress in day-to-day life, family",19.8,18.4,21.4,percent,percent,
2016,2016,Quebec,Females,"Total, 12 years and over","Main source of stress in day-to-day life, financial concerns",15.1,13.7,16.6,percent,percent,
2016,2016,Quebec,Females,"Total, 12 years and over","Main source of stress in day-to-day life, health",8.9,8.1,9.8,percent,percent,
2016,2016,Quebec,Females,"Total, 12 years and over","Main source of stress in day-to-day life, none",10.2,9.2,11.2,percent,percent,
2016,2016,Quebec,Females,"Total, 12 years and over","Main source of stress in day-to-day life, other",3.0,2.4,3.8,percent,percent,
2016,2016,Quebec,Females,"Total, 12 years and over","Main source of stress in day-to-day life, school work (12 to 34 years old)",29.6,26.7,32.7,percent,percent,
2016,2016,Quebec,Females,"Total, 12 years and over","Main source of stress in day-to-day life, time pressures/ not enough time",12.3,11.1,13.7,percent,percent,
2016,2016,Quebec,Females,"Total, 12 years and over","Main source of stress in day-to-day life, work",20.7,19.3,22.3,percent,percent,
2016,2016,Quebec,Males,12 to 17 years,"Ability to handle the day-to-day demands in life, good or excellent",84.8,79.8,88.8,percent,percent,
2016,2016,Quebec,Males,12 to 17 years,"Ability to handle unexpected and difficult problems, good or excellent",74.7,68.8,79.8,percent,percent,
2016,2016,Quebec,Males,12 to 17 years,"Main source of stress in day-to-day life, family",5.8,3.7,9.1,percent,percent,E
2016,2016,Quebec,Males,12 to 17 years,"Main source of stress in day-to-day life, none",6.9,4.3,10.8,percent,percent,E
2016,2016,Quebec,Males,12 to 17 years,"Main source of stress in day-to-day life, school work (12 to 34 years old)",68.3,62.5,73.6,percent,percent,
2016,2016,Quebec,Males,12 to 17 years,"Main source of stress in day-to-day life, time pressures/ not enough time",10.8,7.5,15.3,percent,percent,E
2016,2016,Quebec,Males,12 to 17 years,"Main source of stress in day-to-day life, work",1.9,1.0,3.5,percent,percent,E
2016,2016,Quebec,Males,18 to 34 years,"Ability to handle the day-to-day demands in life, good or excellent",89.3,86.1,91.8,percent,percent,
2016,2016,Quebec,Males,18 to 34 years,"Ability to handle unexpected and difficult problems, good or excellent",84.6,81.3,87.5,percent,percent,
2016,2016,Quebec,Males,18 to 34 years,"Main source of stress in day-to-day life, family",6.8,4.9,9.3,percent,percent,E
2016,2016,Quebec,Males,18 to 34 years,"Main source of stress in day-to-day life, financial concerns",21.0,17.7,24.8,percent,percent,
2016,2016,Quebec,Males,18 to 34 years,"Main source of stress in day-to-day life, health",3.9,2.4,6.4,percent,percent,E
2016,2016,Quebec,Males,18 to 34 years,"Main source of stress in day-to-day life, none",4.9,3.2,7.3,percent,percent,E
2016,2016,Quebec,Males,18 to 34 years,"Main source of stress in day-to-day life, other",1.9,1.3,2.9,percent,percent,E
2016,2016,Quebec,Males,18 to 34 years,"Main source of stress in day-to-day life, school work (12 to 34 years old)",14.8,11.8,18.4,percent,percent,
2016,2016,Quebec,Males,18 to 34 years,"Main source of stress in day-to-day life, time pressures/ not enough time",11.1,8.7,14.0,percent,percent,
2016,2016,Quebec,Males,18 to 34 years,"Main source of stress in day-to-day life, work",35.6,31.9,39.5,percent,percent,
2016,2016,Quebec,Males,35 to 49 years,"Ability to handle the day-to-day demands in life, good or excellent",95.1,93.0,96.6,percent,percent,
2016,2016,Quebec,Males,35 to 49 years,"Ability to handle unexpected and difficult problems, good or excellent",89.2,86.1,91.7,percent,percent,
2016,2016,Quebec,Males,35 to 49 years,"Main source of stress in day-to-day life, family",12.9,9.8,16.7,percent,percent,
2016,2016,Quebec,Males,35 to 49 years,"Main source of stress in day-to-day life, financial concerns",20.7,16.9,25.0,percent,percent,
2016,2016,Quebec,Males,35 to 49 years,"Main source of stress in day-to-day life, health",3.8,2.1,6.7,percent,percent,E
2016,2016,Quebec,Males,35 to 49 years,"Main source of stress in day-to-day life, none",4.8,3.5,6.6,percent,percent,E
2016,2016,Quebec,Males,35 to 49 years,"Main source of stress in day-to-day life, other",2.2,1.4,3.5,percent,percent,E
2016,2016,Quebec,Males,35 to 49 years,"Main source of stress in day-to-day life, time pressures/ not enough time",14.9,12.2,17.9,percent,percent,
2016,2016,Quebec,Males,35 to 49 years,"Main source of stress in day-to-day life, work",40.2,36.0,44.6,percent,percent,
2016,2016,Quebec,Males,50 to 64 years,"Ability to handle the day-to-day demands in life, good or excellent",93.8,92.0,95.3,percent,percent,
2016,2016,Quebec,Males,50 to 64 years,"Ability to handle unexpected and difficult problems, good or excellent",90.1,87.9,92.0,percent,percent,
2016,2016,Quebec,Males,50 to 64 years,"Main source of stress in day-to-day life, family",14.0,11.3,17.2,percent,percent,
2016,2016,Quebec,Males,50 to 64 years,"Main source of stress in day-to-day life, financial concerns",16.1,13.4,19.1,percent,percent,
2016,2016,Quebec,Males,50 to 64 years,"Main source of stress in day-to-day life, health",10.2,8.4,12.3,percent,percent,
2016,2016,Quebec,Males,50 to 64 years,"Main source of stress in day-to-day life, none",16.0,13.3,19.3,percent,percent,
2016,2016,Quebec,Males,50 to 64 years,"Main source of stress in day-to-day life, other",2.2,1.5,3.3,percent,percent,E
2016,2016,Quebec,Males,50 to 64 years,"Main source of stress in day-to-day life, time pressures/ not enough time",6.6,5.2,8.5,percent,percent,
2016,2016,Quebec,Males,50 to 64 years,"Main source of stress in day-to-day life, work",34.9,31.2,38.8,percent,percent,
2016,2016,Quebec,Males,65 years and over,"Ability to handle the day-to-day demands in life, good or excellent",94.8,93.4,95.8,percent,percent,
2016,2016,Quebec,Males,65 years and over,"Ability to handle unexpected and difficult problems, good or excellent",88.3,85.6,90.5,percent,percent,
2016,2016,Quebec,Males,65 years and over,"Main source of stress in day-to-day life, family",18.3,15.8,21.1,percent,percent,
2016,2016,Quebec,Males,65 years and over,"Main source of stress in day-to-day life, financial concerns",13.6,10.9,16.8,percent,percent,
2016,2016,Quebec,Males,65 years and over,"Main source of stress in day-to-day life, health",18.4,15.7,21.3,percent,percent,
2016,2016,Quebec,Males,65 years and over,"Main source of stress in day-to-day life, none",33.9,30.4,37.5,percent,percent,
2016,2016,Quebec,Males,65 years and over,"Main source of stress in day-to-day life, other",5.2,3.5,7.5,percent,percent,E
2016,2016,Quebec,Males,65 years and over,"Main source of stress in day-to-day life, time pressures/ not enough time",4.4,3.0,6.4,percent,percent,E
2016,2016,Quebec,Males,65 years and over,"Main source of stress in day-to-day life, work",6.4,4.8,8.4,percent,percent,
2016,2016,Quebec,Males,"Total, 12 years and over","Ability to handle the day-to-day demands in life, good or excellent",92.5,91.4,93.5,percent,percent,
2016,2016,Quebec,Males,"Total, 12 years and over","Ability to handle unexpected and difficult problems, good or excellent",87.1,85.7,88.4,percent,percent,
2016,2016,Quebec,Males,"Total, 12 years and over","Main source of stress in day-to-day life, family",12.1,10.8,13.5,percent,percent,
2016,2016,Quebec,Males,"Total, 12 years and over","Main source of stress in day-to-day life, financial concerns",17.0,15.4,18.7,percent,percent,
2016,2016,Quebec,Males,"Total, 12 years and over","Main source of stress in day-to-day life, health",8.0,7.1,9.0,percent,percent,
2016,2016,Quebec,Males,"Total, 12 years and over","Main source of stress in day-to-day life, none",13.1,11.9,14.3,percent,percent,
2016,2016,Quebec,Males,"Total, 12 years and over","Main source of stress in day-to-day life, other",2.6,2.1,3.2,percent,percent,
2016,2016,Quebec,Males,"Total, 12 years and over","Main source of stress in day-to-day life, school work (12 to 34 years old)",26.1,23.4,29.0,percent,percent,
2016,2016,Quebec,Males,"Total, 12 years and over","Main source of stress in day-to-day life, time pressures/ not enough time",9.6,8.6,10.8,percent,percent,
2016,2016,Quebec,Males,"Total, 12 years and over","Main source of stress in day-to-day life, work",29.0,27.2,30.9,percent,percent,
2016,2016,Saskatchewan,Both sexes,12 to 17 years,"Ability to handle the day-to-day demands in life, good or excellent",85.2,78.3,90.1,percent,percent,
2016,2016,Saskatchewan,Both sexes,12 to 17 years,"Ability to handle unexpected and difficult problems, good or excellent",79.3,72.8,84.7,percent,percent,
2016,2016,Saskatchewan,Both sexes,12 to 17 years,"Main source of stress in day-to-day life, family",9.4,5.8,14.9,percent,percent,E
2016,2016,Saskatchewan,Both sexes,12 to 17 years,"Main source of stress in day-to-day life, none",11.8,7.3,18.4,percent,percent,E
2016,2016,Saskatchewan,Both sexes,12 to 17 years,"Main source of stress in day-to-day life, school work (12 to 34 years old)",54.9,46.6,62.9,percent,percent,
2016,2016,Saskatchewan,Both sexes,12 to 17 years,"Main source of stress in day-to-day life, time pressures/ not enough time",8.7,5.2,14.2,percent,percent,E
2016,2016,Saskatchewan,Both sexes,18 to 34 years,"Ability to handle the day-to-day demands in life, good or excellent",91.5,88.5,93.7,percent,percent,
2016,2016,Saskatchewan,Both sexes,18 to 34 years,"Ability to handle unexpected and difficult problems, good or excellent",83.7,79.4,87.2,percent,percent,
2016,2016,Saskatchewan,Both sexes,18 to 34 years,"Main source of stress in day-to-day life, family",12.1,9.0,16.1,percent,percent,
2016,2016,Saskatchewan,Both sexes,18 to 34 years,"Main source of stress in day-to-day life, financial concerns",26.4,21.5,32.1,percent,percent,
2016,2016,Saskatchewan,Both sexes,18 to 34 years,"Main source of stress in day-to-day life, none",4.1,2.5,6.6,percent,percent,E
2016,2016,Saskatchewan,Both sexes,18 to 34 years,"Main source of stress in day-to-day life, school work (12 to 34 years old)",13.5,9.8,18.4,percent,percent,E
2016,2016,Saskatchewan,Both sexes,18 to 34 years,"Main source of stress in day-to-day life, time pressures/ not enough time",14.1,10.7,18.3,percent,percent,
2016,2016,Saskatchewan,Both sexes,18 to 34 years,"Main source of stress in day-to-day life, work",25.7,20.6,31.5,percent,percent,
2016,2016,Saskatchewan,Both sexes,35 to 49 years,"Ability to handle the day-to-day demands in life, good or excellent",86.7,82.3,90.1,percent,percent,
2016,2016,Saskatchewan,Both sexes,35 to 49 years,"Ability to handle unexpected and difficult problems, good or excellent",81.9,76.3,86.4,percent,percent,
2016,2016,Saskatchewan,Both sexes,35 to 49 years,"Main source of stress in day-to-day life, family",18.3,13.7,24.0,percent,percent,
2016,2016,Saskatchewan,Both sexes,35 to 49 years,"Main source of stress in day-to-day life, financial concerns",27.9,22.7,33.8,percent,percent,
2016,2016,Saskatchewan,Both sexes,35 to 49 years,"Main source of stress in day-to-day life, none",6.5,3.8,10.9,percent,percent,E
2016,2016,Saskatchewan,Both sexes,35 to 49 years,"Main source of stress in day-to-day life, time pressures/ not enough time",17.5,13.3,22.5,percent,percent,
2016,2016,Saskatchewan,Both sexes,35 to 49 years,"Main source of stress in day-to-day life, work",24.9,19.9,30.6,percent,percent,
2016,2016,Saskatchewan,Both sexes,50 to 64 years,"Ability to handle the day-to-day demands in life, good or excellent",91.1,87.6,93.7,percent,percent,
2016,2016,Saskatchewan,Both sexes,50 to 64 years,"Ability to handle unexpected and difficult problems, good or excellent",87.1,82.8,90.4,percent,percent,
2016,2016,Saskatchewan,Both sexes,50 to 64 years,"Main source of stress in day-to-day life, family",21.2,16.7,26.6,percent,percent,
2016,2016,Saskatchewan,Both sexes,50 to 64 years,"Main source of stress in day-to-day life, financial concerns",19.8,15.7,24.6,percent,percent,
2016,2016,Saskatchewan,Both sexes,50 to 64 years,"Main source of stress in day-to-day life, health",8.8,6.2,12.4,percent,percent,E
2016,2016,Saskatchewan,Both sexes,50 to 64 years,"Main source of stress in day-to-day life, none",8.8,6.4,12.0,percent,percent,E
2016,2016,Saskatchewan,Both sexes,50 to 64 years,"Main source of stress in day-to-day life, other",2.6,1.5,4.7,percent,percent,E
2016,2016,Saskatchewan,Both sexes,50 to 64 years,"Main source of stress in day-to-day life, time pressures/ not enough time",15.6,11.8,20.5,percent,percent,
2016,2016,Saskatchewan,Both sexes,50 to 64 years,"Main source of stress in day-to-day life, work",22.9,18.5,27.9,percent,percent,
2016,2016,Saskatchewan,Both sexes,65 years and over,"Ability to handle the day-to-day demands in life, good or excellent",92.8,90.0,94.9,percent,percent,
2016,2016,Saskatchewan,Both sexes,65 years and over,"Ability to handle unexpected and difficult problems, good or excellent",83.1,78.9,86.6,percent,percent,
2016,2016,Saskatchewan,Both sexes,65 years and over,"Main source of stress in day-to-day life, family",27.8,22.8,33.4,percent,percent,
2016,2016,Saskatchewan,Both sexes,65 years and over,"Main source of stress in day-to-day life, financial concerns",16.7,12.7,21.6,percent,percent,
2016,2016,Saskatchewan,Both sexes,65 years and over,"Main source of stress in day-to-day life, health",17.3,13.7,21.6,percent,percent,
2016,2016,Saskatchewan,Both sexes,65 years and over,"Main source of stress in day-to-day life, none",23.0,18.8,27.9,percent,percent,
2016,2016,Saskatchewan,Both sexes,65 years and over,"Main source of stress in day-to-day life, other",4.1,2.4,7.0,percent,percent,E
2016,2016,Saskatchewan,Both sexes,65 years and over,"Main source of stress in day-to-day life, time pressures/ not enough time",6.1,4.0,9.1,percent,percent,E
2016,2016,Saskatchewan,Both sexes,65 years and over,"Main source of stress in day-to-day life, work",4.9,3.0,8.0,percent,percent,E
2016,2016,Saskatchewan,Both sexes,"Total, 12 years and over","Ability to handle the day-to-day demands in life, good or excellent",90.0,88.4,91.4,percent,percent,
2016,2016,Saskatchewan,Both sexes,"Total, 12 years and over","Ability to handle unexpected and difficult problems, good or excellent",83.7,81.5,85.6,percent,percent,
2016,2016,Saskatchewan,Both sexes,"Total, 12 years and over","Main source of stress in day-to-day life, family",18.1,16.1,20.2,percent,percent,
2016,2016,Saskatchewan,Both sexes,"Total, 12 years and over","Main source of stress in day-to-day life, financial concerns",21.7,19.4,24.2,percent,percent,
2016,2016,Saskatchewan,Both sexes,"Total, 12 years and over","Main source of stress in day-to-day life, health",6.5,5.4,7.9,percent,percent,
2016,2016,Saskatchewan,Both sexes,"Total, 12 years and over","Main source of stress in day-to-day life, none",9.5,8.1,11.2,percent,percent,
2016,2016,Saskatchewan,Both sexes,"Total, 12 years and over","Main source of stress in day-to-day life, other",2.7,2.0,3.7,percent,percent,E
2016,2016,Saskatchewan,Both sexes,"Total, 12 years and over","Main source of stress in day-to-day life, school work (12 to 34 years old)",22.5,19.0,26.4,percent,percent,
2016,2016,Saskatchewan,Both sexes,"Total, 12 years and over","Main source of stress in day-to-day life, time pressures/ not enough time",13.4,11.7,15.4,percent,percent,
2016,2016,Saskatchewan,Both sexes,"Total, 12 years and over","Main source of stress in day-to-day life, work",19.5,17.4,21.9,percent,percent,
2016,2016,Saskatchewan,Females,12 to 17 years,"Ability to handle the day-to-day demands in life, good or excellent",80.0,68.6,88.1,percent,percent,
2016,2016,Saskatchewan,Females,12 to 17 years,"Ability to handle unexpected and difficult problems, good or excellent",71.1,60.4,79.9,percent,percent,
2016,2016,Saskatchewan,Females,12 to 17 years,"Main source of stress in day-to-day life, none",16.4,8.9,28.3,percent,percent,E
2016,2016,Saskatchewan,Females,12 to 17 years,"Main source of stress in day-to-day life, school work (12 to 34 years old)",59.6,47.7,70.5,percent,percent,
2016,2016,Saskatchewan,Females,18 to 34 years,"Ability to handle the day-to-day demands in life, good or excellent",92.0,88.2,94.6,percent,percent,
2016,2016,Saskatchewan,Females,18 to 34 years,"Ability to handle unexpected and difficult problems, good or excellent",82.7,76.8,87.4,percent,percent,
2016,2016,Saskatchewan,Females,18 to 34 years,"Main source of stress in day-to-day life, family",16.9,12.2,23.0,percent,percent,E
2016,2016,Saskatchewan,Females,18 to 34 years,"Main source of stress in day-to-day life, financial concerns",22.8,17.3,29.4,percent,percent,
2016,2016,Saskatchewan,Females,18 to 34 years,"Main source of stress in day-to-day life, school work (12 to 34 years old)",15.6,10.0,23.5,percent,percent,E
2016,2016,Saskatchewan,Females,18 to 34 years,"Main source of stress in day-to-day life, time pressures/ not enough time",18.3,12.7,25.8,percent,percent,E
2016,2016,Saskatchewan,Females,18 to 34 years,"Main source of stress in day-to-day life, work",18.6,13.3,25.3,percent,percent,E
2016,2016,Saskatchewan,Females,35 to 49 years,"Ability to handle the day-to-day demands in life, good or excellent",89.5,82.9,93.7,percent,percent,
2016,2016,Saskatchewan,Females,35 to 49 years,"Ability to handle unexpected and difficult problems, good or excellent",82.4,72.8,89.1,percent,percent,
2016,2016,Saskatchewan,Females,35 to 49 years,"Main source of stress in day-to-day life, family",23.0,15.6,32.6,percent,percent,E
2016,2016,Saskatchewan,Females,35 to 49 years,"Main source of stress in day-to-day life, financial concerns",21.2,15.3,28.6,percent,percent,E
2016,2016,Saskatchewan,Females,35 to 49 years,"Main source of stress in day-to-day life, none",8.2,4.2,15.5,percent,percent,E
2016,2016,Saskatchewan,Females,35 to 49 years,"Main source of stress in day-to-day life, time pressures/ not enough time",16.0,11.3,22.2,percent,percent,E
2016,2016,Saskatchewan,Females,35 to 49 years,"Main source of stress in day-to-day life, work",23.9,17.2,32.2,percent,percent,E
2016,2016,Saskatchewan,Females,50 to 64 years,"Ability to handle the day-to-day demands in life, good or excellent",85.9,79.5,90.6,percent,percent,
2016,2016,Saskatchewan,Females,50 to 64 years,"Ability to handle unexpected and difficult problems, good or excellent",86.2,80.4,90.5,percent,percent,
2016,2016,Saskatchewan,Females,50 to 64 years,"Main source of stress in day-to-day life, family",27.9,20.8,36.4,percent,percent,
2016,2016,Saskatchewan,Females,50 to 64 years,"Main source of stress in day-to-day life, financial concerns",10.8,7.3,15.6,percent,percent,E
2016,2016,Saskatchewan,Females,50 to 64 years,"Main source of stress in day-to-day life, health",10.0,6.3,15.5,percent,percent,E
2016,2016,Saskatchewan,Females,50 to 64 years,"Main source of stress in day-to-day life, none",7.3,4.4,11.9,percent,percent,E
2016,2016,Saskatchewan,Females,50 to 64 years,"Main source of stress in day-to-day life, time pressures/ not enough time",13.9,9.3,20.4,percent,percent,E
2016,2016,Saskatchewan,Females,50 to 64 years,"Main source of stress in day-to-day life, work",27.7,20.9,35.6,percent,percent,
2016,2016,Saskatchewan,Females,65 years and over,"Ability to handle the day-to-day demands in life, good or excellent",91.4,87.3,94.3,percent,percent,
2016,2016,Saskatchewan,Females,65 years and over,"Ability to handle unexpected and difficult problems, good or excellent",81.0,74.8,85.9,percent,percent,
2016,2016,Saskatchewan,Females,65 years and over,"Main source of stress in day-to-day life, family",36.9,29.3,45.2,percent,percent,
2016,2016,Saskatchewan,Females,65 years and over,"Main source of stress in day-to-day life, financial concerns",16.1,10.7,23.6,percent,percent,E
2016,2016,Saskatchewan,Females,65 years and over,"Main source of stress in day-to-day life, health",18.0,12.9,24.6,percent,percent,E
2016,2016,Saskatchewan,Females,65 years and over,"Main source of stress in day-to-day life, none",19.1,14.6,24.5,percent,percent,
2016,2016,Saskatchewan,Females,65 years and over,"Main source of stress in day-to-day life, other",4.5,2.3,8.7,percent,percent,E
2016,2016,Saskatchewan,Females,65 years and over,"Main source of stress in day-to-day life, time pressures/ not enough time",3.9,2.1,7.1,percent,percent,E
2016,2016,Saskatchewan,Females,"Total, 12 years and over","Ability to handle the day-to-day demands in life, good or excellent",89.0,86.8,90.8,percent,percent,
2016,2016,Saskatchewan,Females,"Total, 12 years and over","Ability to handle unexpected and difficult problems, good or excellent",82.3,79.2,85.0,percent,percent,
2016,2016,Saskatchewan,Females,"Total, 12 years and over","Main source of stress in day-to-day life, family",23.5,20.3,27.0,percent,percent,
2016,2016,Saskatchewan,Females,"Total, 12 years and over","Main source of stress in day-to-day life, financial concerns",16.9,14.3,19.7,percent,percent,
2016,2016,Saskatchewan,Females,"Total, 12 years and over","Main source of stress in day-to-day life, health",7.6,6.0,9.7,percent,percent,
2016,2016,Saskatchewan,Females,"Total, 12 years and over","Main source of stress in day-to-day life, none",9.0,7.1,11.2,percent,percent,
2016,2016,Saskatchewan,Females,"Total, 12 years and over","Main source of stress in day-to-day life, other",3.2,2.2,4.7,percent,percent,E
2016,2016,Saskatchewan,Females,"Total, 12 years and over","Main source of stress in day-to-day life, school work (12 to 34 years old)",25.0,19.7,31.2,percent,percent,
2016,2016,Saskatchewan,Females,"Total, 12 years and over","Main source of stress in day-to-day life, time pressures/ not enough time",13.1,10.6,16.1,percent,percent,
2016,2016,Saskatchewan,Females,"Total, 12 years and over","Main source of stress in day-to-day life, work",17.4,14.7,20.6,percent,percent,
2016,2016,Saskatchewan,Males,12 to 17 years,"Ability to handle the day-to-day demands in life, good or excellent",89.8,80.9,94.9,percent,percent,
2016,2016,Saskatchewan,Males,12 to 17 years,"Ability to handle unexpected and difficult problems, good or excellent",86.9,78.1,92.5,percent,percent,
2016,2016,Saskatchewan,Males,12 to 17 years,"Main source of stress in day-to-day life, family",13.8,7.9,23.2,percent,percent,E
2016,2016,Saskatchewan,Males,12 to 17 years,"Main source of stress in day-to-day life, school work (12 to 34 years old)",50.5,39.2,61.8,percent,percent,
2016,2016,Saskatchewan,Males,12 to 17 years,"Main source of stress in day-to-day life, time pressures/ not enough time",12.1,6.3,21.9,percent,percent,E
2016,2016,Saskatchewan,Males,18 to 34 years,"Ability to handle the day-to-day demands in life, good or excellent",91.0,85.6,94.4,percent,percent,
2016,2016,Saskatchewan,Males,18 to 34 years,"Ability to handle unexpected and difficult problems, good or excellent",84.5,78.3,89.3,percent,percent,
2016,2016,Saskatchewan,Males,18 to 34 years,"Main source of stress in day-to-day life, family",7.6,4.5,12.5,percent,percent,E
2016,2016,Saskatchewan,Males,18 to 34 years,"Main source of stress in day-to-day life, financial concerns",29.9,22.1,39.2,percent,percent,
2016,2016,Saskatchewan,Males,18 to 34 years,"Main source of stress in day-to-day life, none",5.6,3.0,10.1,percent,percent,E
2016,2016,Saskatchewan,Males,18 to 34 years,"Main source of stress in day-to-day life, school work (12 to 34 years old)",11.6,6.6,19.5,percent,percent,E
2016,2016,Saskatchewan,Males,18 to 34 years,"Main source of stress in day-to-day life, time pressures/ not enough time",10.0,6.5,15.0,percent,percent,E
2016,2016,Saskatchewan,Males,18 to 34 years,"Main source of stress in day-to-day life, work",32.4,24.4,41.6,percent,percent,
2016,2016,Saskatchewan,Males,35 to 49 years,"Ability to handle the day-to-day demands in life, good or excellent",84.1,76.9,89.3,percent,percent,
2016,2016,Saskatchewan,Males,35 to 49 years,"Ability to handle unexpected and difficult problems, good or excellent",81.4,74.6,86.8,percent,percent,
2016,2016,Saskatchewan,Males,35 to 49 years,"Main source of stress in day-to-day life, family",13.8,8.4,21.7,percent,percent,E
2016,2016,Saskatchewan,Males,35 to 49 years,"Main source of stress in day-to-day life, financial concerns",34.3,26.2,43.5,percent,percent,
2016,2016,Saskatchewan,Males,35 to 49 years,"Main source of stress in day-to-day life, time pressures/ not enough time",18.9,13.1,26.6,percent,percent,E
2016,2016,Saskatchewan,Males,35 to 49 years,"Main source of stress in day-to-day life, work",25.7,18.7,34.3,percent,percent,E
2016,2016,Saskatchewan,Males,50 to 64 years,"Ability to handle the day-to-day demands in life, good or excellent",96.1,92.8,97.9,percent,percent,
2016,2016,Saskatchewan,Males,50 to 64 years,"Ability to handle unexpected and difficult problems, good or excellent",87.9,81.0,92.6,percent,percent,
2016,2016,Saskatchewan,Males,50 to 64 years,"Main source of stress in day-to-day life, family",14.9,9.7,22.1,percent,percent,E
2016,2016,Saskatchewan,Males,50 to 64 years,"Main source of stress in day-to-day life, financial concerns",28.4,21.2,36.8,percent,percent,
2016,2016,Saskatchewan,Males,50 to 64 years,"Main source of stress in day-to-day life, health",7.7,4.5,12.9,percent,percent,E
2016,2016,Saskatchewan,Males,50 to 64 years,"Main source of stress in day-to-day life, none",10.2,6.6,15.4,percent,percent,E
2016,2016,Saskatchewan,Males,50 to 64 years,"Main source of stress in day-to-day life, time pressures/ not enough time",17.3,11.8,24.6,percent,percent,E
2016,2016,Saskatchewan,Males,50 to 64 years,"Main source of stress in day-to-day life, work",18.3,13.2,24.9,percent,percent,E
2016,2016,Saskatchewan,Males,65 years and over,"Ability to handle the day-to-day demands in life, good or excellent",94.4,89.8,97.0,percent,percent,
2016,2016,Saskatchewan,Males,65 years and over,"Ability to handle unexpected and difficult problems, good or excellent",85.6,79.3,90.2,percent,percent,
2016,2016,Saskatchewan,Males,65 years and over,"Main source of stress in day-to-day life, family",17.1,11.7,24.5,percent,percent,E
2016,2016,Saskatchewan,Males,65 years and over,"Main source of stress in day-to-day life, financial concerns",17.4,12.3,23.9,percent,percent,E
2016,2016,Saskatchewan,Males,65 years and over,"Main source of stress in day-to-day life, health",16.4,11.9,22.3,percent,percent,E
2016,2016,Saskatchewan,Males,65 years and over,"Main source of stress in day-to-day life, none",27.7,21.0,35.6,percent,percent,
2016,2016,Saskatchewan,Males,65 years and over,"Main source of stress in day-to-day life, time pressures/ not enough time",8.7,5.3,14.2,percent,percent,E
2016,2016,Saskatchewan,Males,65 years and over,"Main source of stress in day-to-day life, work",8.9,5.1,15.1,percent,percent,E
2016,2016,Saskatchewan,Males,"Total, 12 years and over","Ability to handle the day-to-day demands in life, good or excellent",91.1,88.5,93.2,percent,percent,
2016,2016,Saskatchewan,Males,"Total, 12 years and over","Ability to handle unexpected and difficult problems, good or excellent",85.0,81.9,87.7,percent,percent,
2016,2016,Saskatchewan,Males,"Total, 12 years and over","Main source of stress in day-to-day life, family",12.7,10.3,15.6,percent,percent,
2016,2016,Saskatchewan,Males,"Total, 12 years and over","Main source of stress in day-to-day life, financial concerns",26.5,22.8,30.5,percent,percent,
2016,2016,Saskatchewan,Males,"Total, 12 years and over","Main source of stress in day-to-day life, health",5.5,4.2,7.2,percent,percent,
2016,2016,Saskatchewan,Males,"Total, 12 years and over","Main source of stress in day-to-day life, none",10.1,8.0,12.6,percent,percent,
2016,2016,Saskatchewan,Males,"Total, 12 years and over","Main source of stress in day-to-day life, other",2.2,1.4,3.6,percent,percent,E
2016,2016,Saskatchewan,Males,"Total, 12 years and over","Main source of stress in day-to-day life, school work (12 to 34 years old)",20.1,15.1,26.3,percent,percent,
2016,2016,Saskatchewan,Males,"Total, 12 years and over","Main source of stress in day-to-day life, time pressures/ not enough time",13.7,11.3,16.6,percent,percent,
2016,2016,Saskatchewan,Males,"Total, 12 years and over","Main source of stress in day-to-day life, work",21.6,18.4,25.2,percent,percent,
2019,2019,Alberta,Both sexes,12 to 17 years,"Ability to handle the day-to-day demands in life, good or excellent",89.4,84.3,93.0,percent,percent,
2019,2019,Alberta,Both sexes,12 to 17 years,"Ability to handle unexpected and difficult problems, good or excellent",74.9,68.4,80.5,percent,percent,
2019,2019,Alberta,Both sexes,12 to 17 years,"Main source of stress in day-to-day life, family",6.7,4.0,11.0,percent,percent,E
2019,2019,Alberta,Both sexes,12 to 17 years,"Main source of stress in day-to-day life, none",4.6,2.6,8.1,percent,percent,E
2019,2019,Alberta,Both sexes,12 to 17 years,"Main source of stress in day-to-day life, school work (12 to 34 years old)",65.6,59.1,71.6,percent,percent,
2019,2019,Alberta,Both sexes,12 to 17 years,"Main source of stress in day-to-day life, time pressures/ not enough time",10.9,7.5,15.6,percent,percent,E
2019,2019,Alberta,Both sexes,12 to 17 years,"Main source of stress in day-to-day life, work",4.7,3.0,7.2,percent,percent,E
2019,2019,Alberta,Both sexes,18 to 34 years,"Ability to handle the day-to-day demands in life, good or excellent",88.1,85.4,90.3,percent,percent,
2019,2019,Alberta,Both sexes,18 to 34 years,"Ability to handle unexpected and difficult problems, good or excellent",75.6,72.0,79.0,percent,percent,
2019,2019,Alberta,Both sexes,18 to 34 years,"Main source of stress in day-to-day life, family",10.5,8.6,12.8,percent,percent,
2019,2019,Alberta,Both sexes,18 to 34 years,"Main source of stress in day-to-day life, financial concerns",28.5,25.0,32.2,percent,percent,
2019,2019,Alberta,Both sexes,18 to 34 years,"Main source of stress in day-to-day life, health",2.6,1.5,4.3,percent,percent,E
2019,2019,Alberta,Both sexes,18 to 34 years,"Main source of stress in day-to-day life, none",3.5,2.5,4.9,percent,percent,E
2019,2019,Alberta,Both sexes,18 to 34 years,"Main source of stress in day-to-day life, other",2.2,1.3,3.7,percent,percent,E
2019,2019,Alberta,Both sexes,18 to 34 years,"Main source of stress in day-to-day life, school work (12 to 34 years old)",11.7,9.1,14.8,percent,percent,
2019,2019,Alberta,Both sexes,18 to 34 years,"Main source of stress in day-to-day life, time pressures/ not enough time",12.1,9.5,15.2,percent,percent,
2019,2019,Alberta,Both sexes,18 to 34 years,"Main source of stress in day-to-day life, work",29.1,25.4,33.0,percent,percent,
2019,2019,Alberta,Both sexes,35 to 49 years,"Ability to handle the day-to-day demands in life, good or excellent",91.6,89.5,93.4,percent,percent,
2019,2019,Alberta,Both sexes,35 to 49 years,"Ability to handle unexpected and difficult problems, good or excellent",82.7,79.3,85.6,percent,percent,
2019,2019,Alberta,Both sexes,35 to 49 years,"Main source of stress in day-to-day life, family",13.7,11.2,16.6,percent,percent,
2019,2019,Alberta,Both sexes,35 to 49 years,"Main source of stress in day-to-day life, financial concerns",24.7,21.2,28.6,percent,percent,
2019,2019,Alberta,Both sexes,35 to 49 years,"Main source of stress in day-to-day life, health",4.4,3.0,6.4,percent,percent,E
2019,2019,Alberta,Both sexes,35 to 49 years,"Main source of stress in day-to-day life, none",4.9,3.3,7.1,percent,percent,E
2019,2019,Alberta,Both sexes,35 to 49 years,"Main source of stress in day-to-day life, other",1.9,1.2,3.0,percent,percent,E
2019,2019,Alberta,Both sexes,35 to 49 years,"Main source of stress in day-to-day life, time pressures/ not enough time",17.1,13.8,21.0,percent,percent,
2019,2019,Alberta,Both sexes,35 to 49 years,"Main source of stress in day-to-day life, work",32.6,28.8,36.5,percent,percent,
2019,2019,Alberta,Both sexes,50 to 64 years,"Ability to handle the day-to-day demands in life, good or excellent",90.1,87.4,92.3,percent,percent,
2019,2019,Alberta,Both sexes,50 to 64 years,"Ability to handle unexpected and difficult problems, good or excellent",84.8,81.9,87.3,percent,percent,
2019,2019,Alberta,Both sexes,50 to 64 years,"Main source of stress in day-to-day life, family",23.7,19.6,28.5,percent,percent,
2019,2019,Alberta,Both sexes,50 to 64 years,"Main source of stress in day-to-day life, financial concerns",20.4,17.3,23.8,percent,percent,
2019,2019,Alberta,Both sexes,50 to 64 years,"Main source of stress in day-to-day life, health",7.8,5.7,10.7,percent,percent,E
2019,2019,Alberta,Both sexes,50 to 64 years,"Main source of stress in day-to-day life, none",8.9,6.7,11.7,percent,percent,
2019,2019,Alberta,Both sexes,50 to 64 years,"Main source of stress in day-to-day life, other",2.7,1.9,3.9,percent,percent,E
2019,2019,Alberta,Both sexes,50 to 64 years,"Main source of stress in day-to-day life, time pressures/ not enough time",7.4,5.4,10.1,percent,percent,E
2019,2019,Alberta,Both sexes,50 to 64 years,"Main source of stress in day-to-day life, work",29.0,25.4,32.8,percent,percent,
2019,2019,Alberta,Both sexes,65 years and over,"Ability to handle the day-to-day demands in life, good or excellent",92.0,90.4,93.3,percent,percent,
2019,2019,Alberta,Both sexes,65 years and over,"Ability to handle unexpected and difficult problems, good or excellent",86.3,84.5,87.9,percent,percent,
2019,2019,Alberta,Both sexes,65 years and over,"Main source of stress in day-to-day life, family",30.5,28.2,32.9,percent,percent,
2019,2019,Alberta,Both sexes,65 years and over,"Main source of stress in day-to-day life, financial concerns",15.4,13.5,17.6,percent,percent,
2019,2019,Alberta,Both sexes,65 years and over,"Main source of stress in day-to-day life, health",15.4,13.6,17.2,percent,percent,
2019,2019,Alberta,Both sexes,65 years and over,"Main source of stress in day-to-day life, none",21.9,19.8,24.1,percent,percent,
2019,2019,Alberta,Both sexes,65 years and over,"Main source of stress in day-to-day life, other",5.5,4.4,6.9,percent,percent,
2019,2019,Alberta,Both sexes,65 years and over,"Main source of stress in day-to-day life, time pressures/ not enough time",4.8,3.7,6.1,percent,percent,
2019,2019,Alberta,Both sexes,65 years and over,"Main source of stress in day-to-day life, work",6.5,5.3,7.9,percent,percent,
2019,2019,Alberta,Both sexes,"Total, 12 years and over","Ability to handle the day-to-day demands in life, good or excellent",90.1,88.9,91.2,percent,percent,
2019,2019,Alberta,Both sexes,"Total, 12 years and over","Ability to handle unexpected and difficult problems, good or excellent",81.0,79.5,82.5,percent,percent,
2019,2019,Alberta,Both sexes,"Total, 12 years and over","Main source of stress in day-to-day life, family",16.9,15.6,18.4,percent,percent,
2019,2019,Alberta,Both sexes,"Total, 12 years and over","Main source of stress in day-to-day life, financial concerns",21.7,20.2,23.3,percent,percent,
2019,2019,Alberta,Both sexes,"Total, 12 years and over","Main source of stress in day-to-day life, health",6.1,5.2,7.0,percent,percent,
2019,2019,Alberta,Both sexes,"Total, 12 years and over","Main source of stress in day-to-day life, none",7.8,7.0,8.8,percent,percent,
2019,2019,Alberta,Both sexes,"Total, 12 years and over","Main source of stress in day-to-day life, other",2.8,2.3,3.4,percent,percent,
2019,2019,Alberta,Both sexes,"Total, 12 years and over","Main source of stress in day-to-day life, school work (12 to 34 years old)",23.0,20.4,25.8,percent,percent,
2019,2019,Alberta,Both sexes,"Total, 12 years and over","Main source of stress in day-to-day life, time pressures/ not enough time",11.2,9.8,12.7,percent,percent,
2019,2019,Alberta,Both sexes,"Total, 12 years and over","Main source of stress in day-to-day life, work",24.8,23.1,26.6,percent,percent,
2019,2019,Alberta,Females,12 to 17 years,"Ability to handle the day-to-day demands in life, good or excellent",90.4,84.4,94.2,percent,percent,
2019,2019,Alberta,Females,12 to 17 years,"Ability to handle unexpected and difficult problems, good or excellent",74.1,65.2,81.4,percent,percent,
2019,2019,Alberta,Females,12 to 17 years,"Main source of stress in day-to-day life, family",5.7,3.2,10.0,percent,percent,E
2019,2019,Alberta,Females,12 to 17 years,"Main source of stress in day-to-day life, school work (12 to 34 years old)",70.7,62.3,78.0,percent,percent,
2019,2019,Alberta,Females,12 to 17 years,"Main source of stress in day-to-day life, time pressures/ not enough time",7.2,3.7,13.5,percent,percent,E
2019,2019,Alberta,Females,12 to 17 years,"Main source of stress in day-to-day life, work",4.8,2.5,9.0,percent,percent,E
2019,2019,Alberta,Females,18 to 34 years,"Ability to handle the day-to-day demands in life, good or excellent",87.6,83.6,90.8,percent,percent,
2019,2019,Alberta,Females,18 to 34 years,"Ability to handle unexpected and difficult problems, good or excellent",69.9,64.4,74.9,percent,percent,
2019,2019,Alberta,Females,18 to 34 years,"Main source of stress in day-to-day life, family",13.2,10.4,16.5,percent,percent,
2019,2019,Alberta,Females,18 to 34 years,"Main source of stress in day-to-day life, financial concerns",26.0,21.5,31.1,percent,percent,
2019,2019,Alberta,Females,18 to 34 years,"Main source of stress in day-to-day life, health",1.8,0.9,3.5,percent,percent,E
2019,2019,Alberta,Females,18 to 34 years,"Main source of stress in day-to-day life, none",3.7,2.4,5.7,percent,percent,E
2019,2019,Alberta,Females,18 to 34 years,"Main source of stress in day-to-day life, other",2.0,1.1,3.7,percent,percent,E
2019,2019,Alberta,Females,18 to 34 years,"Main source of stress in day-to-day life, school work (12 to 34 years old)",14.4,10.3,19.7,percent,percent,E
2019,2019,Alberta,Females,18 to 34 years,"Main source of stress in day-to-day life, time pressures/ not enough time",14.7,10.5,20.3,percent,percent,E
2019,2019,Alberta,Females,18 to 34 years,"Main source of stress in day-to-day life, work",24.2,19.9,29.2,percent,percent,
2019,2019,Alberta,Females,35 to 49 years,"Ability to handle the day-to-day demands in life, good or excellent",90.2,87.1,92.6,percent,percent,
2019,2019,Alberta,Females,35 to 49 years,"Ability to handle unexpected and difficult problems, good or excellent",80.4,74.9,85.0,percent,percent,
2019,2019,Alberta,Females,35 to 49 years,"Main source of stress in day-to-day life, family",17.4,13.7,21.8,percent,percent,
2019,2019,Alberta,Females,35 to 49 years,"Main source of stress in day-to-day life, financial concerns",22.9,18.2,28.4,percent,percent,
2019,2019,Alberta,Females,35 to 49 years,"Main source of stress in day-to-day life, health",6.2,3.9,9.7,percent,percent,E
2019,2019,Alberta,Females,35 to 49 years,"Main source of stress in day-to-day life, none",5.4,3.2,9.0,percent,percent,E
2019,2019,Alberta,Females,35 to 49 years,"Main source of stress in day-to-day life, time pressures/ not enough time",19.7,15.0,25.3,percent,percent,
2019,2019,Alberta,Females,35 to 49 years,"Main source of stress in day-to-day life, work",26.1,21.4,31.5,percent,percent,
2019,2019,Alberta,Females,50 to 64 years,"Ability to handle the day-to-day demands in life, good or excellent",89.7,85.0,93.1,percent,percent,
2019,2019,Alberta,Females,50 to 64 years,"Ability to handle unexpected and difficult problems, good or excellent",83.1,78.6,86.9,percent,percent,
2019,2019,Alberta,Females,50 to 64 years,"Main source of stress in day-to-day life, family",30.4,24.0,37.7,percent,percent,
2019,2019,Alberta,Females,50 to 64 years,"Main source of stress in day-to-day life, financial concerns",17.9,13.7,23.0,percent,percent,
2019,2019,Alberta,Females,50 to 64 years,"Main source of stress in day-to-day life, health",7.3,4.8,11.1,percent,percent,E
2019,2019,Alberta,Females,50 to 64 years,"Main source of stress in day-to-day life, none",9.9,6.5,14.7,percent,percent,E
2019,2019,Alberta,Females,50 to 64 years,"Main source of stress in day-to-day life, other",2.2,1.3,3.9,percent,percent,E
2019,2019,Alberta,Females,50 to 64 years,"Main source of stress in day-to-day life, time pressures/ not enough time",8.8,5.6,13.6,percent,percent,E
2019,2019,Alberta,Females,50 to 64 years,"Main source of stress in day-to-day life, work",23.2,18.5,28.7,percent,percent,
2019,2019,Alberta,Females,65 years and over,"Ability to handle the day-to-day demands in life, good or excellent",90.8,88.6,92.6,percent,percent,
2019,2019,Alberta,Females,65 years and over,"Ability to handle unexpected and difficult problems, good or excellent",84.6,81.9,87.0,percent,percent,
2019,2019,Alberta,Females,65 years and over,"Main source of stress in day-to-day life, family",36.5,33.1,40.1,percent,percent,
2019,2019,Alberta,Females,65 years and over,"Main source of stress in day-to-day life, financial concerns",12.8,10.7,15.3,percent,percent,
2019,2019,Alberta,Females,65 years and over,"Main source of stress in day-to-day life, health",17.8,15.3,20.7,percent,percent,
2019,2019,Alberta,Females,65 years and over,"Main source of stress in day-to-day life, none",18.3,15.7,21.2,percent,percent,
2019,2019,Alberta,Females,65 years and over,"Main source of stress in day-to-day life, other",4.8,3.4,6.6,percent,percent,E
2019,2019,Alberta,Females,65 years and over,"Main source of stress in day-to-day life, time pressures/ not enough time",5.1,3.7,7.1,percent,percent,E
2019,2019,Alberta,Females,65 years and over,"Main source of stress in day-to-day life, work",4.5,3.3,6.1,percent,percent,E
2019,2019,Alberta,Females,"Total, 12 years and over","Ability to handle the day-to-day demands in life, good or excellent",89.4,87.7,91.0,percent,percent,
2019,2019,Alberta,Females,"Total, 12 years and over","Ability to handle unexpected and difficult problems, good or excellent",78.1,75.8,80.3,percent,percent,
2019,2019,Alberta,Females,"Total, 12 years and over","Main source of stress in day-to-day life, family",21.1,19.1,23.3,percent,percent,
2019,2019,Alberta,Females,"Total, 12 years and over","Main source of stress in day-to-day life, financial concerns",19.6,17.6,21.8,percent,percent,
2019,2019,Alberta,Females,"Total, 12 years and over","Main source of stress in day-to-day life, health",6.7,5.6,7.9,percent,percent,
2019,2019,Alberta,Females,"Total, 12 years and over","Main source of stress in day-to-day life, none",7.7,6.5,9.2,percent,percent,
2019,2019,Alberta,Females,"Total, 12 years and over","Main source of stress in day-to-day life, other",2.5,2.0,3.2,percent,percent,
2019,2019,Alberta,Females,"Total, 12 years and over","Main source of stress in day-to-day life, school work (12 to 34 years old)",26.0,22.1,30.2,percent,percent,
2019,2019,Alberta,Females,"Total, 12 years and over","Main source of stress in day-to-day life, time pressures/ not enough time",12.6,10.6,15.0,percent,percent,
2019,2019,Alberta,Females,"Total, 12 years and over","Main source of stress in day-to-day life, work",20.0,17.8,22.4,percent,percent,
2019,2019,Alberta,Males,12 to 17 years,"Ability to handle the day-to-day demands in life, good or excellent",88.6,79.8,93.8,percent,percent,
2019,2019,Alberta,Males,12 to 17 years,"Ability to handle unexpected and difficult problems, good or excellent",75.7,66.1,83.3,percent,percent,
2019,2019,Alberta,Males,12 to 17 years,"Main source of stress in day-to-day life, school work (12 to 34 years old)",60.8,50.8,70.0,percent,percent,
2019,2019,Alberta,Males,12 to 17 years,"Main source of stress in day-to-day life, time pressures/ not enough time",14.4,9.2,21.9,percent,percent,E
2019,2019,Alberta,Males,12 to 17 years,"Main source of stress in day-to-day life, work",4.5,2.4,8.4,percent,percent,E
2019,2019,Alberta,Males,18 to 34 years,"Ability to handle the day-to-day demands in life, good or excellent",88.6,84.5,91.7,percent,percent,
2019,2019,Alberta,Males,18 to 34 years,"Ability to handle unexpected and difficult problems, good or excellent",81.4,76.8,85.2,percent,percent,
2019,2019,Alberta,Males,18 to 34 years,"Main source of stress in day-to-day life, family",7.9,5.7,10.7,percent,percent,E
2019,2019,Alberta,Males,18 to 34 years,"Main source of stress in day-to-day life, financial concerns",30.9,25.6,36.8,percent,percent,
2019,2019,Alberta,Males,18 to 34 years,"Main source of stress in day-to-day life, none",3.3,1.9,5.6,percent,percent,E
2019,2019,Alberta,Males,18 to 34 years,"Main source of stress in day-to-day life, school work (12 to 34 years old)",9.0,6.1,13.0,percent,percent,E
2019,2019,Alberta,Males,18 to 34 years,"Main source of stress in day-to-day life, time pressures/ not enough time",9.4,6.9,12.8,percent,percent,E
2019,2019,Alberta,Males,18 to 34 years,"Main source of stress in day-to-day life, work",33.9,28.5,39.8,percent,percent,
2019,2019,Alberta,Males,35 to 49 years,"Ability to handle the day-to-day demands in life, good or excellent",93.0,89.5,95.4,percent,percent,
2019,2019,Alberta,Males,35 to 49 years,"Ability to handle unexpected and difficult problems, good or excellent",84.9,80.2,88.6,percent,percent,
2019,2019,Alberta,Males,35 to 49 years,"Main source of stress in day-to-day life, family",10.1,7.2,14.0,percent,percent,E
2019,2019,Alberta,Males,35 to 49 years,"Main source of stress in day-to-day life, financial concerns",26.5,21.7,31.9,percent,percent,
2019,2019,Alberta,Males,35 to 49 years,"Main source of stress in day-to-day life, health",2.7,1.5,4.7,percent,percent,E
2019,2019,Alberta,Males,35 to 49 years,"Main source of stress in day-to-day life, none",4.4,2.5,7.7,percent,percent,E
2019,2019,Alberta,Males,35 to 49 years,"Main source of stress in day-to-day life, other",1.8,1.1,3.1,percent,percent,E
2019,2019,Alberta,Males,35 to 49 years,"Main source of stress in day-to-day life, time pressures/ not enough time",14.6,10.3,20.3,percent,percent,E
2019,2019,Alberta,Males,35 to 49 years,"Main source of stress in day-to-day life, work",38.8,33.1,44.9,percent,percent,
2019,2019,Alberta,Males,50 to 64 years,"Ability to handle the day-to-day demands in life, good or excellent",90.5,87.0,93.1,percent,percent,
2019,2019,Alberta,Males,50 to 64 years,"Ability to handle unexpected and difficult problems, good or excellent",86.4,82.2,89.7,percent,percent,
2019,2019,Alberta,Males,50 to 64 years,"Main source of stress in day-to-day life, family",17.2,13.0,22.5,percent,percent,
2019,2019,Alberta,Males,50 to 64 years,"Main source of stress in day-to-day life, financial concerns",22.8,18.3,27.9,percent,percent,
2019,2019,Alberta,Males,50 to 64 years,"Main source of stress in day-to-day life, health",8.3,5.1,13.2,percent,percent,E
2019,2019,Alberta,Males,50 to 64 years,"Main source of stress in day-to-day life, none",7.9,5.4,11.4,percent,percent,E
2019,2019,Alberta,Males,50 to 64 years,"Main source of stress in day-to-day life, other",3.1,1.9,5.1,percent,percent,E
2019,2019,Alberta,Males,50 to 64 years,"Main source of stress in day-to-day life, time pressures/ not enough time",6.1,4.0,9.2,percent,percent,E
2019,2019,Alberta,Males,50 to 64 years,"Main source of stress in day-to-day life, work",34.5,29.2,40.2,percent,percent,
2019,2019,Alberta,Males,65 years and over,"Ability to handle the day-to-day demands in life, good or excellent",93.2,90.7,95.1,percent,percent,
2019,2019,Alberta,Males,65 years and over,"Ability to handle unexpected and difficult problems, good or excellent",88.1,85.3,90.4,percent,percent,
2019,2019,Alberta,Males,65 years and over,"Main source of stress in day-to-day life, family",23.9,20.9,27.3,percent,percent,
2019,2019,Alberta,Males,65 years and over,"Main source of stress in day-to-day life, financial concerns",18.3,15.2,21.8,percent,percent,
2019,2019,Alberta,Males,65 years and over,"Main source of stress in day-to-day life, health",12.6,10.5,15.2,percent,percent,
2019,2019,Alberta,Males,65 years and over,"Main source of stress in day-to-day life, none",25.8,22.6,29.2,percent,percent,
2019,2019,Alberta,Males,65 years and over,"Main source of stress in day-to-day life, other",6.3,4.6,8.7,percent,percent,E
2019,2019,Alberta,Males,65 years and over,"Main source of stress in day-to-day life, time pressures/ not enough time",4.4,3.0,6.4,percent,percent,E
2019,2019,Alberta,Males,65 years and over,"Main source of stress in day-to-day life, work",8.6,6.8,10.9,percent,percent,
2019,2019,Alberta,Males,"Total, 12 years and over","Ability to handle the day-to-day demands in life, good or excellent",90.8,89.1,92.3,percent,percent,
2019,2019,Alberta,Males,"Total, 12 years and over","Ability to handle unexpected and difficult problems, good or excellent",83.9,81.8,85.8,percent,percent,
2019,2019,Alberta,Males,"Total, 12 years and over","Main source of stress in day-to-day life, family",12.8,11.1,14.7,percent,percent,
2019,2019,Alberta,Males,"Total, 12 years and over","Main source of stress in day-to-day life, financial concerns",23.8,21.3,26.4,percent,percent,
2019,2019,Alberta,Males,"Total, 12 years and over","Main source of stress in day-to-day life, health",5.5,4.2,7.1,percent,percent,
2019,2019,Alberta,Males,"Total, 12 years and over","Main source of stress in day-to-day life, none",7.9,6.8,9.2,percent,percent,
2019,2019,Alberta,Males,"Total, 12 years and over","Main source of stress in day-to-day life, other",3.1,2.3,4.1,percent,percent,
2019,2019,Alberta,Males,"Total, 12 years and over","Main source of stress in day-to-day life, school work (12 to 34 years old)",20.1,16.9,23.7,percent,percent,
2019,2019,Alberta,Males,"Total, 12 years and over","Main source of stress in day-to-day life, time pressures/ not enough time",9.7,8.1,11.7,percent,percent,
2019,2019,Alberta,Males,"Total, 12 years and over","Main source of stress in day-to-day life, work",29.5,27.1,32.1,percent,percent,
2019,2019,British Columbia,Both sexes,12 to 17 years,"Ability to handle the day-to-day demands in life, good or excellent",91.8,88.5,94.2,percent,percent,
2019,2019,British Columbia,Both sexes,12 to 17 years,"Ability to handle unexpected and difficult problems, good or excellent",76.8,71.7,81.3,percent,percent,
2019,2019,British Columbia,Both sexes,12 to 17 years,"Main source of stress in day-to-day life, family",10.8,7.6,15.1,percent,percent,E
2019,2019,British Columbia,Both sexes,12 to 17 years,"Main source of stress in day-to-day life, none",10.8,7.5,15.1,percent,percent,E
2019,2019,British Columbia,Both sexes,12 to 17 years,"Main source of stress in day-to-day life, other",3.5,1.9,6.2,percent,percent,E
2019,2019,British Columbia,Both sexes,12 to 17 years,"Main source of stress in day-to-day life, school work (12 to 34 years old)",56.5,50.8,62.1,percent,percent,
2019,2019,British Columbia,Both sexes,12 to 17 years,"Main source of stress in day-to-day life, time pressures/ not enough time",13.5,10.0,17.9,percent,percent,
2019,2019,British Columbia,Both sexes,12 to 17 years,"Main source of stress in day-to-day life, work",2.6,1.4,4.8,percent,percent,E
2019,2019,British Columbia,Both sexes,18 to 34 years,"Ability to handle the day-to-day demands in life, good or excellent",87.4,84.5,89.8,percent,percent,
2019,2019,British Columbia,Both sexes,18 to 34 years,"Ability to handle unexpected and difficult problems, good or excellent",73.5,69.5,77.1,percent,percent,
2019,2019,British Columbia,Both sexes,18 to 34 years,"Main source of stress in day-to-day life, family",9.1,7.2,11.3,percent,percent,
2019,2019,British Columbia,Both sexes,18 to 34 years,"Main source of stress in day-to-day life, financial concerns",27.4,23.7,31.4,percent,percent,
2019,2019,British Columbia,Both sexes,18 to 34 years,"Main source of stress in day-to-day life, health",3.5,2.5,5.0,percent,percent,E
2019,2019,British Columbia,Both sexes,18 to 34 years,"Main source of stress in day-to-day life, none",4.2,2.8,6.3,percent,percent,E
2019,2019,British Columbia,Both sexes,18 to 34 years,"Main source of stress in day-to-day life, other",2.8,1.7,4.5,percent,percent,E
2019,2019,British Columbia,Both sexes,18 to 34 years,"Main source of stress in day-to-day life, school work (12 to 34 years old)",13.3,10.6,16.5,percent,percent,
2019,2019,British Columbia,Both sexes,18 to 34 years,"Main source of stress in day-to-day life, time pressures/ not enough time",12.4,10.1,15.2,percent,percent,
2019,2019,British Columbia,Both sexes,18 to 34 years,"Main source of stress in day-to-day life, work",27.3,23.8,31.2,percent,percent,
2019,2019,British Columbia,Both sexes,35 to 49 years,"Ability to handle the day-to-day demands in life, good or excellent",89.3,86.8,91.4,percent,percent,
2019,2019,British Columbia,Both sexes,35 to 49 years,"Ability to handle unexpected and difficult problems, good or excellent",82.7,79.4,85.5,percent,percent,
2019,2019,British Columbia,Both sexes,35 to 49 years,"Main source of stress in day-to-day life, family",16.8,13.9,20.1,percent,percent,
2019,2019,British Columbia,Both sexes,35 to 49 years,"Main source of stress in day-to-day life, financial concerns",25.2,21.8,29.0,percent,percent,
2019,2019,British Columbia,Both sexes,35 to 49 years,"Main source of stress in day-to-day life, health",4.0,2.8,5.8,percent,percent,E
2019,2019,British Columbia,Both sexes,35 to 49 years,"Main source of stress in day-to-day life, none",4.3,2.9,6.3,percent,percent,E
2019,2019,British Columbia,Both sexes,35 to 49 years,"Main source of stress in day-to-day life, other",3.3,2.1,5.2,percent,percent,E
2019,2019,British Columbia,Both sexes,35 to 49 years,"Main source of stress in day-to-day life, time pressures/ not enough time",14.6,12.0,17.8,percent,percent,
2019,2019,British Columbia,Both sexes,35 to 49 years,"Main source of stress in day-to-day life, work",31.1,27.4,35.1,percent,percent,
2019,2019,British Columbia,Both sexes,50 to 64 years,"Ability to handle the day-to-day demands in life, good or excellent",92.5,90.5,94.1,percent,percent,
2019,2019,British Columbia,Both sexes,50 to 64 years,"Ability to handle unexpected and difficult problems, good or excellent",84.3,81.4,86.7,percent,percent,
2019,2019,British Columbia,Both sexes,50 to 64 years,"Main source of stress in day-to-day life, family",24.2,20.7,28.0,percent,percent,
2019,2019,British Columbia,Both sexes,50 to 64 years,"Main source of stress in day-to-day life, financial concerns",20.7,17.9,23.9,percent,percent,
2019,2019,British Columbia,Both sexes,50 to 64 years,"Main source of stress in day-to-day life, health",8.5,6.6,11.0,percent,percent,
2019,2019,British Columbia,Both sexes,50 to 64 years,"Main source of stress in day-to-day life, none",6.7,5.2,8.5,percent,percent,
2019,2019,British Columbia,Both sexes,50 to 64 years,"Main source of stress in day-to-day life, other",3.8,2.3,6.0,percent,percent,E
2019,2019,British Columbia,Both sexes,50 to 64 years,"Main source of stress in day-to-day life, time pressures/ not enough time",8.0,6.1,10.4,percent,percent,
2019,2019,British Columbia,Both sexes,50 to 64 years,"Main source of stress in day-to-day life, work",27.9,24.6,31.4,percent,percent,
2019,2019,British Columbia,Both sexes,65 years and over,"Ability to handle the day-to-day demands in life, good or excellent",92.7,90.9,94.2,percent,percent,
2019,2019,British Columbia,Both sexes,65 years and over,"Ability to handle unexpected and difficult problems, good or excellent",86.4,84.2,88.4,percent,percent,
2019,2019,British Columbia,Both sexes,65 years and over,"Main source of stress in day-to-day life, family",29.3,26.7,32.1,percent,percent,
2019,2019,British Columbia,Both sexes,65 years and over,"Main source of stress in day-to-day life, financial concerns",12.7,10.8,14.9,percent,percent,
2019,2019,British Columbia,Both sexes,65 years and over,"Main source of stress in day-to-day life, health",18.6,16.5,20.9,percent,percent,
2019,2019,British Columbia,Both sexes,65 years and over,"Main source of stress in day-to-day life, none",25.6,23.2,28.2,percent,percent,
2019,2019,British Columbia,Both sexes,65 years and over,"Main source of stress in day-to-day life, other",4.7,3.6,6.1,percent,percent,
2019,2019,British Columbia,Both sexes,65 years and over,"Main source of stress in day-to-day life, time pressures/ not enough time",4.8,3.8,6.0,percent,percent,
2019,2019,British Columbia,Both sexes,65 years and over,"Main source of stress in day-to-day life, work",4.2,3.3,5.5,percent,percent,
2019,2019,British Columbia,Both sexes,"Total, 12 years and over","Ability to handle the day-to-day demands in life, good or excellent",90.4,89.3,91.4,percent,percent,
2019,2019,British Columbia,Both sexes,"Total, 12 years and over","Ability to handle unexpected and difficult problems, good or excellent",81.0,79.5,82.4,percent,percent,
2019,2019,British Columbia,Both sexes,"Total, 12 years and over","Main source of stress in day-to-day life, family",18.6,17.2,20.2,percent,percent,
2019,2019,British Columbia,Both sexes,"Total, 12 years and over","Main source of stress in day-to-day life, financial concerns",20.6,19.1,22.1,percent,percent,
2019,2019,British Columbia,Both sexes,"Total, 12 years and over","Main source of stress in day-to-day life, health",7.7,6.9,8.6,percent,percent,
2019,2019,British Columbia,Both sexes,"Total, 12 years and over","Main source of stress in day-to-day life, none",9.6,8.7,10.5,percent,percent,
2019,2019,British Columbia,Both sexes,"Total, 12 years and over","Main source of stress in day-to-day life, other",3.6,2.9,4.4,percent,percent,
2019,2019,British Columbia,Both sexes,"Total, 12 years and over","Main source of stress in day-to-day life, school work (12 to 34 years old)",22.1,19.6,24.8,percent,percent,
2019,2019,British Columbia,Both sexes,"Total, 12 years and over","Main source of stress in day-to-day life, time pressures/ not enough time",10.4,9.3,11.6,percent,percent,
2019,2019,British Columbia,Both sexes,"Total, 12 years and over","Main source of stress in day-to-day life, work",22.0,20.5,23.6,percent,percent,
2019,2019,British Columbia,Females,12 to 17 years,"Ability to handle the day-to-day demands in life, good or excellent",90.5,85.7,93.8,percent,percent,
2019,2019,British Columbia,Females,12 to 17 years,"Ability to handle unexpected and difficult problems, good or excellent",75.3,67.8,81.5,percent,percent,
2019,2019,British Columbia,Females,12 to 17 years,"Main source of stress in day-to-day life, family",10.0,6.2,15.7,percent,percent,E
2019,2019,British Columbia,Females,12 to 17 years,"Main source of stress in day-to-day life, none",10.2,5.8,17.4,percent,percent,E
2019,2019,British Columbia,Females,12 to 17 years,"Main source of stress in day-to-day life, school work (12 to 34 years old)",56.5,48.1,64.6,percent,percent,
2019,2019,British Columbia,Females,12 to 17 years,"Main source of stress in day-to-day life, time pressures/ not enough time",16.0,10.8,23.1,percent,percent,E
2019,2019,British Columbia,Females,18 to 34 years,"Ability to handle the day-to-day demands in life, good or excellent",85.5,80.9,89.1,percent,percent,
2019,2019,British Columbia,Females,18 to 34 years,"Ability to handle unexpected and difficult problems, good or excellent",71.6,65.9,76.7,percent,percent,
2019,2019,British Columbia,Females,18 to 34 years,"Main source of stress in day-to-day life, family",10.6,7.8,14.3,percent,percent,E
2019,2019,British Columbia,Females,18 to 34 years,"Main source of stress in day-to-day life, financial concerns",25.6,20.6,31.2,percent,percent,
2019,2019,British Columbia,Females,18 to 34 years,"Main source of stress in day-to-day life, health",5.6,3.7,8.3,percent,percent,E
2019,2019,British Columbia,Females,18 to 34 years,"Main source of stress in day-to-day life, none",4.6,2.7,7.6,percent,percent,E
2019,2019,British Columbia,Females,18 to 34 years,"Main source of stress in day-to-day life, school work (12 to 34 years old)",14.1,10.1,19.3,percent,percent,E
2019,2019,British Columbia,Females,18 to 34 years,"Main source of stress in day-to-day life, time pressures/ not enough time",12.3,9.2,16.1,percent,percent,
2019,2019,British Columbia,Females,18 to 34 years,"Main source of stress in day-to-day life, work",24.7,20.6,29.4,percent,percent,
2019,2019,British Columbia,Females,35 to 49 years,"Ability to handle the day-to-day demands in life, good or excellent",90.8,87.7,93.2,percent,percent,
2019,2019,British Columbia,Females,35 to 49 years,"Ability to handle unexpected and difficult problems, good or excellent",80.8,75.9,85.0,percent,percent,
2019,2019,British Columbia,Females,35 to 49 years,"Main source of stress in day-to-day life, family",19.6,15.5,24.6,percent,percent,
2019,2019,British Columbia,Females,35 to 49 years,"Main source of stress in day-to-day life, financial concerns",20.8,16.7,25.6,percent,percent,
2019,2019,British Columbia,Females,35 to 49 years,"Main source of stress in day-to-day life, health",5.9,3.7,9.4,percent,percent,E
2019,2019,British Columbia,Females,35 to 49 years,"Main source of stress in day-to-day life, none",4.8,2.6,8.4,percent,percent,E
2019,2019,British Columbia,Females,35 to 49 years,"Main source of stress in day-to-day life, other",4.1,2.4,7.1,percent,percent,E
2019,2019,British Columbia,Females,35 to 49 years,"Main source of stress in day-to-day life, time pressures/ not enough time",16.5,12.8,20.9,percent,percent,
2019,2019,British Columbia,Females,35 to 49 years,"Main source of stress in day-to-day life, work",27.3,22.6,32.7,percent,percent,
2019,2019,British Columbia,Females,50 to 64 years,"Ability to handle the day-to-day demands in life, good or excellent",92.0,89.3,94.0,percent,percent,
2019,2019,British Columbia,Females,50 to 64 years,"Ability to handle unexpected and difficult problems, good or excellent",83.4,79.7,86.5,percent,percent,
2019,2019,British Columbia,Females,50 to 64 years,"Main source of stress in day-to-day life, family",30.3,25.3,35.9,percent,percent,
2019,2019,British Columbia,Females,50 to 64 years,"Main source of stress in day-to-day life, financial concerns",18.2,14.7,22.2,percent,percent,
2019,2019,British Columbia,Females,50 to 64 years,"Main source of stress in day-to-day life, health",9.5,6.9,12.8,percent,percent,E
2019,2019,British Columbia,Females,50 to 64 years,"Main source of stress in day-to-day life, none",5.8,4.1,8.3,percent,percent,E
2019,2019,British Columbia,Females,50 to 64 years,"Main source of stress in day-to-day life, other",2.3,1.4,3.8,percent,percent,E
2019,2019,British Columbia,Females,50 to 64 years,"Main source of stress in day-to-day life, time pressures/ not enough time",10.0,7.2,13.7,percent,percent,E
2019,2019,British Columbia,Females,50 to 64 years,"Main source of stress in day-to-day life, work",23.6,19.8,27.9,percent,percent,
2019,2019,British Columbia,Females,65 years and over,"Ability to handle the day-to-day demands in life, good or excellent",93.2,90.9,94.9,percent,percent,
2019,2019,British Columbia,Females,65 years and over,"Ability to handle unexpected and difficult problems, good or excellent",84.5,81.2,87.2,percent,percent,
2019,2019,British Columbia,Females,65 years and over,"Main source of stress in day-to-day life, family",34.0,30.3,38.0,percent,percent,
2019,2019,British Columbia,Females,65 years and over,"Main source of stress in day-to-day life, financial concerns",11.7,9.5,14.2,percent,percent,
2019,2019,British Columbia,Females,65 years and over,"Main source of stress in day-to-day life, health",19.3,16.1,23.0,percent,percent,
2019,2019,British Columbia,Females,65 years and over,"Main source of stress in day-to-day life, none",23.0,19.9,26.5,percent,percent,
2019,2019,British Columbia,Females,65 years and over,"Main source of stress in day-to-day life, other",4.1,2.9,5.9,percent,percent,E
2019,2019,British Columbia,Females,65 years and over,"Main source of stress in day-to-day life, time pressures/ not enough time",5.6,4.0,7.7,percent,percent,E
2019,2019,British Columbia,Females,65 years and over,"Main source of stress in day-to-day life, work",2.2,1.5,3.4,percent,percent,E
2019,2019,British Columbia,Females,"Total, 12 years and over","Ability to handle the day-to-day demands in life, good or excellent",90.2,88.6,91.6,percent,percent,
2019,2019,British Columbia,Females,"Total, 12 years and over","Ability to handle unexpected and difficult problems, good or excellent",79.5,77.3,81.4,percent,percent,
2019,2019,British Columbia,Females,"Total, 12 years and over","Main source of stress in day-to-day life, family",22.3,20.3,24.5,percent,percent,
2019,2019,British Columbia,Females,"Total, 12 years and over","Main source of stress in day-to-day life, financial concerns",18.2,16.3,20.2,percent,percent,
2019,2019,British Columbia,Females,"Total, 12 years and over","Main source of stress in day-to-day life, health",9.2,7.9,10.7,percent,percent,
2019,2019,British Columbia,Females,"Total, 12 years and over","Main source of stress in day-to-day life, none",9.2,8.0,10.5,percent,percent,
2019,2019,British Columbia,Females,"Total, 12 years and over","Main source of stress in day-to-day life, other",3.3,2.5,4.2,percent,percent,
2019,2019,British Columbia,Females,"Total, 12 years and over","Main source of stress in day-to-day life, school work (12 to 34 years old)",22.5,18.8,26.8,percent,percent,
2019,2019,British Columbia,Females,"Total, 12 years and over","Main source of stress in day-to-day life, time pressures/ not enough time",11.5,10.0,13.2,percent,percent,
2019,2019,British Columbia,Females,"Total, 12 years and over","Main source of stress in day-to-day life, work",18.8,17.0,20.8,percent,percent,
2019,2019,British Columbia,Males,12 to 17 years,"Ability to handle the day-to-day demands in life, good or excellent",93.0,88.0,96.0,percent,percent,
2019,2019,British Columbia,Males,12 to 17 years,"Ability to handle unexpected and difficult problems, good or excellent",78.3,70.8,84.3,percent,percent,
2019,2019,British Columbia,Males,12 to 17 years,"Main source of stress in day-to-day life, family",11.6,7.1,18.3,percent,percent,E
2019,2019,British Columbia,Males,12 to 17 years,"Main source of stress in day-to-day life, none",11.2,7.0,17.5,percent,percent,E
2019,2019,British Columbia,Males,12 to 17 years,"Main source of stress in day-to-day life, school work (12 to 34 years old)",56.6,48.6,64.2,percent,percent,
2019,2019,British Columbia,Males,12 to 17 years,"Main source of stress in day-to-day life, time pressures/ not enough time",11.1,7.2,16.7,percent,percent,E
2019,2019,British Columbia,Males,18 to 34 years,"Ability to handle the day-to-day demands in life, good or excellent",89.3,85.3,92.3,percent,percent,
2019,2019,British Columbia,Males,18 to 34 years,"Ability to handle unexpected and difficult problems, good or excellent",75.3,69.8,80.1,percent,percent,
2019,2019,British Columbia,Males,18 to 34 years,"Main source of stress in day-to-day life, family",7.5,5.2,10.8,percent,percent,E
2019,2019,British Columbia,Males,18 to 34 years,"Main source of stress in day-to-day life, financial concerns",29.2,24.1,34.8,percent,percent,
2019,2019,British Columbia,Males,18 to 34 years,"Main source of stress in day-to-day life, none",3.9,2.0,7.5,percent,percent,E
2019,2019,British Columbia,Males,18 to 34 years,"Main source of stress in day-to-day life, other",3.1,1.6,5.6,percent,percent,E
2019,2019,British Columbia,Males,18 to 34 years,"Main source of stress in day-to-day life, school work (12 to 34 years old)",12.4,9.1,16.7,percent,percent,E
2019,2019,British Columbia,Males,18 to 34 years,"Main source of stress in day-to-day life, time pressures/ not enough time",12.6,9.0,17.2,percent,percent,E
2019,2019,British Columbia,Males,18 to 34 years,"Main source of stress in day-to-day life, work",29.9,24.3,36.3,percent,percent,
2019,2019,British Columbia,Males,35 to 49 years,"Ability to handle the day-to-day demands in life, good or excellent",87.7,83.5,90.9,percent,percent,
2019,2019,British Columbia,Males,35 to 49 years,"Ability to handle unexpected and difficult problems, good or excellent",84.5,79.8,88.3,percent,percent,
2019,2019,British Columbia,Males,35 to 49 years,"Main source of stress in day-to-day life, family",13.9,10.4,18.2,percent,percent,
2019,2019,British Columbia,Males,35 to 49 years,"Main source of stress in day-to-day life, financial concerns",29.8,24.3,35.8,percent,percent,
2019,2019,British Columbia,Males,35 to 49 years,"Main source of stress in day-to-day life, health",2.0,1.3,3.3,percent,percent,E
2019,2019,British Columbia,Males,35 to 49 years,"Main source of stress in day-to-day life, none",3.9,2.4,6.3,percent,percent,E
2019,2019,British Columbia,Males,35 to 49 years,"Main source of stress in day-to-day life, time pressures/ not enough time",12.7,9.1,17.6,percent,percent,E
2019,2019,British Columbia,Males,35 to 49 years,"Main source of stress in day-to-day life, work",35.0,29.6,40.8,percent,percent,
2019,2019,British Columbia,Males,50 to 64 years,"Ability to handle the day-to-day demands in life, good or excellent",93.1,89.7,95.4,percent,percent,
2019,2019,British Columbia,Males,50 to 64 years,"Ability to handle unexpected and difficult problems, good or excellent",85.2,80.3,89.0,percent,percent,
2019,2019,British Columbia,Males,50 to 64 years,"Main source of stress in day-to-day life, family",17.7,13.3,23.2,percent,percent,
2019,2019,British Columbia,Males,50 to 64 years,"Main source of stress in day-to-day life, financial concerns",23.4,18.9,28.6,percent,percent,
2019,2019,British Columbia,Males,50 to 64 years,"Main source of stress in day-to-day life, health",7.6,4.9,11.4,percent,percent,E
2019,2019,British Columbia,Males,50 to 64 years,"Main source of stress in day-to-day life, none",7.6,5.5,10.4,percent,percent,E
2019,2019,British Columbia,Males,50 to 64 years,"Main source of stress in day-to-day life, other",5.3,2.9,9.4,percent,percent,E
2019,2019,British Columbia,Males,50 to 64 years,"Main source of stress in day-to-day life, time pressures/ not enough time",5.9,3.9,8.8,percent,percent,E
2019,2019,British Columbia,Males,50 to 64 years,"Main source of stress in day-to-day life, work",32.4,27.4,38.0,percent,percent,
2019,2019,British Columbia,Males,65 years and over,"Ability to handle the day-to-day demands in life, good or excellent",92.2,89.1,94.4,percent,percent,
2019,2019,British Columbia,Males,65 years and over,"Ability to handle unexpected and difficult problems, good or excellent",88.7,85.6,91.3,percent,percent,
2019,2019,British Columbia,Males,65 years and over,"Main source of stress in day-to-day life, family",23.8,20.3,27.8,percent,percent,
2019,2019,British Columbia,Males,65 years and over,"Main source of stress in day-to-day life, financial concerns",13.9,10.9,17.7,percent,percent,
2019,2019,British Columbia,Males,65 years and over,"Main source of stress in day-to-day life, health",17.8,15.1,20.8,percent,percent,
2019,2019,British Columbia,Males,65 years and over,"Main source of stress in day-to-day life, none",28.6,24.9,32.6,percent,percent,
2019,2019,British Columbia,Males,65 years and over,"Main source of stress in day-to-day life, other",5.4,3.7,7.9,percent,percent,E
2019,2019,British Columbia,Males,65 years and over,"Main source of stress in day-to-day life, time pressures/ not enough time",3.9,2.8,5.5,percent,percent,E
2019,2019,British Columbia,Males,65 years and over,"Main source of stress in day-to-day life, work",6.6,4.7,9.0,percent,percent,E
2019,2019,British Columbia,Males,"Total, 12 years and over","Ability to handle the day-to-day demands in life, good or excellent",90.6,89.0,92.1,percent,percent,
2019,2019,British Columbia,Males,"Total, 12 years and over","Ability to handle unexpected and difficult problems, good or excellent",82.6,80.3,84.6,percent,percent,
2019,2019,British Columbia,Males,"Total, 12 years and over","Main source of stress in day-to-day life, family",14.8,13.0,16.8,percent,percent,
2019,2019,British Columbia,Males,"Total, 12 years and over","Main source of stress in day-to-day life, financial concerns",23.1,20.8,25.6,percent,percent,
2019,2019,British Columbia,Males,"Total, 12 years and over","Main source of stress in day-to-day life, health",6.1,5.2,7.3,percent,percent,
2019,2019,British Columbia,Males,"Total, 12 years and over","Main source of stress in day-to-day life, none",10.0,8.8,11.4,percent,percent,
2019,2019,British Columbia,Males,"Total, 12 years and over","Main source of stress in day-to-day life, other",3.9,3.0,5.1,percent,percent,
2019,2019,British Columbia,Males,"Total, 12 years and over","Main source of stress in day-to-day life, school work (12 to 34 years old)",21.6,18.3,25.3,percent,percent,
2019,2019,British Columbia,Males,"Total, 12 years and over","Main source of stress in day-to-day life, time pressures/ not enough time",9.3,7.8,10.9,percent,percent,
2019,2019,British Columbia,Males,"Total, 12 years and over","Main source of stress in day-to-day life, work",25.4,22.9,28.0,percent,percent,
2019,2019,Canada (excluding territories),Both sexes,12 to 17 years,"Ability to handle the day-to-day demands in life, good or excellent",90.1,88.6,91.4,percent,percent,
2019,2019,Canada (excluding territories),Both sexes,12 to 17 years,"Ability to handle unexpected and difficult problems, good or excellent",76.5,74.5,78.4,percent,percent,
2019,2019,Canada (excluding territories),Both sexes,12 to 17 years,"Main source of stress in day-to-day life, family",7.7,6.6,9.1,percent,percent,
2019,2019,Canada (excluding territories),Both sexes,12 to 17 years,"Main source of stress in day-to-day life, financial concerns",1.0,0.7,1.5,percent,percent,E
2019,2019,Canada (excluding territories),Both sexes,12 to 17 years,"Main source of stress in day-to-day life, health",1.6,1.1,2.2,percent,percent,E
2019,2019,Canada (excluding territories),Both sexes,12 to 17 years,"Main source of stress in day-to-day life, none",9.3,8.0,10.8,percent,percent,
2019,2019,Canada (excluding territories),Both sexes,12 to 17 years,"Main source of stress in day-to-day life, other",2.9,2.2,3.9,percent,percent,
2019,2019,Canada (excluding territories),Both sexes,12 to 17 years,"Main source of stress in day-to-day life, school work (12 to 34 years old)",64.2,61.9,66.3,percent,percent,
2019,2019,Canada (excluding territories),Both sexes,12 to 17 years,"Main source of stress in day-to-day life, time pressures/ not enough time",9.7,8.6,11.0,percent,percent,
2019,2019,Canada (excluding territories),Both sexes,12 to 17 years,"Main source of stress in day-to-day life, work",3.6,2.9,4.7,percent,percent,
2019,2019,Canada (excluding territories),Both sexes,18 to 34 years,"Ability to handle the day-to-day demands in life, good or excellent",88.6,87.6,89.6,percent,percent,
2019,2019,Canada (excluding territories),Both sexes,18 to 34 years,"Ability to handle unexpected and difficult problems, good or excellent",76.7,75.3,78.0,percent,percent,
2019,2019,Canada (excluding territories),Both sexes,18 to 34 years,"Main source of stress in day-to-day life, family",10.0,9.2,10.8,percent,percent,
2019,2019,Canada (excluding territories),Both sexes,18 to 34 years,"Main source of stress in day-to-day life, financial concerns",24.3,22.9,25.6,percent,percent,
2019,2019,Canada (excluding territories),Both sexes,18 to 34 years,"Main source of stress in day-to-day life, health",3.3,2.9,3.8,percent,percent,
2019,2019,Canada (excluding territories),Both sexes,18 to 34 years,"Main source of stress in day-to-day life, none",4.5,3.9,5.1,percent,percent,
2019,2019,Canada (excluding territories),Both sexes,18 to 34 years,"Main source of stress in day-to-day life, other",2.9,2.5,3.4,percent,percent,
2019,2019,Canada (excluding territories),Both sexes,18 to 34 years,"Main source of stress in day-to-day life, school work (12 to 34 years old)",14.0,12.9,15.3,percent,percent,
2019,2019,Canada (excluding territories),Both sexes,18 to 34 years,"Main source of stress in day-to-day life, time pressures/ not enough time",12.1,11.2,13.2,percent,percent,
2019,2019,Canada (excluding territories),Both sexes,18 to 34 years,"Main source of stress in day-to-day life, work",28.9,27.5,30.3,percent,percent,
2019,2019,Canada (excluding territories),Both sexes,35 to 49 years,"Ability to handle the day-to-day demands in life, good or excellent",91.4,90.6,92.1,percent,percent,
2019,2019,Canada (excluding territories),Both sexes,35 to 49 years,"Ability to handle unexpected and difficult problems, good or excellent",84.2,83.1,85.3,percent,percent,
2019,2019,Canada (excluding territories),Both sexes,35 to 49 years,"Main source of stress in day-to-day life, family",16.1,15.0,17.3,percent,percent,
2019,2019,Canada (excluding territories),Both sexes,35 to 49 years,"Main source of stress in day-to-day life, financial concerns",22.5,21.3,23.8,percent,percent,
2019,2019,Canada (excluding territories),Both sexes,35 to 49 years,"Main source of stress in day-to-day life, health",5.1,4.5,5.7,percent,percent,
2019,2019,Canada (excluding territories),Both sexes,35 to 49 years,"Main source of stress in day-to-day life, none",5.7,5.1,6.5,percent,percent,
2019,2019,Canada (excluding territories),Both sexes,35 to 49 years,"Main source of stress in day-to-day life, other",2.9,2.4,3.4,percent,percent,
2019,2019,Canada (excluding territories),Both sexes,35 to 49 years,"Main source of stress in day-to-day life, time pressures/ not enough time",14.4,13.4,15.5,percent,percent,
2019,2019,Canada (excluding territories),Both sexes,35 to 49 years,"Main source of stress in day-to-day life, work",32.4,31.1,33.8,percent,percent,
2019,2019,Canada (excluding territories),Both sexes,50 to 64 years,"Ability to handle the day-to-day demands in life, good or excellent",92.2,91.5,92.9,percent,percent,
2019,2019,Canada (excluding territories),Both sexes,50 to 64 years,"Ability to handle unexpected and difficult problems, good or excellent",86.9,86.0,87.8,percent,percent,
2019,2019,Canada (excluding territories),Both sexes,50 to 64 years,"Main source of stress in day-to-day life, family",21.4,20.1,22.6,percent,percent,
2019,2019,Canada (excluding territories),Both sexes,50 to 64 years,"Main source of stress in day-to-day life, financial concerns",18.3,17.3,19.4,percent,percent,
2019,2019,Canada (excluding territories),Both sexes,50 to 64 years,"Main source of stress in day-to-day life, health",8.9,8.2,9.7,percent,percent,
2019,2019,Canada (excluding territories),Both sexes,50 to 64 years,"Main source of stress in day-to-day life, none",10.7,9.9,11.7,percent,percent,
2019,2019,Canada (excluding territories),Both sexes,50 to 64 years,"Main source of stress in day-to-day life, other",3.3,2.8,3.9,percent,percent,
2019,2019,Canada (excluding territories),Both sexes,50 to 64 years,"Main source of stress in day-to-day life, time pressures/ not enough time",7.6,6.9,8.5,percent,percent,
2019,2019,Canada (excluding territories),Both sexes,50 to 64 years,"Main source of stress in day-to-day life, work",29.4,28.2,30.7,percent,percent,
2019,2019,Canada (excluding territories),Both sexes,65 years and over,"Ability to handle the day-to-day demands in life, good or excellent",92.3,91.7,92.9,percent,percent,
2019,2019,Canada (excluding territories),Both sexes,65 years and over,"Ability to handle unexpected and difficult problems, good or excellent",87.7,86.9,88.4,percent,percent,
2019,2019,Canada (excluding territories),Both sexes,65 years and over,"Main source of stress in day-to-day life, family",27.3,26.4,28.3,percent,percent,
2019,2019,Canada (excluding territories),Both sexes,65 years and over,"Main source of stress in day-to-day life, financial concerns",12.4,11.6,13.1,percent,percent,
2019,2019,Canada (excluding territories),Both sexes,65 years and over,"Main source of stress in day-to-day life, health",18.3,17.5,19.1,percent,percent,
2019,2019,Canada (excluding territories),Both sexes,65 years and over,"Main source of stress in day-to-day life, none",27.9,26.8,28.9,percent,percent,
2019,2019,Canada (excluding territories),Both sexes,65 years and over,"Main source of stress in day-to-day life, other",4.8,4.4,5.3,percent,percent,
2019,2019,Canada (excluding territories),Both sexes,65 years and over,"Main source of stress in day-to-day life, time pressures/ not enough time",4.7,4.2,5.2,percent,percent,
2019,2019,Canada (excluding territories),Both sexes,65 years and over,"Main source of stress in day-to-day life, work",4.6,4.1,5.1,percent,percent,
2019,2019,Canada (excluding territories),Both sexes,"Total, 12 years and over","Ability to handle the day-to-day demands in life, good or excellent",91.0,90.5,91.3,percent,percent,
2019,2019,Canada (excluding territories),Both sexes,"Total, 12 years and over","Ability to handle unexpected and difficult problems, good or excellent",83.0,82.4,83.5,percent,percent,
2019,2019,Canada (excluding territories),Both sexes,"Total, 12 years and over","Main source of stress in day-to-day life, family",17.3,16.8,17.8,percent,percent,
2019,2019,Canada (excluding territories),Both sexes,"Total, 12 years and over","Main source of stress in day-to-day life, financial concerns",18.5,18.0,19.1,percent,percent,
2019,2019,Canada (excluding territories),Both sexes,"Total, 12 years and over","Main source of stress in day-to-day life, health",7.8,7.5,8.1,percent,percent,
2019,2019,Canada (excluding territories),Both sexes,"Total, 12 years and over","Main source of stress in day-to-day life, none",11.1,10.7,11.5,percent,percent,
2019,2019,Canada (excluding territories),Both sexes,"Total, 12 years and over","Main source of stress in day-to-day life, other",3.4,3.1,3.6,percent,percent,
2019,2019,Canada (excluding territories),Both sexes,"Total, 12 years and over","Main source of stress in day-to-day life, school work (12 to 34 years old)",24.6,23.5,25.6,percent,percent,
2019,2019,Canada (excluding territories),Both sexes,"Total, 12 years and over","Main source of stress in day-to-day life, time pressures/ not enough time",10.0,9.6,10.4,percent,percent,
2019,2019,Canada (excluding territories),Both sexes,"Total, 12 years and over","Main source of stress in day-to-day life, work",23.4,22.8,24.0,percent,percent,
2019,2019,Canada (excluding territories),Females,12 to 17 years,"Ability to handle the day-to-day demands in life, good or excellent",89.8,87.7,91.5,percent,percent,
2019,2019,Canada (excluding territories),Females,12 to 17 years,"Ability to handle unexpected and difficult problems, good or excellent",71.9,68.8,74.9,percent,percent,
2019,2019,Canada (excluding territories),Females,12 to 17 years,"Main source of stress in day-to-day life, family",8.7,7.0,10.7,percent,percent,
2019,2019,Canada (excluding territories),Females,12 to 17 years,"Main source of stress in day-to-day life, financial concerns",1.3,0.8,2.2,percent,percent,E
2019,2019,Canada (excluding territories),Females,12 to 17 years,"Main source of stress in day-to-day life, health",1.8,1.1,2.9,percent,percent,E
2019,2019,Canada (excluding territories),Females,12 to 17 years,"Main source of stress in day-to-day life, none",7.6,5.8,9.8,percent,percent,
2019,2019,Canada (excluding territories),Females,12 to 17 years,"Main source of stress in day-to-day life, other",3.0,2.1,4.3,percent,percent,E
2019,2019,Canada (excluding territories),Females,12 to 17 years,"Main source of stress in day-to-day life, school work (12 to 34 years old)",65.1,61.8,68.2,percent,percent,
2019,2019,Canada (excluding territories),Females,12 to 17 years,"Main source of stress in day-to-day life, time pressures/ not enough time",9.4,7.9,11.2,percent,percent,
2019,2019,Canada (excluding territories),Females,12 to 17 years,"Main source of stress in day-to-day life, work",3.1,2.0,4.9,percent,percent,E
2019,2019,Canada (excluding territories),Females,18 to 34 years,"Ability to handle the day-to-day demands in life, good or excellent",87.5,86.0,88.9,percent,percent,
2019,2019,Canada (excluding territories),Females,18 to 34 years,"Ability to handle unexpected and difficult problems, good or excellent",73.1,71.1,75.0,percent,percent,
2019,2019,Canada (excluding territories),Females,18 to 34 years,"Main source of stress in day-to-day life, family",12.3,11.1,13.6,percent,percent,
2019,2019,Canada (excluding territories),Females,18 to 34 years,"Main source of stress in day-to-day life, financial concerns",22.2,20.4,24.0,percent,percent,
2019,2019,Canada (excluding territories),Females,18 to 34 years,"Main source of stress in day-to-day life, health",4.2,3.5,5.1,percent,percent,
2019,2019,Canada (excluding territories),Females,18 to 34 years,"Main source of stress in day-to-day life, none",4.2,3.6,5.0,percent,percent,
2019,2019,Canada (excluding territories),Females,18 to 34 years,"Main source of stress in day-to-day life, other",2.8,2.2,3.4,percent,percent,
2019,2019,Canada (excluding territories),Females,18 to 34 years,"Main source of stress in day-to-day life, school work (12 to 34 years old)",14.5,12.9,16.3,percent,percent,
2019,2019,Canada (excluding territories),Females,18 to 34 years,"Main source of stress in day-to-day life, time pressures/ not enough time",13.8,12.4,15.4,percent,percent,
2019,2019,Canada (excluding territories),Females,18 to 34 years,"Main source of stress in day-to-day life, work",26.0,24.2,27.9,percent,percent,
2019,2019,Canada (excluding territories),Females,35 to 49 years,"Ability to handle the day-to-day demands in life, good or excellent",90.7,89.5,91.7,percent,percent,
2019,2019,Canada (excluding territories),Females,35 to 49 years,"Ability to handle unexpected and difficult problems, good or excellent",83.1,81.5,84.6,percent,percent,
2019,2019,Canada (excluding territories),Females,35 to 49 years,"Main source of stress in day-to-day life, family",19.2,17.6,20.8,percent,percent,
2019,2019,Canada (excluding territories),Females,35 to 49 years,"Main source of stress in day-to-day life, financial concerns",20.6,19.0,22.3,percent,percent,
2019,2019,Canada (excluding territories),Females,35 to 49 years,"Main source of stress in day-to-day life, health",6.3,5.4,7.4,percent,percent,
2019,2019,Canada (excluding territories),Females,35 to 49 years,"Main source of stress in day-to-day life, none",5.7,4.7,6.8,percent,percent,
2019,2019,Canada (excluding territories),Females,35 to 49 years,"Main source of stress in day-to-day life, other",2.8,2.3,3.6,percent,percent,
2019,2019,Canada (excluding territories),Females,35 to 49 years,"Main source of stress in day-to-day life, time pressures/ not enough time",16.8,15.3,18.4,percent,percent,
2019,2019,Canada (excluding territories),Females,35 to 49 years,"Main source of stress in day-to-day life, work",27.8,26.0,29.6,percent,percent,
2019,2019,Canada (excluding territories),Females,50 to 64 years,"Ability to handle the day-to-day demands in life, good or excellent",91.9,90.8,92.9,percent,percent,
2019,2019,Canada (excluding territories),Females,50 to 64 years,"Ability to handle unexpected and difficult problems, good or excellent",86.0,84.6,87.3,percent,percent,
2019,2019,Canada (excluding territories),Females,50 to 64 years,"Main source of stress in day-to-day life, family",26.4,24.6,28.3,percent,percent,
2019,2019,Canada (excluding territories),Females,50 to 64 years,"Main source of stress in day-to-day life, financial concerns",16.7,15.3,18.3,percent,percent,
2019,2019,Canada (excluding territories),Females,50 to 64 years,"Main source of stress in day-to-day life, health",9.2,8.3,10.3,percent,percent,
2019,2019,Canada (excluding territories),Females,50 to 64 years,"Main source of stress in day-to-day life, none",9.8,8.6,11.1,percent,percent,
2019,2019,Canada (excluding territories),Females,50 to 64 years,"Main source of stress in day-to-day life, other",3.7,3.0,4.5,percent,percent,
2019,2019,Canada (excluding territories),Females,50 to 64 years,"Main source of stress in day-to-day life, time pressures/ not enough time",8.6,7.5,9.8,percent,percent,
2019,2019,Canada (excluding territories),Females,50 to 64 years,"Main source of stress in day-to-day life, work",25.4,23.8,27.1,percent,percent,
2019,2019,Canada (excluding territories),Females,65 years and over,"Ability to handle the day-to-day demands in life, good or excellent",91.8,90.9,92.6,percent,percent,
2019,2019,Canada (excluding territories),Females,65 years and over,"Ability to handle unexpected and difficult problems, good or excellent",85.8,84.7,86.8,percent,percent,
2019,2019,Canada (excluding territories),Females,65 years and over,"Main source of stress in day-to-day life, family",33.4,32.0,34.9,percent,percent,
2019,2019,Canada (excluding territories),Females,65 years and over,"Main source of stress in day-to-day life, financial concerns",11.4,10.5,12.4,percent,percent,
2019,2019,Canada (excluding territories),Females,65 years and over,"Main source of stress in day-to-day life, health",18.1,17.0,19.2,percent,percent,
2019,2019,Canada (excluding territories),Females,65 years and over,"Main source of stress in day-to-day life, none",24.2,22.9,25.5,percent,percent,
2019,2019,Canada (excluding territories),Females,65 years and over,"Main source of stress in day-to-day life, other",4.9,4.4,5.5,percent,percent,
2019,2019,Canada (excluding territories),Females,65 years and over,"Main source of stress in day-to-day life, time pressures/ not enough time",4.8,4.1,5.7,percent,percent,
2019,2019,Canada (excluding territories),Females,65 years and over,"Main source of stress in day-to-day life, work",3.2,2.6,3.8,percent,percent,
2019,2019,Canada (excluding territories),Females,"Total, 12 years and over","Ability to handle the day-to-day demands in life, good or excellent",90.3,89.7,90.9,percent,percent,
2019,2019,Canada (excluding territories),Females,"Total, 12 years and over","Ability to handle unexpected and difficult problems, good or excellent",81.0,80.2,81.7,percent,percent,
2019,2019,Canada (excluding territories),Females,"Total, 12 years and over","Main source of stress in day-to-day life, family",21.3,20.5,22.0,percent,percent,
2019,2019,Canada (excluding territories),Females,"Total, 12 years and over","Main source of stress in day-to-day life, financial concerns",16.9,16.2,17.7,percent,percent,
2019,2019,Canada (excluding territories),Females,"Total, 12 years and over","Main source of stress in day-to-day life, health",8.5,8.1,9.0,percent,percent,
2019,2019,Canada (excluding territories),Females,"Total, 12 years and over","Main source of stress in day-to-day life, none",10.2,9.6,10.7,percent,percent,
2019,2019,Canada (excluding territories),Females,"Total, 12 years and over","Main source of stress in day-to-day life, other",3.4,3.1,3.8,percent,percent,
2019,2019,Canada (excluding territories),Females,"Total, 12 years and over","Main source of stress in day-to-day life, school work (12 to 34 years old)",24.9,23.5,26.4,percent,percent,
2019,2019,Canada (excluding territories),Females,"Total, 12 years and over","Main source of stress in day-to-day life, time pressures/ not enough time",11.1,10.5,11.8,percent,percent,
2019,2019,Canada (excluding territories),Females,"Total, 12 years and over","Main source of stress in day-to-day life, work",20.1,19.3,20.9,percent,percent,
2019,2019,Canada (excluding territories),Males,12 to 17 years,"Ability to handle the day-to-day demands in life, good or excellent",90.4,88.1,92.3,percent,percent,
2019,2019,Canada (excluding territories),Males,12 to 17 years,"Ability to handle unexpected and difficult problems, good or excellent",80.9,78.2,83.4,percent,percent,
2019,2019,Canada (excluding territories),Males,12 to 17 years,"Main source of stress in day-to-day life, family",6.9,5.3,8.8,percent,percent,
2019,2019,Canada (excluding territories),Males,12 to 17 years,"Main source of stress in day-to-day life, financial concerns",0.6,0.3,1.2,percent,percent,E
2019,2019,Canada (excluding territories),Males,12 to 17 years,"Main source of stress in day-to-day life, health",1.3,0.8,2.3,percent,percent,E
2019,2019,Canada (excluding territories),Males,12 to 17 years,"Main source of stress in day-to-day life, none",11.0,9.2,13.1,percent,percent,
2019,2019,Canada (excluding territories),Males,12 to 17 years,"Main source of stress in day-to-day life, other",2.8,1.8,4.3,percent,percent,E
2019,2019,Canada (excluding territories),Males,12 to 17 years,"Main source of stress in day-to-day life, school work (12 to 34 years old)",63.3,60.2,66.3,percent,percent,
2019,2019,Canada (excluding territories),Males,12 to 17 years,"Main source of stress in day-to-day life, time pressures/ not enough time",10.0,8.3,11.8,percent,percent,
2019,2019,Canada (excluding territories),Males,12 to 17 years,"Main source of stress in day-to-day life, work",4.1,3.1,5.4,percent,percent,
2019,2019,Canada (excluding territories),Males,18 to 34 years,"Ability to handle the day-to-day demands in life, good or excellent",89.7,88.3,91.0,percent,percent,
2019,2019,Canada (excluding territories),Males,18 to 34 years,"Ability to handle unexpected and difficult problems, good or excellent",80.2,78.3,82.0,percent,percent,
2019,2019,Canada (excluding territories),Males,18 to 34 years,"Main source of stress in day-to-day life, family",7.7,6.7,8.8,percent,percent,
2019,2019,Canada (excluding territories),Males,18 to 34 years,"Main source of stress in day-to-day life, financial concerns",26.3,24.4,28.4,percent,percent,
2019,2019,Canada (excluding territories),Males,18 to 34 years,"Main source of stress in day-to-day life, health",2.4,1.9,3.1,percent,percent,
2019,2019,Canada (excluding territories),Males,18 to 34 years,"Main source of stress in day-to-day life, none",4.7,3.9,5.6,percent,percent,
2019,2019,Canada (excluding territories),Males,18 to 34 years,"Main source of stress in day-to-day life, other",3.1,2.5,3.8,percent,percent,
2019,2019,Canada (excluding territories),Males,18 to 34 years,"Main source of stress in day-to-day life, school work (12 to 34 years old)",13.6,12.1,15.3,percent,percent,
2019,2019,Canada (excluding territories),Males,18 to 34 years,"Main source of stress in day-to-day life, time pressures/ not enough time",10.4,9.2,11.8,percent,percent,
2019,2019,Canada (excluding territories),Males,18 to 34 years,"Main source of stress in day-to-day life, work",31.7,29.5,34.0,percent,percent,
2019,2019,Canada (excluding territories),Males,35 to 49 years,"Ability to handle the day-to-day demands in life, good or excellent",92.2,91.1,93.1,percent,percent,
2019,2019,Canada (excluding territories),Males,35 to 49 years,"Ability to handle unexpected and difficult problems, good or excellent",85.2,83.6,86.8,percent,percent,
2019,2019,Canada (excluding territories),Males,35 to 49 years,"Main source of stress in day-to-day life, family",13.0,11.6,14.6,percent,percent,
2019,2019,Canada (excluding territories),Males,35 to 49 years,"Main source of stress in day-to-day life, financial concerns",24.5,22.6,26.5,percent,percent,
2019,2019,Canada (excluding territories),Males,35 to 49 years,"Main source of stress in day-to-day life, health",3.8,3.1,4.6,percent,percent,
2019,2019,Canada (excluding territories),Males,35 to 49 years,"Main source of stress in day-to-day life, none",5.8,4.9,6.9,percent,percent,
2019,2019,Canada (excluding territories),Males,35 to 49 years,"Main source of stress in day-to-day life, other",2.9,2.2,3.8,percent,percent,
2019,2019,Canada (excluding territories),Males,35 to 49 years,"Main source of stress in day-to-day life, time pressures/ not enough time",12.0,10.6,13.6,percent,percent,
2019,2019,Canada (excluding territories),Males,35 to 49 years,"Main source of stress in day-to-day life, work",37.1,35.2,39.2,percent,percent,
2019,2019,Canada (excluding territories),Males,50 to 64 years,"Ability to handle the day-to-day demands in life, good or excellent",92.6,91.5,93.5,percent,percent,
2019,2019,Canada (excluding territories),Males,50 to 64 years,"Ability to handle unexpected and difficult problems, good or excellent",87.9,86.6,89.1,percent,percent,
2019,2019,Canada (excluding territories),Males,50 to 64 years,"Main source of stress in day-to-day life, family",16.2,14.6,17.9,percent,percent,
2019,2019,Canada (excluding territories),Males,50 to 64 years,"Main source of stress in day-to-day life, financial concerns",19.9,18.3,21.7,percent,percent,
2019,2019,Canada (excluding territories),Males,50 to 64 years,"Main source of stress in day-to-day life, health",8.6,7.5,9.7,percent,percent,
2019,2019,Canada (excluding territories),Males,50 to 64 years,"Main source of stress in day-to-day life, none",11.7,10.5,13.1,percent,percent,
2019,2019,Canada (excluding territories),Males,50 to 64 years,"Main source of stress in day-to-day life, other",3.0,2.4,3.7,percent,percent,
2019,2019,Canada (excluding territories),Males,50 to 64 years,"Main source of stress in day-to-day life, time pressures/ not enough time",6.7,5.7,7.8,percent,percent,
2019,2019,Canada (excluding territories),Males,50 to 64 years,"Main source of stress in day-to-day life, work",33.5,31.6,35.5,percent,percent,
2019,2019,Canada (excluding territories),Males,65 years and over,"Ability to handle the day-to-day demands in life, good or excellent",93.0,92.1,93.7,percent,percent,
2019,2019,Canada (excluding territories),Males,65 years and over,"Ability to handle unexpected and difficult problems, good or excellent",89.9,88.9,90.8,percent,percent,
2019,2019,Canada (excluding territories),Males,65 years and over,"Main source of stress in day-to-day life, family",20.1,18.9,21.4,percent,percent,
2019,2019,Canada (excluding territories),Males,65 years and over,"Main source of stress in day-to-day life, financial concerns",13.5,12.4,14.7,percent,percent,
2019,2019,Canada (excluding territories),Males,65 years and over,"Main source of stress in day-to-day life, health",18.6,17.4,19.9,percent,percent,
2019,2019,Canada (excluding territories),Males,65 years and over,"Main source of stress in day-to-day life, none",32.2,30.6,33.8,percent,percent,
2019,2019,Canada (excluding territories),Males,65 years and over,"Main source of stress in day-to-day life, other",4.8,4.2,5.4,percent,percent,
2019,2019,Canada (excluding territories),Males,65 years and over,"Main source of stress in day-to-day life, time pressures/ not enough time",4.5,3.9,5.2,percent,percent,
2019,2019,Canada (excluding territories),Males,65 years and over,"Main source of stress in day-to-day life, work",6.3,5.6,7.1,percent,percent,
2019,2019,Canada (excluding territories),Males,"Total, 12 years and over","Ability to handle the day-to-day demands in life, good or excellent",91.6,91.1,92.1,percent,percent,
2019,2019,Canada (excluding territories),Males,"Total, 12 years and over","Ability to handle unexpected and difficult problems, good or excellent",85.0,84.3,85.7,percent,percent,
2019,2019,Canada (excluding territories),Males,"Total, 12 years and over","Main source of stress in day-to-day life, family",13.2,12.5,13.8,percent,percent,
2019,2019,Canada (excluding territories),Males,"Total, 12 years and over","Main source of stress in day-to-day life, financial concerns",20.2,19.4,21.0,percent,percent,
2019,2019,Canada (excluding territories),Males,"Total, 12 years and over","Main source of stress in day-to-day life, health",7.0,6.6,7.5,percent,percent,
2019,2019,Canada (excluding territories),Males,"Total, 12 years and over","Main source of stress in day-to-day life, none",12.0,11.5,12.6,percent,percent,
2019,2019,Canada (excluding territories),Males,"Total, 12 years and over","Main source of stress in day-to-day life, other",3.3,3.0,3.6,percent,percent,
2019,2019,Canada (excluding territories),Males,"Total, 12 years and over","Main source of stress in day-to-day life, school work (12 to 34 years old)",24.2,22.8,25.7,percent,percent,
2019,2019,Canada (excluding territories),Males,"Total, 12 years and over","Main source of stress in day-to-day life, time pressures/ not enough time",8.8,8.3,9.4,percent,percent,
2019,2019,Canada (excluding territories),Males,"Total, 12 years and over","Main source of stress in day-to-day life, work",26.9,26.0,27.8,percent,percent,
2019,2019,Manitoba,Both sexes,12 to 17 years,"Ability to handle the day-to-day demands in life, good or excellent",90.7,84.5,94.6,percent,percent,
2019,2019,Manitoba,Both sexes,12 to 17 years,"Ability to handle unexpected and difficult problems, good or excellent",78.8,70.6,85.2,percent,percent,
2019,2019,Manitoba,Both sexes,12 to 17 years,"Main source of stress in day-to-day life, family",11.3,6.5,19.0,percent,percent,E
2019,2019,Manitoba,Both sexes,12 to 17 years,"Main source of stress in day-to-day life, none",14.6,9.2,22.4,percent,percent,E
2019,2019,Manitoba,Both sexes,12 to 17 years,"Main source of stress in day-to-day life, school work (12 to 34 years old)",53.4,43.2,63.4,percent,percent,
2019,2019,Manitoba,Both sexes,12 to 17 years,"Main source of stress in day-to-day life, time pressures/ not enough time",12.7,7.3,21.2,percent,percent,E
2019,2019,Manitoba,Both sexes,18 to 34 years,"Ability to handle the day-to-day demands in life, good or excellent",90.1,86.0,93.1,percent,percent,
2019,2019,Manitoba,Both sexes,18 to 34 years,"Ability to handle unexpected and difficult problems, good or excellent",75.0,68.6,80.5,percent,percent,
2019,2019,Manitoba,Both sexes,18 to 34 years,"Main source of stress in day-to-day life, family",12.6,8.8,17.7,percent,percent,E
2019,2019,Manitoba,Both sexes,18 to 34 years,"Main source of stress in day-to-day life, financial concerns",28.3,22.5,34.9,percent,percent,
2019,2019,Manitoba,Both sexes,18 to 34 years,"Main source of stress in day-to-day life, health",3.9,2.1,7.1,percent,percent,E
2019,2019,Manitoba,Both sexes,18 to 34 years,"Main source of stress in day-to-day life, school work (12 to 34 years old)",12.7,8.3,18.8,percent,percent,E
2019,2019,Manitoba,Both sexes,18 to 34 years,"Main source of stress in day-to-day life, time pressures/ not enough time",13.3,9.6,18.0,percent,percent,E
2019,2019,Manitoba,Both sexes,18 to 34 years,"Main source of stress in day-to-day life, work",26.1,20.8,32.1,percent,percent,
2019,2019,Manitoba,Both sexes,35 to 49 years,"Ability to handle the day-to-day demands in life, good or excellent",94.3,91.5,96.2,percent,percent,
2019,2019,Manitoba,Both sexes,35 to 49 years,"Ability to handle unexpected and difficult problems, good or excellent",84.8,79.4,89.1,percent,percent,
2019,2019,Manitoba,Both sexes,35 to 49 years,"Main source of stress in day-to-day life, family",13.7,9.1,20.0,percent,percent,E
2019,2019,Manitoba,Both sexes,35 to 49 years,"Main source of stress in day-to-day life, financial concerns",27.3,21.0,34.6,percent,percent,
2019,2019,Manitoba,Both sexes,35 to 49 years,"Main source of stress in day-to-day life, health",2.8,1.6,4.9,percent,percent,E
2019,2019,Manitoba,Both sexes,35 to 49 years,"Main source of stress in day-to-day life, none",9.7,6.0,15.4,percent,percent,E
2019,2019,Manitoba,Both sexes,35 to 49 years,"Main source of stress in day-to-day life, time pressures/ not enough time",8.3,5.4,12.7,percent,percent,E
2019,2019,Manitoba,Both sexes,35 to 49 years,"Main source of stress in day-to-day life, work",36.1,29.3,43.6,percent,percent,
2019,2019,Manitoba,Both sexes,50 to 64 years,"Ability to handle the day-to-day demands in life, good or excellent",91.0,86.3,94.1,percent,percent,
2019,2019,Manitoba,Both sexes,50 to 64 years,"Ability to handle unexpected and difficult problems, good or excellent",85.1,79.9,89.0,percent,percent,
2019,2019,Manitoba,Both sexes,50 to 64 years,"Main source of stress in day-to-day life, family",27.4,21.0,34.8,percent,percent,
2019,2019,Manitoba,Both sexes,50 to 64 years,"Main source of stress in day-to-day life, financial concerns",25.1,19.7,31.4,percent,percent,
2019,2019,Manitoba,Both sexes,50 to 64 years,"Main source of stress in day-to-day life, health",6.1,4.1,8.9,percent,percent,E
2019,2019,Manitoba,Both sexes,50 to 64 years,"Main source of stress in day-to-day life, none",12.6,9.3,16.8,percent,percent,E
2019,2019,Manitoba,Both sexes,50 to 64 years,"Main source of stress in day-to-day life, time pressures/ not enough time",6.5,4.2,9.9,percent,percent,E
2019,2019,Manitoba,Both sexes,50 to 64 years,"Main source of stress in day-to-day life, work",20.9,16.3,26.5,percent,percent,
2019,2019,Manitoba,Both sexes,65 years and over,"Ability to handle the day-to-day demands in life, good or excellent",91.1,89.1,92.7,percent,percent,
2019,2019,Manitoba,Both sexes,65 years and over,"Ability to handle unexpected and difficult problems, good or excellent",87.1,84.8,89.0,percent,percent,
2019,2019,Manitoba,Both sexes,65 years and over,"Main source of stress in day-to-day life, family",29.4,26.8,32.1,percent,percent,
2019,2019,Manitoba,Both sexes,65 years and over,"Main source of stress in day-to-day life, financial concerns",11.9,10.1,13.8,percent,percent,
2019,2019,Manitoba,Both sexes,65 years and over,"Main source of stress in day-to-day life, health",16.5,14.4,18.8,percent,percent,
2019,2019,Manitoba,Both sexes,65 years and over,"Main source of stress in day-to-day life, none",27.9,25.4,30.6,percent,percent,
2019,2019,Manitoba,Both sexes,65 years and over,"Main source of stress in day-to-day life, other",4.2,3.1,5.7,percent,percent,E
2019,2019,Manitoba,Both sexes,65 years and over,"Main source of stress in day-to-day life, time pressures/ not enough time",5.2,4.1,6.6,percent,percent,
2019,2019,Manitoba,Both sexes,65 years and over,"Main source of stress in day-to-day life, work",4.9,3.8,6.4,percent,percent,
2019,2019,Manitoba,Both sexes,"Total, 12 years and over","Ability to handle the day-to-day demands in life, good or excellent",91.5,89.8,92.9,percent,percent,
2019,2019,Manitoba,Both sexes,"Total, 12 years and over","Ability to handle unexpected and difficult problems, good or excellent",82.0,79.3,84.3,percent,percent,
2019,2019,Manitoba,Both sexes,"Total, 12 years and over","Main source of stress in day-to-day life, family",19.1,16.7,21.7,percent,percent,
2019,2019,Manitoba,Both sexes,"Total, 12 years and over","Main source of stress in day-to-day life, financial concerns",22.2,19.7,25.0,percent,percent,
2019,2019,Manitoba,Both sexes,"Total, 12 years and over","Main source of stress in day-to-day life, health",6.1,5.1,7.3,percent,percent,
2019,2019,Manitoba,Both sexes,"Total, 12 years and over","Main source of stress in day-to-day life, none",11.7,10.2,13.3,percent,percent,
2019,2019,Manitoba,Both sexes,"Total, 12 years and over","Main source of stress in day-to-day life, other",1.9,1.4,2.6,percent,percent,E
2019,2019,Manitoba,Both sexes,"Total, 12 years and over","Main source of stress in day-to-day life, school work (12 to 34 years old)",21.6,17.2,26.6,percent,percent,
2019,2019,Manitoba,Both sexes,"Total, 12 years and over","Main source of stress in day-to-day life, time pressures/ not enough time",9.1,7.5,11.0,percent,percent,
2019,2019,Manitoba,Both sexes,"Total, 12 years and over","Main source of stress in day-to-day life, work",21.8,19.3,24.5,percent,percent,
2019,2019,Manitoba,Females,12 to 17 years,"Ability to handle the day-to-day demands in life, good or excellent",94.9,89.7,97.6,percent,percent,
2019,2019,Manitoba,Females,12 to 17 years,"Ability to handle unexpected and difficult problems, good or excellent",75.7,64.0,84.5,percent,percent,
2019,2019,Manitoba,Females,12 to 17 years,"Main source of stress in day-to-day life, none",7.8,3.9,14.9,percent,percent,E
2019,2019,Manitoba,Females,12 to 17 years,"Main source of stress in day-to-day life, school work (12 to 34 years old)",53.0,39.1,66.5,percent,percent,
2019,2019,Manitoba,Females,18 to 34 years,"Ability to handle the day-to-day demands in life, good or excellent",86.4,79.9,91.0,percent,percent,
2019,2019,Manitoba,Females,18 to 34 years,"Ability to handle unexpected and difficult problems, good or excellent",68.3,59.8,75.7,percent,percent,
2019,2019,Manitoba,Females,18 to 34 years,"Main source of stress in day-to-day life, family",17.2,11.9,24.2,percent,percent,E
2019,2019,Manitoba,Females,18 to 34 years,"Main source of stress in day-to-day life, financial concerns",27.3,20.5,35.3,percent,percent,
2019,2019,Manitoba,Females,18 to 34 years,"Main source of stress in day-to-day life, school work (12 to 34 years old)",9.7,5.4,16.9,percent,percent,E
2019,2019,Manitoba,Females,18 to 34 years,"Main source of stress in day-to-day life, time pressures/ not enough time",13.5,9.2,19.5,percent,percent,E
2019,2019,Manitoba,Females,18 to 34 years,"Main source of stress in day-to-day life, work",24.2,17.5,32.6,percent,percent,E
2019,2019,Manitoba,Females,35 to 49 years,"Ability to handle the day-to-day demands in life, good or excellent",97.3,95.0,98.6,percent,percent,
2019,2019,Manitoba,Females,35 to 49 years,"Ability to handle unexpected and difficult problems, good or excellent",87.2,80.8,91.7,percent,percent,
2019,2019,Manitoba,Females,35 to 49 years,"Main source of stress in day-to-day life, family",11.2,6.8,18.0,percent,percent,E
2019,2019,Manitoba,Females,35 to 49 years,"Main source of stress in day-to-day life, financial concerns",28.3,19.8,38.8,percent,percent,E
2019,2019,Manitoba,Females,35 to 49 years,"Main source of stress in day-to-day life, health",3.9,2.0,7.5,percent,percent,E
2019,2019,Manitoba,Females,35 to 49 years,"Main source of stress in day-to-day life, none",11.4,5.9,20.8,percent,percent,E
2019,2019,Manitoba,Females,35 to 49 years,"Main source of stress in day-to-day life, time pressures/ not enough time",9.8,5.8,16.2,percent,percent,E
2019,2019,Manitoba,Females,35 to 49 years,"Main source of stress in day-to-day life, work",32.7,24.1,42.6,percent,percent,
2019,2019,Manitoba,Females,50 to 64 years,"Ability to handle the day-to-day demands in life, good or excellent",90.1,83.5,94.3,percent,percent,
2019,2019,Manitoba,Females,50 to 64 years,"Ability to handle unexpected and difficult problems, good or excellent",87.6,80.4,92.3,percent,percent,
2019,2019,Manitoba,Females,50 to 64 years,"Main source of stress in day-to-day life, family",34.8,25.7,45.3,percent,percent,
2019,2019,Manitoba,Females,50 to 64 years,"Main source of stress in day-to-day life, financial concerns",16.8,11.5,24.0,percent,percent,E
2019,2019,Manitoba,Females,50 to 64 years,"Main source of stress in day-to-day life, health",4.5,2.6,7.4,percent,percent,E
2019,2019,Manitoba,Females,50 to 64 years,"Main source of stress in day-to-day life, none",13.8,9.0,20.6,percent,percent,E
2019,2019,Manitoba,Females,50 to 64 years,"Main source of stress in day-to-day life, time pressures/ not enough time",6.4,3.8,10.5,percent,percent,E
2019,2019,Manitoba,Females,50 to 64 years,"Main source of stress in day-to-day life, work",21.7,14.9,30.4,percent,percent,E
2019,2019,Manitoba,Females,65 years and over,"Ability to handle the day-to-day demands in life, good or excellent",91.0,88.5,93.1,percent,percent,
2019,2019,Manitoba,Females,65 years and over,"Ability to handle unexpected and difficult problems, good or excellent",85.3,82.2,87.9,percent,percent,
2019,2019,Manitoba,Females,65 years and over,"Main source of stress in day-to-day life, family",35.4,31.7,39.3,percent,percent,
2019,2019,Manitoba,Females,65 years and over,"Main source of stress in day-to-day life, financial concerns",12.0,9.9,14.6,percent,percent,
2019,2019,Manitoba,Females,65 years and over,"Main source of stress in day-to-day life, health",15.6,13.0,18.7,percent,percent,
2019,2019,Manitoba,Females,65 years and over,"Main source of stress in day-to-day life, none",25.7,22.3,29.3,percent,percent,
2019,2019,Manitoba,Females,65 years and over,"Main source of stress in day-to-day life, other",3.1,2.1,4.6,percent,percent,E
2019,2019,Manitoba,Females,65 years and over,"Main source of stress in day-to-day life, time pressures/ not enough time",5.3,3.9,7.2,percent,percent,E
2019,2019,Manitoba,Females,65 years and over,"Main source of stress in day-to-day life, work",2.9,1.9,4.3,percent,percent,E
2019,2019,Manitoba,Females,"Total, 12 years and over","Ability to handle the day-to-day demands in life, good or excellent",91.3,89.0,93.2,percent,percent,
2019,2019,Manitoba,Females,"Total, 12 years and over","Ability to handle unexpected and difficult problems, good or excellent",80.8,77.4,83.8,percent,percent,
2019,2019,Manitoba,Females,"Total, 12 years and over","Main source of stress in day-to-day life, family",22.7,19.5,26.2,percent,percent,
2019,2019,Manitoba,Females,"Total, 12 years and over","Main source of stress in day-to-day life, financial concerns",20.2,17.0,23.8,percent,percent,
2019,2019,Manitoba,Females,"Total, 12 years and over","Main source of stress in day-to-day life, health",6.4,5.0,8.2,percent,percent,
2019,2019,Manitoba,Females,"Total, 12 years and over","Main source of stress in day-to-day life, none",11.7,9.6,14.3,percent,percent,
2019,2019,Manitoba,Females,"Total, 12 years and over","Main source of stress in day-to-day life, other",1.8,1.2,2.9,percent,percent,E
2019,2019,Manitoba,Females,"Total, 12 years and over","Main source of stress in day-to-day life, school work (12 to 34 years old)",19.3,14.5,25.3,percent,percent,
2019,2019,Manitoba,Females,"Total, 12 years and over","Main source of stress in day-to-day life, time pressures/ not enough time",9.8,7.8,12.1,percent,percent,
2019,2019,Manitoba,Females,"Total, 12 years and over","Main source of stress in day-to-day life, work",20.3,16.9,24.2,percent,percent,
2019,2019,Manitoba,Males,12 to 17 years,"Ability to handle the day-to-day demands in life, good or excellent",86.6,74.8,93.4,percent,percent,
2019,2019,Manitoba,Males,12 to 17 years,"Ability to handle unexpected and difficult problems, good or excellent",81.8,69.3,89.9,percent,percent,
2019,2019,Manitoba,Males,12 to 17 years,"Main source of stress in day-to-day life, none",21.4,11.9,35.5,percent,percent,E
2019,2019,Manitoba,Males,12 to 17 years,"Main source of stress in day-to-day life, school work (12 to 34 years old)",53.8,39.8,67.3,percent,percent,
2019,2019,Manitoba,Males,18 to 34 years,"Ability to handle the day-to-day demands in life, good or excellent",93.7,88.0,96.8,percent,percent,
2019,2019,Manitoba,Males,18 to 34 years,"Ability to handle unexpected and difficult problems, good or excellent",81.5,72.2,88.2,percent,percent,
2019,2019,Manitoba,Males,18 to 34 years,"Main source of stress in day-to-day life, family",8.2,4.2,15.4,percent,percent,E
2019,2019,Manitoba,Males,18 to 34 years,"Main source of stress in day-to-day life, financial concerns",29.3,21.2,39.1,percent,percent,E
2019,2019,Manitoba,Males,18 to 34 years,"Main source of stress in day-to-day life, school work (12 to 34 years old)",15.5,9.5,24.4,percent,percent,E
2019,2019,Manitoba,Males,18 to 34 years,"Main source of stress in day-to-day life, time pressures/ not enough time",13.0,8.1,20.2,percent,percent,E
2019,2019,Manitoba,Males,18 to 34 years,"Main source of stress in day-to-day life, work",27.8,20.5,36.5,percent,percent,
2019,2019,Manitoba,Males,35 to 49 years,"Ability to handle the day-to-day demands in life, good or excellent",91.1,85.5,94.7,percent,percent,
2019,2019,Manitoba,Males,35 to 49 years,"Ability to handle unexpected and difficult problems, good or excellent",82.3,72.7,89.0,percent,percent,
2019,2019,Manitoba,Males,35 to 49 years,"Main source of stress in day-to-day life, family",16.3,9.7,26.2,percent,percent,E
2019,2019,Manitoba,Males,35 to 49 years,"Main source of stress in day-to-day life, financial concerns",26.2,18.6,35.5,percent,percent,E
2019,2019,Manitoba,Males,35 to 49 years,"Main source of stress in day-to-day life, none",7.9,4.0,14.9,percent,percent,E
2019,2019,Manitoba,Males,35 to 49 years,"Main source of stress in day-to-day life, work",39.8,30.0,50.6,percent,percent,
2019,2019,Manitoba,Males,50 to 64 years,"Ability to handle the day-to-day demands in life, good or excellent",91.8,84.6,95.8,percent,percent,
2019,2019,Manitoba,Males,50 to 64 years,"Ability to handle unexpected and difficult problems, good or excellent",82.6,73.8,88.8,percent,percent,
2019,2019,Manitoba,Males,50 to 64 years,"Main source of stress in day-to-day life, family",19.8,12.5,29.9,percent,percent,E
2019,2019,Manitoba,Males,50 to 64 years,"Main source of stress in day-to-day life, financial concerns",33.4,25.3,42.7,percent,percent,
2019,2019,Manitoba,Males,50 to 64 years,"Main source of stress in day-to-day life, health",7.7,4.4,13.2,percent,percent,E
2019,2019,Manitoba,Males,50 to 64 years,"Main source of stress in day-to-day life, none",11.3,7.2,17.3,percent,percent,E
2019,2019,Manitoba,Males,50 to 64 years,"Main source of stress in day-to-day life, work",20.1,14.6,27.2,percent,percent,E
2019,2019,Manitoba,Males,65 years and over,"Ability to handle the day-to-day demands in life, good or excellent",91.1,88.0,93.5,percent,percent,
2019,2019,Manitoba,Males,65 years and over,"Ability to handle unexpected and difficult problems, good or excellent",89.1,85.8,91.7,percent,percent,
2019,2019,Manitoba,Males,65 years and over,"Main source of stress in day-to-day life, family",22.3,18.9,26.2,percent,percent,
2019,2019,Manitoba,Males,65 years and over,"Main source of stress in day-to-day life, financial concerns",11.7,9.1,14.8,percent,percent,
2019,2019,Manitoba,Males,65 years and over,"Main source of stress in day-to-day life, health",17.5,14.4,21.2,percent,percent,
2019,2019,Manitoba,Males,65 years and over,"Main source of stress in day-to-day life, none",30.6,26.7,34.7,percent,percent,
2019,2019,Manitoba,Males,65 years and over,"Main source of stress in day-to-day life, other",5.5,3.6,8.3,percent,percent,E
2019,2019,Manitoba,Males,65 years and over,"Main source of stress in day-to-day life, time pressures/ not enough time",5.1,3.5,7.3,percent,percent,E
2019,2019,Manitoba,Males,65 years and over,"Main source of stress in day-to-day life, work",7.3,5.2,10.2,percent,percent,E
2019,2019,Manitoba,Males,"Total, 12 years and over","Ability to handle the day-to-day demands in life, good or excellent",91.7,89.2,93.6,percent,percent,
2019,2019,Manitoba,Males,"Total, 12 years and over","Ability to handle unexpected and difficult problems, good or excellent",83.2,79.2,86.5,percent,percent,
2019,2019,Manitoba,Males,"Total, 12 years and over","Main source of stress in day-to-day life, family",15.3,12.3,19.0,percent,percent,
2019,2019,Manitoba,Males,"Total, 12 years and over","Main source of stress in day-to-day life, financial concerns",24.3,20.6,28.3,percent,percent,
2019,2019,Manitoba,Males,"Total, 12 years and over","Main source of stress in day-to-day life, health",5.8,4.5,7.4,percent,percent,
2019,2019,Manitoba,Males,"Total, 12 years and over","Main source of stress in day-to-day life, none",11.6,9.7,13.8,percent,percent,
2019,2019,Manitoba,Males,"Total, 12 years and over","Main source of stress in day-to-day life, other",2.0,1.3,3.0,percent,percent,E
2019,2019,Manitoba,Males,"Total, 12 years and over","Main source of stress in day-to-day life, school work (12 to 34 years old)",23.7,17.7,31.0,percent,percent,
2019,2019,Manitoba,Males,"Total, 12 years and over","Main source of stress in day-to-day life, time pressures/ not enough time",8.5,6.3,11.4,percent,percent,E
2019,2019,Manitoba,Males,"Total, 12 years and over","Main source of stress in day-to-day life, work",23.4,19.9,27.2,percent,percent,
2019,2019,New Brunswick,Both sexes,12 to 17 years,"Ability to handle the day-to-day demands in life, good or excellent",87.9,80.4,92.8,percent,percent,
2019,2019,New Brunswick,Both sexes,12 to 17 years,"Ability to handle unexpected and difficult problems, good or excellent",74.8,66.3,81.7,percent,percent,
2019,2019,New Brunswick,Both sexes,12 to 17 years,"Main source of stress in day-to-day life, none",7.6,4.2,13.4,percent,percent,E
2019,2019,New Brunswick,Both sexes,12 to 17 years,"Main source of stress in day-to-day life, school work (12 to 34 years old)",65.3,55.8,73.8,percent,percent,
2019,2019,New Brunswick,Both sexes,12 to 17 years,"Main source of stress in day-to-day life, time pressures/ not enough time",8.2,4.3,15.1,percent,percent,E
2019,2019,New Brunswick,Both sexes,18 to 34 years,"Ability to handle the day-to-day demands in life, good or excellent",87.0,81.1,91.2,percent,percent,
2019,2019,New Brunswick,Both sexes,18 to 34 years,"Ability to handle unexpected and difficult problems, good or excellent",79.9,73.1,85.4,percent,percent,
2019,2019,New Brunswick,Both sexes,18 to 34 years,"Main source of stress in day-to-day life, family",12.8,8.8,18.3,percent,percent,E
2019,2019,New Brunswick,Both sexes,18 to 34 years,"Main source of stress in day-to-day life, financial concerns",27.2,21.1,34.1,percent,percent,
2019,2019,New Brunswick,Both sexes,18 to 34 years,"Main source of stress in day-to-day life, health",4.7,2.6,8.1,percent,percent,E
2019,2019,New Brunswick,Both sexes,18 to 34 years,"Main source of stress in day-to-day life, none",3.4,1.9,5.9,percent,percent,E
2019,2019,New Brunswick,Both sexes,18 to 34 years,"Main source of stress in day-to-day life, other",3.9,2.1,7.1,percent,percent,E
2019,2019,New Brunswick,Both sexes,18 to 34 years,"Main source of stress in day-to-day life, school work (12 to 34 years old)",12.7,8.2,19.2,percent,percent,E
2019,2019,New Brunswick,Both sexes,18 to 34 years,"Main source of stress in day-to-day life, time pressures/ not enough time",10.0,6.4,15.3,percent,percent,E
2019,2019,New Brunswick,Both sexes,18 to 34 years,"Main source of stress in day-to-day life, work",25.4,19.5,32.4,percent,percent,
2019,2019,New Brunswick,Both sexes,35 to 49 years,"Ability to handle the day-to-day demands in life, good or excellent",85.4,79.3,89.9,percent,percent,
2019,2019,New Brunswick,Both sexes,35 to 49 years,"Ability to handle unexpected and difficult problems, good or excellent",85.7,79.7,90.1,percent,percent,
2019,2019,New Brunswick,Both sexes,35 to 49 years,"Main source of stress in day-to-day life, family",17.3,12.3,23.8,percent,percent,E
2019,2019,New Brunswick,Both sexes,35 to 49 years,"Main source of stress in day-to-day life, financial concerns",28.5,22.2,35.8,percent,percent,
2019,2019,New Brunswick,Both sexes,35 to 49 years,"Main source of stress in day-to-day life, health",7.1,4.3,11.3,percent,percent,E
2019,2019,New Brunswick,Both sexes,35 to 49 years,"Main source of stress in day-to-day life, none",7.7,4.5,12.9,percent,percent,E
2019,2019,New Brunswick,Both sexes,35 to 49 years,"Main source of stress in day-to-day life, time pressures/ not enough time",10.3,6.3,16.4,percent,percent,E
2019,2019,New Brunswick,Both sexes,35 to 49 years,"Main source of stress in day-to-day life, work",27.5,21.6,34.2,percent,percent,
2019,2019,New Brunswick,Both sexes,50 to 64 years,"Ability to handle the day-to-day demands in life, good or excellent",84.7,79.7,88.6,percent,percent,
2019,2019,New Brunswick,Both sexes,50 to 64 years,"Ability to handle unexpected and difficult problems, good or excellent",82.8,77.7,87.0,percent,percent,
2019,2019,New Brunswick,Both sexes,50 to 64 years,"Main source of stress in day-to-day life, family",21.6,16.9,27.1,percent,percent,
2019,2019,New Brunswick,Both sexes,50 to 64 years,"Main source of stress in day-to-day life, financial concerns",19.8,15.6,24.8,percent,percent,
2019,2019,New Brunswick,Both sexes,50 to 64 years,"Main source of stress in day-to-day life, health",12.1,9.1,15.7,percent,percent,
2019,2019,New Brunswick,Both sexes,50 to 64 years,"Main source of stress in day-to-day life, none",12.4,9.3,16.4,percent,percent,
2019,2019,New Brunswick,Both sexes,50 to 64 years,"Main source of stress in day-to-day life, other",3.8,2.1,6.9,percent,percent,E
2019,2019,New Brunswick,Both sexes,50 to 64 years,"Main source of stress in day-to-day life, time pressures/ not enough time",6.7,3.9,11.1,percent,percent,E
2019,2019,New Brunswick,Both sexes,50 to 64 years,"Main source of stress in day-to-day life, work",23.7,19.0,29.2,percent,percent,
2019,2019,New Brunswick,Both sexes,65 years and over,"Ability to handle the day-to-day demands in life, good or excellent",92.3,90.8,93.6,percent,percent,
2019,2019,New Brunswick,Both sexes,65 years and over,"Ability to handle unexpected and difficult problems, good or excellent",88.4,86.6,90.1,percent,percent,
2019,2019,New Brunswick,Both sexes,65 years and over,"Main source of stress in day-to-day life, family",26.6,24.3,28.9,percent,percent,
2019,2019,New Brunswick,Both sexes,65 years and over,"Main source of stress in day-to-day life, financial concerns",13.5,11.6,15.6,percent,percent,
2019,2019,New Brunswick,Both sexes,65 years and over,"Main source of stress in day-to-day life, health",16.9,15.1,18.9,percent,percent,
2019,2019,New Brunswick,Both sexes,65 years and over,"Main source of stress in day-to-day life, none",32.0,29.7,34.5,percent,percent,
2019,2019,New Brunswick,Both sexes,65 years and over,"Main source of stress in day-to-day life, other",3.9,3.0,4.9,percent,percent,
2019,2019,New Brunswick,Both sexes,65 years and over,"Main source of stress in day-to-day life, time pressures/ not enough time",4.2,3.2,5.5,percent,percent,
2019,2019,New Brunswick,Both sexes,65 years and over,"Main source of stress in day-to-day life, work",2.9,2.1,4.1,percent,percent,E
2019,2019,New Brunswick,Both sexes,"Total, 12 years and over","Ability to handle the day-to-day demands in life, good or excellent",87.3,85.2,89.1,percent,percent,
2019,2019,New Brunswick,Both sexes,"Total, 12 years and over","Ability to handle unexpected and difficult problems, good or excellent",83.5,81.3,85.5,percent,percent,
2019,2019,New Brunswick,Both sexes,"Total, 12 years and over","Main source of stress in day-to-day life, family",19.0,17.1,21.1,percent,percent,
2019,2019,New Brunswick,Both sexes,"Total, 12 years and over","Main source of stress in day-to-day life, financial concerns",20.6,18.2,23.1,percent,percent,
2019,2019,New Brunswick,Both sexes,"Total, 12 years and over","Main source of stress in day-to-day life, health",9.6,8.3,11.1,percent,percent,
2019,2019,New Brunswick,Both sexes,"Total, 12 years and over","Main source of stress in day-to-day life, none",13.5,12.0,15.1,percent,percent,
2019,2019,New Brunswick,Both sexes,"Total, 12 years and over","Main source of stress in day-to-day life, other",3.2,2.4,4.3,percent,percent,
2019,2019,New Brunswick,Both sexes,"Total, 12 years and over","Main source of stress in day-to-day life, school work (12 to 34 years old)",25.3,21.0,30.3,percent,percent,
2019,2019,New Brunswick,Both sexes,"Total, 12 years and over","Main source of stress in day-to-day life, time pressures/ not enough time",7.7,6.2,9.7,percent,percent,
2019,2019,New Brunswick,Both sexes,"Total, 12 years and over","Main source of stress in day-to-day life, work",19.0,16.8,21.5,percent,percent,
2019,2019,New Brunswick,Females,12 to 17 years,"Ability to handle the day-to-day demands in life, good or excellent",91.8,80.5,96.8,percent,percent,
2019,2019,New Brunswick,Females,12 to 17 years,"Ability to handle unexpected and difficult problems, good or excellent",61.6,47.3,74.1,percent,percent,
2019,2019,New Brunswick,Females,12 to 17 years,"Main source of stress in day-to-day life, school work (12 to 34 years old)",69.0,53.6,81.0,percent,percent,
2019,2019,New Brunswick,Females,18 to 34 years,"Ability to handle the day-to-day demands in life, good or excellent",85.8,78.1,91.2,percent,percent,
2019,2019,New Brunswick,Females,18 to 34 years,"Ability to handle unexpected and difficult problems, good or excellent",81.9,73.7,88.0,percent,percent,
2019,2019,New Brunswick,Females,18 to 34 years,"Main source of stress in day-to-day life, family",11.8,6.3,21.0,percent,percent,E
2019,2019,New Brunswick,Females,18 to 34 years,"Main source of stress in day-to-day life, financial concerns",26.0,17.6,36.6,percent,percent,E
2019,2019,New Brunswick,Females,18 to 34 years,"Main source of stress in day-to-day life, health",7.3,3.7,13.8,percent,percent,E
2019,2019,New Brunswick,Females,18 to 34 years,"Main source of stress in day-to-day life, school work (12 to 34 years old)",13.0,6.9,23.1,percent,percent,E
2019,2019,New Brunswick,Females,18 to 34 years,"Main source of stress in day-to-day life, time pressures/ not enough time",12.7,7.5,20.6,percent,percent,E
2019,2019,New Brunswick,Females,18 to 34 years,"Main source of stress in day-to-day life, work",22.8,14.9,33.4,percent,percent,E
2019,2019,New Brunswick,Females,35 to 49 years,"Ability to handle the day-to-day demands in life, good or excellent",85.6,77.4,91.2,percent,percent,
2019,2019,New Brunswick,Females,35 to 49 years,"Ability to handle unexpected and difficult problems, good or excellent",85.6,77.7,91.0,percent,percent,
2019,2019,New Brunswick,Females,35 to 49 years,"Main source of stress in day-to-day life, family",20.6,13.8,29.7,percent,percent,E
2019,2019,New Brunswick,Females,35 to 49 years,"Main source of stress in day-to-day life, financial concerns",24.7,17.3,33.9,percent,percent,E
2019,2019,New Brunswick,Females,35 to 49 years,"Main source of stress in day-to-day life, health",5.7,2.9,10.8,percent,percent,E
2019,2019,New Brunswick,Females,35 to 49 years,"Main source of stress in day-to-day life, time pressures/ not enough time",14.3,8.0,24.2,percent,percent,E
2019,2019,New Brunswick,Females,35 to 49 years,"Main source of stress in day-to-day life, work",25.6,18.4,34.6,percent,percent,E
2019,2019,New Brunswick,Females,50 to 64 years,"Ability to handle the day-to-day demands in life, good or excellent",88.1,83.1,91.8,percent,percent,
2019,2019,New Brunswick,Females,50 to 64 years,"Ability to handle unexpected and difficult problems, good or excellent",84.2,78.3,88.7,percent,percent,
2019,2019,New Brunswick,Females,50 to 64 years,"Main source of stress in day-to-day life, family",31.0,23.6,39.4,percent,percent,
2019,2019,New Brunswick,Females,50 to 64 years,"Main source of stress in day-to-day life, financial concerns",15.2,10.0,22.3,percent,percent,E
2019,2019,New Brunswick,Females,50 to 64 years,"Main source of stress in day-to-day life, health",12.8,9.0,17.8,percent,percent,E
2019,2019,New Brunswick,Females,50 to 64 years,"Main source of stress in day-to-day life, none",11.3,8.0,15.7,percent,percent,E
2019,2019,New Brunswick,Females,50 to 64 years,"Main source of stress in day-to-day life, time pressures/ not enough time",6.7,3.5,12.2,percent,percent,E
2019,2019,New Brunswick,Females,50 to 64 years,"Main source of stress in day-to-day life, work",19.9,13.5,28.3,percent,percent,E
2019,2019,New Brunswick,Females,65 years and over,"Ability to handle the day-to-day demands in life, good or excellent",91.6,89.5,93.4,percent,percent,
2019,2019,New Brunswick,Females,65 years and over,"Ability to handle unexpected and difficult problems, good or excellent",87.4,84.9,89.5,percent,percent,
2019,2019,New Brunswick,Females,65 years and over,"Main source of stress in day-to-day life, family",34.0,30.7,37.6,percent,percent,
2019,2019,New Brunswick,Females,65 years and over,"Main source of stress in day-to-day life, financial concerns",13.5,11.1,16.2,percent,percent,
2019,2019,New Brunswick,Females,65 years and over,"Main source of stress in day-to-day life, health",15.1,12.8,17.7,percent,percent,
2019,2019,New Brunswick,Females,65 years and over,"Main source of stress in day-to-day life, none",27.7,24.7,30.9,percent,percent,
2019,2019,New Brunswick,Females,65 years and over,"Main source of stress in day-to-day life, other",3.5,2.5,4.8,percent,percent,E
2019,2019,New Brunswick,Females,65 years and over,"Main source of stress in day-to-day life, time pressures/ not enough time",4.5,3.1,6.3,percent,percent,E
2019,2019,New Brunswick,Females,65 years and over,"Main source of stress in day-to-day life, work",1.8,0.9,3.3,percent,percent,E
2019,2019,New Brunswick,Females,"Total, 12 years and over","Ability to handle the day-to-day demands in life, good or excellent",88.2,85.5,90.4,percent,percent,
2019,2019,New Brunswick,Females,"Total, 12 years and over","Ability to handle unexpected and difficult problems, good or excellent",83.3,80.4,85.9,percent,percent,
2019,2019,New Brunswick,Females,"Total, 12 years and over","Main source of stress in day-to-day life, family",23.9,21.0,27.1,percent,percent,
2019,2019,New Brunswick,Females,"Total, 12 years and over","Main source of stress in day-to-day life, financial concerns",18.1,15.1,21.6,percent,percent,
2019,2019,New Brunswick,Females,"Total, 12 years and over","Main source of stress in day-to-day life, health",9.8,8.1,11.8,percent,percent,
2019,2019,New Brunswick,Females,"Total, 12 years and over","Main source of stress in day-to-day life, none",12.0,10.3,13.9,percent,percent,
2019,2019,New Brunswick,Females,"Total, 12 years and over","Main source of stress in day-to-day life, other",3.0,2.1,4.4,percent,percent,E
2019,2019,New Brunswick,Females,"Total, 12 years and over","Main source of stress in day-to-day life, school work (12 to 34 years old)",26.0,19.6,33.6,percent,percent,
2019,2019,New Brunswick,Females,"Total, 12 years and over","Main source of stress in day-to-day life, time pressures/ not enough time",9.4,7.1,12.2,percent,percent,
2019,2019,New Brunswick,Females,"Total, 12 years and over","Main source of stress in day-to-day life, work",16.5,13.4,20.2,percent,percent,
2019,2019,New Brunswick,Males,12 to 17 years,"Ability to handle the day-to-day demands in life, good or excellent",84.4,73.0,91.6,percent,percent,
2019,2019,New Brunswick,Males,12 to 17 years,"Ability to handle unexpected and difficult problems, good or excellent",86.5,76.0,92.9,percent,percent,
2019,2019,New Brunswick,Males,12 to 17 years,"Main source of stress in day-to-day life, school work (12 to 34 years old)",62.0,49.6,73.0,percent,percent,
2019,2019,New Brunswick,Males,18 to 34 years,"Ability to handle the day-to-day demands in life, good or excellent",88.1,77.8,94.0,percent,percent,
2019,2019,New Brunswick,Males,18 to 34 years,"Ability to handle unexpected and difficult problems, good or excellent",77.9,66.9,86.0,percent,percent,
2019,2019,New Brunswick,Males,18 to 34 years,"Main source of stress in day-to-day life, family",13.9,8.3,22.3,percent,percent,E
2019,2019,New Brunswick,Males,18 to 34 years,"Main source of stress in day-to-day life, financial concerns",28.3,19.7,38.8,percent,percent,E
2019,2019,New Brunswick,Males,18 to 34 years,"Main source of stress in day-to-day life, school work (12 to 34 years old)",12.4,6.8,21.8,percent,percent,E
2019,2019,New Brunswick,Males,18 to 34 years,"Main source of stress in day-to-day life, work",27.9,19.6,38.1,percent,percent,E
2019,2019,New Brunswick,Males,35 to 49 years,"Ability to handle the day-to-day demands in life, good or excellent",85.1,76.0,91.2,percent,percent,
2019,2019,New Brunswick,Males,35 to 49 years,"Ability to handle unexpected and difficult problems, good or excellent",85.7,75.8,92.0,percent,percent,
2019,2019,New Brunswick,Males,35 to 49 years,"Main source of stress in day-to-day life, family",13.9,7.6,23.9,percent,percent,E
2019,2019,New Brunswick,Males,35 to 49 years,"Main source of stress in day-to-day life, financial concerns",32.6,23.8,42.7,percent,percent,E
2019,2019,New Brunswick,Males,35 to 49 years,"Main source of stress in day-to-day life, none",9.5,4.8,17.9,percent,percent,E
2019,2019,New Brunswick,Males,35 to 49 years,"Main source of stress in day-to-day life, work",29.4,20.8,39.7,percent,percent,E
2019,2019,New Brunswick,Males,50 to 64 years,"Ability to handle the day-to-day demands in life, good or excellent",81.1,72.3,87.5,percent,percent,
2019,2019,New Brunswick,Males,50 to 64 years,"Ability to handle unexpected and difficult problems, good or excellent",81.3,72.8,87.6,percent,percent,
2019,2019,New Brunswick,Males,50 to 64 years,"Main source of stress in day-to-day life, family",11.6,7.0,18.7,percent,percent,E
2019,2019,New Brunswick,Males,50 to 64 years,"Main source of stress in day-to-day life, financial concerns",24.7,17.9,32.9,percent,percent,E
2019,2019,New Brunswick,Males,50 to 64 years,"Main source of stress in day-to-day life, health",11.2,7.2,17.1,percent,percent,E
2019,2019,New Brunswick,Males,50 to 64 years,"Main source of stress in day-to-day life, none",13.5,8.7,20.5,percent,percent,E
2019,2019,New Brunswick,Males,50 to 64 years,"Main source of stress in day-to-day life, work",27.8,20.6,36.2,percent,percent,
2019,2019,New Brunswick,Males,65 years and over,"Ability to handle the day-to-day demands in life, good or excellent",93.1,90.9,94.9,percent,percent,
2019,2019,New Brunswick,Males,65 years and over,"Ability to handle unexpected and difficult problems, good or excellent",89.7,87.0,92.0,percent,percent,
2019,2019,New Brunswick,Males,65 years and over,"Main source of stress in day-to-day life, family",17.5,14.6,20.8,percent,percent,
2019,2019,New Brunswick,Males,65 years and over,"Main source of stress in day-to-day life, financial concerns",13.5,10.7,16.8,percent,percent,
2019,2019,New Brunswick,Males,65 years and over,"Main source of stress in day-to-day life, health",19.1,16.1,22.6,percent,percent,
2019,2019,New Brunswick,Males,65 years and over,"Main source of stress in day-to-day life, none",37.3,33.2,41.5,percent,percent,
2019,2019,New Brunswick,Males,65 years and over,"Main source of stress in day-to-day life, other",4.3,3.0,6.2,percent,percent,E
2019,2019,New Brunswick,Males,65 years and over,"Main source of stress in day-to-day life, time pressures/ not enough time",3.9,2.5,6.0,percent,percent,E
2019,2019,New Brunswick,Males,65 years and over,"Main source of stress in day-to-day life, work",4.4,2.9,6.6,percent,percent,E
2019,2019,New Brunswick,Males,"Total, 12 years and over","Ability to handle the day-to-day demands in life, good or excellent",86.3,82.8,89.2,percent,percent,
2019,2019,New Brunswick,Males,"Total, 12 years and over","Ability to handle unexpected and difficult problems, good or excellent",83.7,80.2,86.6,percent,percent,
2019,2019,New Brunswick,Males,"Total, 12 years and over","Main source of stress in day-to-day life, family",13.8,11.2,16.9,percent,percent,
2019,2019,New Brunswick,Males,"Total, 12 years and over","Main source of stress in day-to-day life, financial concerns",23.1,19.6,27.2,percent,percent,
2019,2019,New Brunswick,Males,"Total, 12 years and over","Main source of stress in day-to-day life, health",9.4,7.5,11.7,percent,percent,
2019,2019,New Brunswick,Males,"Total, 12 years and over","Main source of stress in day-to-day life, none",15.0,12.7,17.7,percent,percent,
2019,2019,New Brunswick,Males,"Total, 12 years and over","Main source of stress in day-to-day life, other",3.4,2.2,5.2,percent,percent,E
2019,2019,New Brunswick,Males,"Total, 12 years and over","Main source of stress in day-to-day life, school work (12 to 34 years old)",24.7,19.0,31.4,percent,percent,
2019,2019,New Brunswick,Males,"Total, 12 years and over","Main source of stress in day-to-day life, time pressures/ not enough time",6.0,4.0,8.9,percent,percent,E
2019,2019,New Brunswick,Males,"Total, 12 years and over","Main source of stress in day-to-day life, work",21.7,18.3,25.5,percent,percent,
2019,2019,Newfoundland and Labrador,Both sexes,12 to 17 years,"Ability to handle the day-to-day demands in life, good or excellent",90.1,80.6,95.2,percent,percent,
2019,2019,Newfoundland and Labrador,Both sexes,12 to 17 years,"Ability to handle unexpected and difficult problems, good or excellent",79.3,69.0,86.8,percent,percent,
2019,2019,Newfoundland and Labrador,Both sexes,12 to 17 years,"Main source of stress in day-to-day life, none",13.2,7.3,22.9,percent,percent,E
2019,2019,Newfoundland and Labrador,Both sexes,12 to 17 years,"Main source of stress in day-to-day life, school work (12 to 34 years old)",61.9,50.4,72.2,percent,percent,
2019,2019,Newfoundland and Labrador,Both sexes,18 to 34 years,"Ability to handle the day-to-day demands in life, good or excellent",87.7,80.3,92.6,percent,percent,
2019,2019,Newfoundland and Labrador,Both sexes,18 to 34 years,"Ability to handle unexpected and difficult problems, good or excellent",70.0,60.7,77.9,percent,percent,
2019,2019,Newfoundland and Labrador,Both sexes,18 to 34 years,"Main source of stress in day-to-day life, family",10.8,6.7,17.1,percent,percent,E
2019,2019,Newfoundland and Labrador,Both sexes,18 to 34 years,"Main source of stress in day-to-day life, financial concerns",23.9,17.1,32.3,percent,percent,E
2019,2019,Newfoundland and Labrador,Both sexes,18 to 34 years,"Main source of stress in day-to-day life, school work (12 to 34 years old)",12.7,7.0,21.9,percent,percent,E
2019,2019,Newfoundland and Labrador,Both sexes,18 to 34 years,"Main source of stress in day-to-day life, time pressures/ not enough time",15.3,9.7,23.4,percent,percent,E
2019,2019,Newfoundland and Labrador,Both sexes,18 to 34 years,"Main source of stress in day-to-day life, work",23.8,17.7,31.2,percent,percent,
2019,2019,Newfoundland and Labrador,Both sexes,35 to 49 years,"Ability to handle the day-to-day demands in life, good or excellent",92.4,87.9,95.3,percent,percent,
2019,2019,Newfoundland and Labrador,Both sexes,35 to 49 years,"Ability to handle unexpected and difficult problems, good or excellent",89.3,83.9,93.0,percent,percent,
2019,2019,Newfoundland and Labrador,Both sexes,35 to 49 years,"Main source of stress in day-to-day life, family",13.0,8.6,19.2,percent,percent,E
2019,2019,Newfoundland and Labrador,Both sexes,35 to 49 years,"Main source of stress in day-to-day life, financial concerns",20.6,15.5,26.9,percent,percent,
2019,2019,Newfoundland and Labrador,Both sexes,35 to 49 years,"Main source of stress in day-to-day life, health",6.7,3.8,11.6,percent,percent,E
2019,2019,Newfoundland and Labrador,Both sexes,35 to 49 years,"Main source of stress in day-to-day life, none",5.5,3.2,9.6,percent,percent,E
2019,2019,Newfoundland and Labrador,Both sexes,35 to 49 years,"Main source of stress in day-to-day life, time pressures/ not enough time",15.5,9.6,24.0,percent,percent,E
2019,2019,Newfoundland and Labrador,Both sexes,35 to 49 years,"Main source of stress in day-to-day life, work",37.4,29.6,45.9,percent,percent,
2019,2019,Newfoundland and Labrador,Both sexes,50 to 64 years,"Ability to handle the day-to-day demands in life, good or excellent",92.6,88.8,95.2,percent,percent,
2019,2019,Newfoundland and Labrador,Both sexes,50 to 64 years,"Ability to handle unexpected and difficult problems, good or excellent",86.6,80.7,90.9,percent,percent,
2019,2019,Newfoundland and Labrador,Both sexes,50 to 64 years,"Main source of stress in day-to-day life, family",15.5,11.5,20.6,percent,percent,
2019,2019,Newfoundland and Labrador,Both sexes,50 to 64 years,"Main source of stress in day-to-day life, financial concerns",15.3,11.1,20.7,percent,percent,E
2019,2019,Newfoundland and Labrador,Both sexes,50 to 64 years,"Main source of stress in day-to-day life, health",14.9,11.1,19.6,percent,percent,
2019,2019,Newfoundland and Labrador,Both sexes,50 to 64 years,"Main source of stress in day-to-day life, none",17.5,13.2,22.9,percent,percent,
2019,2019,Newfoundland and Labrador,Both sexes,50 to 64 years,"Main source of stress in day-to-day life, time pressures/ not enough time",13.0,9.0,18.3,percent,percent,E
2019,2019,Newfoundland and Labrador,Both sexes,50 to 64 years,"Main source of stress in day-to-day life, work",21.9,16.7,28.1,percent,percent,
2019,2019,Newfoundland and Labrador,Both sexes,65 years and over,"Ability to handle the day-to-day demands in life, good or excellent",89.7,87.5,91.5,percent,percent,
2019,2019,Newfoundland and Labrador,Both sexes,65 years and over,"Ability to handle unexpected and difficult problems, good or excellent",84.6,81.4,87.4,percent,percent,
2019,2019,Newfoundland and Labrador,Both sexes,65 years and over,"Main source of stress in day-to-day life, family",21.3,18.8,24.0,percent,percent,
2019,2019,Newfoundland and Labrador,Both sexes,65 years and over,"Main source of stress in day-to-day life, financial concerns",13.4,11.0,16.3,percent,percent,
2019,2019,Newfoundland and Labrador,Both sexes,65 years and over,"Main source of stress in day-to-day life, health",26.6,23.5,29.9,percent,percent,
2019,2019,Newfoundland and Labrador,Both sexes,65 years and over,"Main source of stress in day-to-day life, none",30.5,27.7,33.5,percent,percent,
2019,2019,Newfoundland and Labrador,Both sexes,65 years and over,"Main source of stress in day-to-day life, other",2.8,2.0,3.8,percent,percent,E
2019,2019,Newfoundland and Labrador,Both sexes,65 years and over,"Main source of stress in day-to-day life, time pressures/ not enough time",3.2,2.4,4.2,percent,percent,
2019,2019,Newfoundland and Labrador,Both sexes,65 years and over,"Main source of stress in day-to-day life, work",2.2,1.5,3.4,percent,percent,E
2019,2019,Newfoundland and Labrador,Both sexes,"Total, 12 years and over","Ability to handle the day-to-day demands in life, good or excellent",90.7,88.7,92.3,percent,percent,
2019,2019,Newfoundland and Labrador,Both sexes,"Total, 12 years and over","Ability to handle unexpected and difficult problems, good or excellent",82.8,80.0,85.2,percent,percent,
2019,2019,Newfoundland and Labrador,Both sexes,"Total, 12 years and over","Main source of stress in day-to-day life, family",15.2,13.1,17.6,percent,percent,
2019,2019,Newfoundland and Labrador,Both sexes,"Total, 12 years and over","Main source of stress in day-to-day life, financial concerns",17.0,14.6,19.7,percent,percent,
2019,2019,Newfoundland and Labrador,Both sexes,"Total, 12 years and over","Main source of stress in day-to-day life, health",12.4,10.7,14.2,percent,percent,
2019,2019,Newfoundland and Labrador,Both sexes,"Total, 12 years and over","Main source of stress in day-to-day life, none",15.5,13.6,17.6,percent,percent,
2019,2019,Newfoundland and Labrador,Both sexes,"Total, 12 years and over","Main source of stress in day-to-day life, other",2.0,1.4,3.0,percent,percent,E
2019,2019,Newfoundland and Labrador,Both sexes,"Total, 12 years and over","Main source of stress in day-to-day life, school work (12 to 34 years old)",23.8,18.0,30.8,percent,percent,
2019,2019,Newfoundland and Labrador,Both sexes,"Total, 12 years and over","Main source of stress in day-to-day life, time pressures/ not enough time",11.4,9.1,14.3,percent,percent,
2019,2019,Newfoundland and Labrador,Both sexes,"Total, 12 years and over","Main source of stress in day-to-day life, work",20.0,17.1,23.3,percent,percent,
2019,2019,Newfoundland and Labrador,Females,12 to 17 years,"Ability to handle the day-to-day demands in life, good or excellent",89.7,74.2,96.3,percent,percent,
2019,2019,Newfoundland and Labrador,Females,12 to 17 years,"Ability to handle unexpected and difficult problems, good or excellent",83.1,67.6,92.1,percent,percent,
2019,2019,Newfoundland and Labrador,Females,12 to 17 years,"Main source of stress in day-to-day life, school work (12 to 34 years old)",67.2,49.9,80.9,percent,percent,
2019,2019,Newfoundland and Labrador,Females,18 to 34 years,"Ability to handle the day-to-day demands in life, good or excellent",92.6,84.1,96.7,percent,percent,
2019,2019,Newfoundland and Labrador,Females,18 to 34 years,"Ability to handle unexpected and difficult problems, good or excellent",75.0,63.7,83.7,percent,percent,
2019,2019,Newfoundland and Labrador,Females,18 to 34 years,"Main source of stress in day-to-day life, family",6.9,3.9,11.8,percent,percent,E
2019,2019,Newfoundland and Labrador,Females,18 to 34 years,"Main source of stress in day-to-day life, financial concerns",24.2,15.0,36.7,percent,percent,E
2019,2019,Newfoundland and Labrador,Females,18 to 34 years,"Main source of stress in day-to-day life, school work (12 to 34 years old)",20.7,10.5,36.6,percent,percent,E
2019,2019,Newfoundland and Labrador,Females,18 to 34 years,"Main source of stress in day-to-day life, time pressures/ not enough time",18.2,9.6,31.9,percent,percent,E
2019,2019,Newfoundland and Labrador,Females,18 to 34 years,"Main source of stress in day-to-day life, work",23.4,15.1,34.3,percent,percent,E
2019,2019,Newfoundland and Labrador,Females,35 to 49 years,"Ability to handle the day-to-day demands in life, good or excellent",91.6,84.3,95.7,percent,percent,
2019,2019,Newfoundland and Labrador,Females,35 to 49 years,"Ability to handle unexpected and difficult problems, good or excellent",88.2,80.9,93.0,percent,percent,
2019,2019,Newfoundland and Labrador,Females,35 to 49 years,"Main source of stress in day-to-day life, family",17.9,10.8,28.2,percent,percent,E
2019,2019,Newfoundland and Labrador,Females,35 to 49 years,"Main source of stress in day-to-day life, financial concerns",12.4,6.9,21.3,percent,percent,E
2019,2019,Newfoundland and Labrador,Females,35 to 49 years,"Main source of stress in day-to-day life, time pressures/ not enough time",21.4,11.6,36.0,percent,percent,E
2019,2019,Newfoundland and Labrador,Females,35 to 49 years,"Main source of stress in day-to-day life, work",33.5,22.5,46.6,percent,percent,E
2019,2019,Newfoundland and Labrador,Females,50 to 64 years,"Ability to handle the day-to-day demands in life, good or excellent",96.2,92.6,98.1,percent,percent,
2019,2019,Newfoundland and Labrador,Females,50 to 64 years,"Ability to handle unexpected and difficult problems, good or excellent",87.9,81.0,92.6,percent,percent,
2019,2019,Newfoundland and Labrador,Females,50 to 64 years,"Main source of stress in day-to-day life, family",19.1,12.6,27.9,percent,percent,E
2019,2019,Newfoundland and Labrador,Females,50 to 64 years,"Main source of stress in day-to-day life, financial concerns",14.5,8.8,23.1,percent,percent,E
2019,2019,Newfoundland and Labrador,Females,50 to 64 years,"Main source of stress in day-to-day life, health",14.0,9.4,20.4,percent,percent,E
2019,2019,Newfoundland and Labrador,Females,50 to 64 years,"Main source of stress in day-to-day life, none",15.7,10.3,23.2,percent,percent,E
2019,2019,Newfoundland and Labrador,Females,50 to 64 years,"Main source of stress in day-to-day life, time pressures/ not enough time",19.9,12.7,29.8,percent,percent,E
2019,2019,Newfoundland and Labrador,Females,50 to 64 years,"Main source of stress in day-to-day life, work",15.4,9.8,23.4,percent,percent,E
2019,2019,Newfoundland and Labrador,Females,65 years and over,"Ability to handle the day-to-day demands in life, good or excellent",89.6,86.7,92.0,percent,percent,
2019,2019,Newfoundland and Labrador,Females,65 years and over,"Ability to handle unexpected and difficult problems, good or excellent",83.8,80.1,87.0,percent,percent,
2019,2019,Newfoundland and Labrador,Females,65 years and over,"Main source of stress in day-to-day life, family",24.6,21.1,28.4,percent,percent,
2019,2019,Newfoundland and Labrador,Females,65 years and over,"Main source of stress in day-to-day life, financial concerns",10.7,8.1,14.1,percent,percent,
2019,2019,Newfoundland and Labrador,Females,65 years and over,"Main source of stress in day-to-day life, health",25.3,21.4,29.7,percent,percent,
2019,2019,Newfoundland and Labrador,Females,65 years and over,"Main source of stress in day-to-day life, none",30.7,26.8,34.9,percent,percent,
2019,2019,Newfoundland and Labrador,Females,65 years and over,"Main source of stress in day-to-day life, other",3.8,2.6,5.5,percent,percent,E
2019,2019,Newfoundland and Labrador,Females,65 years and over,"Main source of stress in day-to-day life, time pressures/ not enough time",3.4,2.4,4.7,percent,percent,E
2019,2019,Newfoundland and Labrador,Females,"Total, 12 years and over","Ability to handle the day-to-day demands in life, good or excellent",92.5,90.2,94.3,percent,percent,
2019,2019,Newfoundland and Labrador,Females,"Total, 12 years and over","Ability to handle unexpected and difficult problems, good or excellent",84.1,80.7,87.0,percent,percent,
2019,2019,Newfoundland and Labrador,Females,"Total, 12 years and over","Main source of stress in day-to-day life, family",17.1,14.1,20.7,percent,percent,
2019,2019,Newfoundland and Labrador,Females,"Total, 12 years and over","Main source of stress in day-to-day life, financial concerns",14.4,11.2,18.3,percent,percent,
2019,2019,Newfoundland and Labrador,Females,"Total, 12 years and over","Main source of stress in day-to-day life, health",12.4,10.2,15.0,percent,percent,
2019,2019,Newfoundland and Labrador,Females,"Total, 12 years and over","Main source of stress in day-to-day life, none",13.6,11.3,16.2,percent,percent,
2019,2019,Newfoundland and Labrador,Females,"Total, 12 years and over","Main source of stress in day-to-day life, other",2.1,1.3,3.4,percent,percent,E
2019,2019,Newfoundland and Labrador,Females,"Total, 12 years and over","Main source of stress in day-to-day life, school work (12 to 34 years old)",30.9,21.2,42.7,percent,percent,E
2019,2019,Newfoundland and Labrador,Females,"Total, 12 years and over","Main source of stress in day-to-day life, time pressures/ not enough time",15.3,11.3,20.4,percent,percent,E
2019,2019,Newfoundland and Labrador,Females,"Total, 12 years and over","Main source of stress in day-to-day life, work",16.9,13.2,21.3,percent,percent,
2019,2019,Newfoundland and Labrador,Males,12 to 17 years,"Ability to handle the day-to-day demands in life, good or excellent",90.5,76.8,96.5,percent,percent,
2019,2019,Newfoundland and Labrador,Males,12 to 17 years,"Ability to handle unexpected and difficult problems, good or excellent",75.5,60.7,85.9,percent,percent,
2019,2019,Newfoundland and Labrador,Males,12 to 17 years,"Main source of stress in day-to-day life, school work (12 to 34 years old)",56.9,41.8,70.8,percent,percent,
2019,2019,Newfoundland and Labrador,Males,18 to 34 years,"Ability to handle the day-to-day demands in life, good or excellent",82.8,70.8,90.6,percent,percent,
2019,2019,Newfoundland and Labrador,Males,18 to 34 years,"Ability to handle unexpected and difficult problems, good or excellent",65.1,52.3,76.0,percent,percent,
2019,2019,Newfoundland and Labrador,Males,18 to 34 years,"Main source of stress in day-to-day life, financial concerns",23.6,14.8,35.3,percent,percent,E
2019,2019,Newfoundland and Labrador,Males,18 to 34 years,"Main source of stress in day-to-day life, time pressures/ not enough time",12.3,6.6,21.8,percent,percent,E
2019,2019,Newfoundland and Labrador,Males,18 to 34 years,"Main source of stress in day-to-day life, work",24.2,15.8,35.2,percent,percent,E
2019,2019,Newfoundland and Labrador,Males,35 to 49 years,"Ability to handle the day-to-day demands in life, good or excellent",93.2,85.9,96.9,percent,percent,
2019,2019,Newfoundland and Labrador,Males,35 to 49 years,"Ability to handle unexpected and difficult problems, good or excellent",90.5,81.9,95.2,percent,percent,
2019,2019,Newfoundland and Labrador,Males,35 to 49 years,"Main source of stress in day-to-day life, financial concerns",29.6,21.5,39.1,percent,percent,E
2019,2019,Newfoundland and Labrador,Males,35 to 49 years,"Main source of stress in day-to-day life, none",8.1,4.1,15.4,percent,percent,E
2019,2019,Newfoundland and Labrador,Males,35 to 49 years,"Main source of stress in day-to-day life, work",41.8,31.4,52.9,percent,percent,
2019,2019,Newfoundland and Labrador,Males,50 to 64 years,"Ability to handle the day-to-day demands in life, good or excellent",88.8,81.5,93.4,percent,percent,
2019,2019,Newfoundland and Labrador,Males,50 to 64 years,"Ability to handle unexpected and difficult problems, good or excellent",85.1,75.1,91.6,percent,percent,
2019,2019,Newfoundland and Labrador,Males,50 to 64 years,"Main source of stress in day-to-day life, family",11.8,7.1,18.7,percent,percent,E
2019,2019,Newfoundland and Labrador,Males,50 to 64 years,"Main source of stress in day-to-day life, financial concerns",16.1,10.2,24.4,percent,percent,E
2019,2019,Newfoundland and Labrador,Males,50 to 64 years,"Main source of stress in day-to-day life, health",15.8,10.3,23.4,percent,percent,E
2019,2019,Newfoundland and Labrador,Males,50 to 64 years,"Main source of stress in day-to-day life, none",19.5,13.3,27.6,percent,percent,E
2019,2019,Newfoundland and Labrador,Males,50 to 64 years,"Main source of stress in day-to-day life, time pressures/ not enough time",5.7,2.9,11.0,percent,percent,E
2019,2019,Newfoundland and Labrador,Males,50 to 64 years,"Main source of stress in day-to-day life, work",28.6,20.2,38.9,percent,percent,E
2019,2019,Newfoundland and Labrador,Males,65 years and over,"Ability to handle the day-to-day demands in life, good or excellent",89.7,85.8,92.6,percent,percent,
2019,2019,Newfoundland and Labrador,Males,65 years and over,"Ability to handle unexpected and difficult problems, good or excellent",85.6,81.2,89.1,percent,percent,
2019,2019,Newfoundland and Labrador,Males,65 years and over,"Main source of stress in day-to-day life, family",17.3,14.1,21.1,percent,percent,
2019,2019,Newfoundland and Labrador,Males,65 years and over,"Main source of stress in day-to-day life, financial concerns",16.6,12.7,21.4,percent,percent,
2019,2019,Newfoundland and Labrador,Males,65 years and over,"Main source of stress in day-to-day life, health",28.1,23.8,32.8,percent,percent,
2019,2019,Newfoundland and Labrador,Males,65 years and over,"Main source of stress in day-to-day life, none",30.3,26.1,34.9,percent,percent,
2019,2019,Newfoundland and Labrador,Males,65 years and over,"Main source of stress in day-to-day life, other",1.6,1.0,2.7,percent,percent,E
2019,2019,Newfoundland and Labrador,Males,65 years and over,"Main source of stress in day-to-day life, time pressures/ not enough time",3.0,1.9,4.6,percent,percent,E
2019,2019,Newfoundland and Labrador,Males,65 years and over,"Main source of stress in day-to-day life, work",3.1,1.8,5.2,percent,percent,E
2019,2019,Newfoundland and Labrador,Males,"Total, 12 years and over","Ability to handle the day-to-day demands in life, good or excellent",88.8,85.2,91.6,percent,percent,
2019,2019,Newfoundland and Labrador,Males,"Total, 12 years and over","Ability to handle unexpected and difficult problems, good or excellent",81.3,77.1,84.9,percent,percent,
2019,2019,Newfoundland and Labrador,Males,"Total, 12 years and over","Main source of stress in day-to-day life, family",13.1,10.1,16.9,percent,percent,
2019,2019,Newfoundland and Labrador,Males,"Total, 12 years and over","Main source of stress in day-to-day life, financial concerns",19.8,16.4,23.7,percent,percent,
2019,2019,Newfoundland and Labrador,Males,"Total, 12 years and over","Main source of stress in day-to-day life, health",12.3,10.1,15.0,percent,percent,
2019,2019,Newfoundland and Labrador,Males,"Total, 12 years and over","Main source of stress in day-to-day life, none",17.6,14.4,21.2,percent,percent,
2019,2019,Newfoundland and Labrador,Males,"Total, 12 years and over","Main source of stress in day-to-day life, other",1.9,1.0,3.5,percent,percent,E
2019,2019,Newfoundland and Labrador,Males,"Total, 12 years and over","Main source of stress in day-to-day life, school work (12 to 34 years old)",16.8,12.0,23.0,percent,percent,E
2019,2019,Newfoundland and Labrador,Males,"Total, 12 years and over","Main source of stress in day-to-day life, time pressures/ not enough time",7.2,5.2,9.9,percent,percent,E
2019,2019,Newfoundland and Labrador,Males,"Total, 12 years and over","Main source of stress in day-to-day life, work",23.3,19.2,28.0,percent,percent,
2019,2019,Nova Scotia,Both sexes,12 to 17 years,"Ability to handle the day-to-day demands in life, good or excellent",89.3,82.0,93.9,percent,percent,
2019,2019,Nova Scotia,Both sexes,12 to 17 years,"Ability to handle unexpected and difficult problems, good or excellent",74.0,64.4,81.7,percent,percent,
2019,2019,Nova Scotia,Both sexes,12 to 17 years,"Main source of stress in day-to-day life, none",7.7,4.1,14.1,percent,percent,E
2019,2019,Nova Scotia,Both sexes,12 to 17 years,"Main source of stress in day-to-day life, school work (12 to 34 years old)",70.1,60.7,78.1,percent,percent,
2019,2019,Nova Scotia,Both sexes,12 to 17 years,"Main source of stress in day-to-day life, time pressures/ not enough time",8.8,4.8,15.6,percent,percent,E
2019,2019,Nova Scotia,Both sexes,18 to 34 years,"Ability to handle the day-to-day demands in life, good or excellent",87.3,82.1,91.1,percent,percent,
2019,2019,Nova Scotia,Both sexes,18 to 34 years,"Ability to handle unexpected and difficult problems, good or excellent",73.1,66.3,78.9,percent,percent,
2019,2019,Nova Scotia,Both sexes,18 to 34 years,"Main source of stress in day-to-day life, family",8.7,5.5,13.5,percent,percent,E
2019,2019,Nova Scotia,Both sexes,18 to 34 years,"Main source of stress in day-to-day life, financial concerns",27.3,21.5,34.1,percent,percent,
2019,2019,Nova Scotia,Both sexes,18 to 34 years,"Main source of stress in day-to-day life, health",3.4,1.7,6.4,percent,percent,E
2019,2019,Nova Scotia,Both sexes,18 to 34 years,"Main source of stress in day-to-day life, none",2.3,1.2,4.4,percent,percent,E
2019,2019,Nova Scotia,Both sexes,18 to 34 years,"Main source of stress in day-to-day life, other",3.7,2.0,6.9,percent,percent,E
2019,2019,Nova Scotia,Both sexes,18 to 34 years,"Main source of stress in day-to-day life, school work (12 to 34 years old)",17.8,12.7,24.4,percent,percent,E
2019,2019,Nova Scotia,Both sexes,18 to 34 years,"Main source of stress in day-to-day life, time pressures/ not enough time",14.5,10.2,20.2,percent,percent,E
2019,2019,Nova Scotia,Both sexes,18 to 34 years,"Main source of stress in day-to-day life, work",22.3,17.2,28.3,percent,percent,
2019,2019,Nova Scotia,Both sexes,35 to 49 years,"Ability to handle the day-to-day demands in life, good or excellent",88.3,83.8,91.7,percent,percent,
2019,2019,Nova Scotia,Both sexes,35 to 49 years,"Ability to handle unexpected and difficult problems, good or excellent",84.6,79.3,88.7,percent,percent,
2019,2019,Nova Scotia,Both sexes,35 to 49 years,"Main source of stress in day-to-day life, family",15.6,11.5,21.0,percent,percent,E
2019,2019,Nova Scotia,Both sexes,35 to 49 years,"Main source of stress in day-to-day life, financial concerns",28.3,22.8,34.5,percent,percent,
2019,2019,Nova Scotia,Both sexes,35 to 49 years,"Main source of stress in day-to-day life, health",4.4,2.4,8.0,percent,percent,E
2019,2019,Nova Scotia,Both sexes,35 to 49 years,"Main source of stress in day-to-day life, time pressures/ not enough time",13.0,9.3,17.8,percent,percent,E
2019,2019,Nova Scotia,Both sexes,35 to 49 years,"Main source of stress in day-to-day life, work",32.7,27.1,38.8,percent,percent,
2019,2019,Nova Scotia,Both sexes,50 to 64 years,"Ability to handle the day-to-day demands in life, good or excellent",91.3,88.2,93.7,percent,percent,
2019,2019,Nova Scotia,Both sexes,50 to 64 years,"Ability to handle unexpected and difficult problems, good or excellent",84.5,80.0,88.2,percent,percent,
2019,2019,Nova Scotia,Both sexes,50 to 64 years,"Main source of stress in day-to-day life, family",22.8,19.1,26.9,percent,percent,
2019,2019,Nova Scotia,Both sexes,50 to 64 years,"Main source of stress in day-to-day life, financial concerns",19.9,16.1,24.3,percent,percent,
2019,2019,Nova Scotia,Both sexes,50 to 64 years,"Main source of stress in day-to-day life, health",11.6,8.6,15.5,percent,percent,E
2019,2019,Nova Scotia,Both sexes,50 to 64 years,"Main source of stress in day-to-day life, none",11.1,8.2,14.9,percent,percent,E
2019,2019,Nova Scotia,Both sexes,50 to 64 years,"Main source of stress in day-to-day life, other",2.1,1.1,3.9,percent,percent,E
2019,2019,Nova Scotia,Both sexes,50 to 64 years,"Main source of stress in day-to-day life, time pressures/ not enough time",5.5,3.7,8.0,percent,percent,E
2019,2019,Nova Scotia,Both sexes,50 to 64 years,"Main source of stress in day-to-day life, work",27.0,22.7,31.9,percent,percent,
2019,2019,Nova Scotia,Both sexes,65 years and over,"Ability to handle the day-to-day demands in life, good or excellent",92.1,90.2,93.6,percent,percent,
2019,2019,Nova Scotia,Both sexes,65 years and over,"Ability to handle unexpected and difficult problems, good or excellent",87.5,85.5,89.2,percent,percent,
2019,2019,Nova Scotia,Both sexes,65 years and over,"Main source of stress in day-to-day life, family",28.2,25.9,30.7,percent,percent,
2019,2019,Nova Scotia,Both sexes,65 years and over,"Main source of stress in day-to-day life, financial concerns",12.2,10.5,14.1,percent,percent,
2019,2019,Nova Scotia,Both sexes,65 years and over,"Main source of stress in day-to-day life, health",16.8,14.9,19.0,percent,percent,
2019,2019,Nova Scotia,Both sexes,65 years and over,"Main source of stress in day-to-day life, none",26.4,23.9,29.2,percent,percent,
2019,2019,Nova Scotia,Both sexes,65 years and over,"Main source of stress in day-to-day life, other",5.6,4.5,6.9,percent,percent,
2019,2019,Nova Scotia,Both sexes,65 years and over,"Main source of stress in day-to-day life, time pressures/ not enough time",5.0,4.0,6.4,percent,percent,
2019,2019,Nova Scotia,Both sexes,65 years and over,"Main source of stress in day-to-day life, work",5.7,4.4,7.4,percent,percent,
2019,2019,Nova Scotia,Both sexes,"Total, 12 years and over","Ability to handle the day-to-day demands in life, good or excellent",89.8,87.9,91.4,percent,percent,
2019,2019,Nova Scotia,Both sexes,"Total, 12 years and over","Ability to handle unexpected and difficult problems, good or excellent",81.8,79.3,84.0,percent,percent,
2019,2019,Nova Scotia,Both sexes,"Total, 12 years and over","Main source of stress in day-to-day life, family",18.2,16.3,20.2,percent,percent,
2019,2019,Nova Scotia,Both sexes,"Total, 12 years and over","Main source of stress in day-to-day life, financial concerns",20.5,18.3,22.9,percent,percent,
2019,2019,Nova Scotia,Both sexes,"Total, 12 years and over","Main source of stress in day-to-day life, health",8.7,7.5,10.1,percent,percent,
2019,2019,Nova Scotia,Both sexes,"Total, 12 years and over","Main source of stress in day-to-day life, none",10.5,9.3,11.8,percent,percent,
2019,2019,Nova Scotia,Both sexes,"Total, 12 years and over","Main source of stress in day-to-day life, other",3.4,2.7,4.4,percent,percent,
2019,2019,Nova Scotia,Both sexes,"Total, 12 years and over","Main source of stress in day-to-day life, school work (12 to 34 years old)",28.3,23.5,33.5,percent,percent,
2019,2019,Nova Scotia,Both sexes,"Total, 12 years and over","Main source of stress in day-to-day life, time pressures/ not enough time",9.3,7.8,11.1,percent,percent,
2019,2019,Nova Scotia,Both sexes,"Total, 12 years and over","Main source of stress in day-to-day life, work",20.7,18.7,23.0,percent,percent,
2019,2019,Nova Scotia,Females,12 to 17 years,"Ability to handle the day-to-day demands in life, good or excellent",86.7,74.9,93.5,percent,percent,
2019,2019,Nova Scotia,Females,12 to 17 years,"Ability to handle unexpected and difficult problems, good or excellent",73.4,59.7,83.7,percent,percent,
2019,2019,Nova Scotia,Females,12 to 17 years,"Main source of stress in day-to-day life, school work (12 to 34 years old)",72.2,58.8,82.5,percent,percent,
2019,2019,Nova Scotia,Females,18 to 34 years,"Ability to handle the day-to-day demands in life, good or excellent",85.7,78.0,91.0,percent,percent,
2019,2019,Nova Scotia,Females,18 to 34 years,"Ability to handle unexpected and difficult problems, good or excellent",67.3,58.2,75.3,percent,percent,
2019,2019,Nova Scotia,Females,18 to 34 years,"Main source of stress in day-to-day life, family",8.9,5.5,14.3,percent,percent,E
2019,2019,Nova Scotia,Females,18 to 34 years,"Main source of stress in day-to-day life, financial concerns",33.8,25.5,43.2,percent,percent,
2019,2019,Nova Scotia,Females,18 to 34 years,"Main source of stress in day-to-day life, school work (12 to 34 years old)",19.8,13.3,28.4,percent,percent,E
2019,2019,Nova Scotia,Females,18 to 34 years,"Main source of stress in day-to-day life, time pressures/ not enough time",10.4,6.2,17.0,percent,percent,E
2019,2019,Nova Scotia,Females,18 to 34 years,"Main source of stress in day-to-day life, work",15.1,9.9,22.5,percent,percent,E
2019,2019,Nova Scotia,Females,35 to 49 years,"Ability to handle the day-to-day demands in life, good or excellent",88.4,82.6,92.4,percent,percent,
2019,2019,Nova Scotia,Females,35 to 49 years,"Ability to handle unexpected and difficult problems, good or excellent",85.6,77.8,91.0,percent,percent,
2019,2019,Nova Scotia,Females,35 to 49 years,"Main source of stress in day-to-day life, family",17.9,12.3,25.3,percent,percent,E
2019,2019,Nova Scotia,Females,35 to 49 years,"Main source of stress in day-to-day life, financial concerns",23.5,17.4,31.0,percent,percent,
2019,2019,Nova Scotia,Females,35 to 49 years,"Main source of stress in day-to-day life, time pressures/ not enough time",17.7,11.9,25.4,percent,percent,E
2019,2019,Nova Scotia,Females,35 to 49 years,"Main source of stress in day-to-day life, work",31.9,24.3,40.6,percent,percent,
2019,2019,Nova Scotia,Females,50 to 64 years,"Ability to handle the day-to-day demands in life, good or excellent",91.3,86.9,94.3,percent,percent,
2019,2019,Nova Scotia,Females,50 to 64 years,"Ability to handle unexpected and difficult problems, good or excellent",82.6,76.5,87.4,percent,percent,
2019,2019,Nova Scotia,Females,50 to 64 years,"Main source of stress in day-to-day life, family",31.7,26.1,37.9,percent,percent,
2019,2019,Nova Scotia,Females,50 to 64 years,"Main source of stress in day-to-day life, financial concerns",18.7,14.0,24.4,percent,percent,
2019,2019,Nova Scotia,Females,50 to 64 years,"Main source of stress in day-to-day life, health",8.3,5.8,11.7,percent,percent,E
2019,2019,Nova Scotia,Females,50 to 64 years,"Main source of stress in day-to-day life, none",6.5,3.9,10.8,percent,percent,E
2019,2019,Nova Scotia,Females,50 to 64 years,"Main source of stress in day-to-day life, time pressures/ not enough time",7.2,4.4,11.7,percent,percent,E
2019,2019,Nova Scotia,Females,50 to 64 years,"Main source of stress in day-to-day life, work",25.1,19.2,32.1,percent,percent,
2019,2019,Nova Scotia,Females,65 years and over,"Ability to handle the day-to-day demands in life, good or excellent",91.8,89.2,93.8,percent,percent,
2019,2019,Nova Scotia,Females,65 years and over,"Ability to handle unexpected and difficult problems, good or excellent",85.8,83.0,88.3,percent,percent,
2019,2019,Nova Scotia,Females,65 years and over,"Main source of stress in day-to-day life, family",33.5,30.1,37.1,percent,percent,
2019,2019,Nova Scotia,Females,65 years and over,"Main source of stress in day-to-day life, financial concerns",11.4,9.4,13.8,percent,percent,
2019,2019,Nova Scotia,Females,65 years and over,"Main source of stress in day-to-day life, health",16.5,14.0,19.4,percent,percent,
2019,2019,Nova Scotia,Females,65 years and over,"Main source of stress in day-to-day life, none",22.1,19.2,25.3,percent,percent,
2019,2019,Nova Scotia,Females,65 years and over,"Main source of stress in day-to-day life, other",5.5,4.1,7.3,percent,percent,
2019,2019,Nova Scotia,Females,65 years and over,"Main source of stress in day-to-day life, time pressures/ not enough time",6.3,4.7,8.5,percent,percent,
2019,2019,Nova Scotia,Females,65 years and over,"Main source of stress in day-to-day life, work",4.7,3.1,7.0,percent,percent,E
2019,2019,Nova Scotia,Females,"Total, 12 years and over","Ability to handle the day-to-day demands in life, good or excellent",89.2,86.7,91.3,percent,percent,
2019,2019,Nova Scotia,Females,"Total, 12 years and over","Ability to handle unexpected and difficult problems, good or excellent",79.9,76.5,82.9,percent,percent,
2019,2019,Nova Scotia,Females,"Total, 12 years and over","Main source of stress in day-to-day life, family",22.5,20.0,25.2,percent,percent,
2019,2019,Nova Scotia,Females,"Total, 12 years and over","Main source of stress in day-to-day life, financial concerns",20.5,17.7,23.7,percent,percent,
2019,2019,Nova Scotia,Females,"Total, 12 years and over","Main source of stress in day-to-day life, health",8.1,6.7,9.7,percent,percent,
2019,2019,Nova Scotia,Females,"Total, 12 years and over","Main source of stress in day-to-day life, none",8.3,7.0,9.7,percent,percent,
2019,2019,Nova Scotia,Females,"Total, 12 years and over","Main source of stress in day-to-day life, other",3.7,2.7,5.0,percent,percent,E
2019,2019,Nova Scotia,Females,"Total, 12 years and over","Main source of stress in day-to-day life, school work (12 to 34 years old)",29.9,23.8,36.9,percent,percent,
2019,2019,Nova Scotia,Females,"Total, 12 years and over","Main source of stress in day-to-day life, time pressures/ not enough time",9.9,7.9,12.4,percent,percent,
2019,2019,Nova Scotia,Females,"Total, 12 years and over","Main source of stress in day-to-day life, work",18.1,15.3,21.2,percent,percent,
2019,2019,Nova Scotia,Males,12 to 17 years,"Ability to handle the day-to-day demands in life, good or excellent",91.8,81.8,96.5,percent,percent,
2019,2019,Nova Scotia,Males,12 to 17 years,"Ability to handle unexpected and difficult problems, good or excellent",74.5,61.3,84.4,percent,percent,
2019,2019,Nova Scotia,Males,12 to 17 years,"Main source of stress in day-to-day life, school work (12 to 34 years old)",68.1,54.4,79.3,percent,percent,
2019,2019,Nova Scotia,Males,18 to 34 years,"Ability to handle the day-to-day demands in life, good or excellent",89.0,81.8,93.6,percent,percent,
2019,2019,Nova Scotia,Males,18 to 34 years,"Ability to handle unexpected and difficult problems, good or excellent",79.1,69.5,86.3,percent,percent,
2019,2019,Nova Scotia,Males,18 to 34 years,"Main source of stress in day-to-day life, financial concerns",20.5,13.7,29.6,percent,percent,E
2019,2019,Nova Scotia,Males,18 to 34 years,"Main source of stress in day-to-day life, school work (12 to 34 years old)",15.7,8.8,26.4,percent,percent,E
2019,2019,Nova Scotia,Males,18 to 34 years,"Main source of stress in day-to-day life, time pressures/ not enough time",18.8,11.7,28.8,percent,percent,E
2019,2019,Nova Scotia,Males,18 to 34 years,"Main source of stress in day-to-day life, work",29.7,20.7,40.6,percent,percent,E
2019,2019,Nova Scotia,Males,35 to 49 years,"Ability to handle the day-to-day demands in life, good or excellent",88.2,80.5,93.1,percent,percent,
2019,2019,Nova Scotia,Males,35 to 49 years,"Ability to handle unexpected and difficult problems, good or excellent",83.5,75.2,89.4,percent,percent,
2019,2019,Nova Scotia,Males,35 to 49 years,"Main source of stress in day-to-day life, family",13.2,7.9,21.3,percent,percent,E
2019,2019,Nova Scotia,Males,35 to 49 years,"Main source of stress in day-to-day life, financial concerns",33.6,24.8,43.6,percent,percent,
2019,2019,Nova Scotia,Males,35 to 49 years,"Main source of stress in day-to-day life, time pressures/ not enough time",7.8,4.1,14.2,percent,percent,E
2019,2019,Nova Scotia,Males,35 to 49 years,"Main source of stress in day-to-day life, work",33.5,25.1,43.2,percent,percent,
2019,2019,Nova Scotia,Males,50 to 64 years,"Ability to handle the day-to-day demands in life, good or excellent",91.4,86.7,94.5,percent,percent,
2019,2019,Nova Scotia,Males,50 to 64 years,"Ability to handle unexpected and difficult problems, good or excellent",86.6,79.6,91.4,percent,percent,
2019,2019,Nova Scotia,Males,50 to 64 years,"Main source of stress in day-to-day life, family",13.0,9.1,18.3,percent,percent,E
2019,2019,Nova Scotia,Males,50 to 64 years,"Main source of stress in day-to-day life, financial concerns",21.1,15.0,29.0,percent,percent,E
2019,2019,Nova Scotia,Males,50 to 64 years,"Main source of stress in day-to-day life, health",15.2,9.9,22.5,percent,percent,E
2019,2019,Nova Scotia,Males,50 to 64 years,"Main source of stress in day-to-day life, none",16.2,11.0,23.1,percent,percent,E
2019,2019,Nova Scotia,Males,50 to 64 years,"Main source of stress in day-to-day life, time pressures/ not enough time",3.6,2.0,6.5,percent,percent,E
2019,2019,Nova Scotia,Males,50 to 64 years,"Main source of stress in day-to-day life, work",29.1,22.5,36.8,percent,percent,
2019,2019,Nova Scotia,Males,65 years and over,"Ability to handle the day-to-day demands in life, good or excellent",92.4,89.6,94.5,percent,percent,
2019,2019,Nova Scotia,Males,65 years and over,"Ability to handle unexpected and difficult problems, good or excellent",89.5,86.6,91.8,percent,percent,
2019,2019,Nova Scotia,Males,65 years and over,"Main source of stress in day-to-day life, family",21.8,18.6,25.4,percent,percent,
2019,2019,Nova Scotia,Males,65 years and over,"Main source of stress in day-to-day life, financial concerns",13.1,10.4,16.5,percent,percent,
2019,2019,Nova Scotia,Males,65 years and over,"Main source of stress in day-to-day life, health",17.3,14.3,20.6,percent,percent,
2019,2019,Nova Scotia,Males,65 years and over,"Main source of stress in day-to-day life, none",31.7,27.5,36.2,percent,percent,
2019,2019,Nova Scotia,Males,65 years and over,"Main source of stress in day-to-day life, other",5.7,4.1,7.9,percent,percent,E
2019,2019,Nova Scotia,Males,65 years and over,"Main source of stress in day-to-day life, time pressures/ not enough time",3.5,2.2,5.5,percent,percent,E
2019,2019,Nova Scotia,Males,65 years and over,"Main source of stress in day-to-day life, work",6.9,5.0,9.6,percent,percent,E
2019,2019,Nova Scotia,Males,"Total, 12 years and over","Ability to handle the day-to-day demands in life, good or excellent",90.4,87.5,92.6,percent,percent,
2019,2019,Nova Scotia,Males,"Total, 12 years and over","Ability to handle unexpected and difficult problems, good or excellent",83.9,80.6,86.8,percent,percent,
2019,2019,Nova Scotia,Males,"Total, 12 years and over","Main source of stress in day-to-day life, family",13.4,11.0,16.3,percent,percent,
2019,2019,Nova Scotia,Males,"Total, 12 years and over","Main source of stress in day-to-day life, financial concerns",20.6,17.3,24.3,percent,percent,
2019,2019,Nova Scotia,Males,"Total, 12 years and over","Main source of stress in day-to-day life, health",9.4,7.5,11.8,percent,percent,
2019,2019,Nova Scotia,Males,"Total, 12 years and over","Main source of stress in day-to-day life, none",12.9,10.9,15.1,percent,percent,
2019,2019,Nova Scotia,Males,"Total, 12 years and over","Main source of stress in day-to-day life, other",3.1,2.1,4.6,percent,percent,E
2019,2019,Nova Scotia,Males,"Total, 12 years and over","Main source of stress in day-to-day life, school work (12 to 34 years old)",26.5,19.6,34.8,percent,percent,
2019,2019,Nova Scotia,Males,"Total, 12 years and over","Main source of stress in day-to-day life, time pressures/ not enough time",8.7,6.4,11.7,percent,percent,E
2019,2019,Nova Scotia,Males,"Total, 12 years and over","Main source of stress in day-to-day life, work",23.7,20.3,27.4,percent,percent,
2019,2019,Ontario,Both sexes,12 to 17 years,"Ability to handle the day-to-day demands in life, good or excellent",88.9,85.7,91.5,percent,percent,
2019,2019,Ontario,Both sexes,12 to 17 years,"Ability to handle unexpected and difficult problems, good or excellent",75.3,71.3,79.0,percent,percent,
2019,2019,Ontario,Both sexes,12 to 17 years,"Main source of stress in day-to-day life, family",7.1,5.2,9.7,percent,percent,E
2019,2019,Ontario,Both sexes,12 to 17 years,"Main source of stress in day-to-day life, none",10.9,8.3,14.1,percent,percent,
2019,2019,Ontario,Both sexes,12 to 17 years,"Main source of stress in day-to-day life, other",2.9,1.7,4.8,percent,percent,E
2019,2019,Ontario,Both sexes,12 to 17 years,"Main source of stress in day-to-day life, school work (12 to 34 years old)",64.4,60.1,68.4,percent,percent,
2019,2019,Ontario,Both sexes,12 to 17 years,"Main source of stress in day-to-day life, time pressures/ not enough time",8.4,6.6,10.7,percent,percent,
2019,2019,Ontario,Both sexes,12 to 17 years,"Main source of stress in day-to-day life, work",4.5,2.9,6.9,percent,percent,E
2019,2019,Ontario,Both sexes,18 to 34 years,"Ability to handle the day-to-day demands in life, good or excellent",88.3,86.4,89.9,percent,percent,
2019,2019,Ontario,Both sexes,18 to 34 years,"Ability to handle unexpected and difficult problems, good or excellent",76.8,74.4,79.1,percent,percent,
2019,2019,Ontario,Both sexes,18 to 34 years,"Main source of stress in day-to-day life, family",9.3,8.0,10.8,percent,percent,
2019,2019,Ontario,Both sexes,18 to 34 years,"Main source of stress in day-to-day life, financial concerns",24.7,22.4,27.2,percent,percent,
2019,2019,Ontario,Both sexes,18 to 34 years,"Main source of stress in day-to-day life, health",3.5,2.7,4.6,percent,percent,
2019,2019,Ontario,Both sexes,18 to 34 years,"Main source of stress in day-to-day life, none",5.5,4.5,6.8,percent,percent,
2019,2019,Ontario,Both sexes,18 to 34 years,"Main source of stress in day-to-day life, other",3.7,3.0,4.7,percent,percent,
2019,2019,Ontario,Both sexes,18 to 34 years,"Main source of stress in day-to-day life, school work (12 to 34 years old)",13.9,12.0,16.1,percent,percent,
2019,2019,Ontario,Both sexes,18 to 34 years,"Main source of stress in day-to-day life, time pressures/ not enough time",10.4,8.9,12.1,percent,percent,
2019,2019,Ontario,Both sexes,18 to 34 years,"Main source of stress in day-to-day life, work",28.8,26.4,31.4,percent,percent,
2019,2019,Ontario,Both sexes,35 to 49 years,"Ability to handle the day-to-day demands in life, good or excellent",90.8,89.3,92.1,percent,percent,
2019,2019,Ontario,Both sexes,35 to 49 years,"Ability to handle unexpected and difficult problems, good or excellent",84.1,82.1,86.0,percent,percent,
2019,2019,Ontario,Both sexes,35 to 49 years,"Main source of stress in day-to-day life, family",16.4,14.5,18.4,percent,percent,
2019,2019,Ontario,Both sexes,35 to 49 years,"Main source of stress in day-to-day life, financial concerns",22.4,20.2,24.7,percent,percent,
2019,2019,Ontario,Both sexes,35 to 49 years,"Main source of stress in day-to-day life, health",5.4,4.4,6.6,percent,percent,
2019,2019,Ontario,Both sexes,35 to 49 years,"Main source of stress in day-to-day life, none",7.7,6.4,9.4,percent,percent,
2019,2019,Ontario,Both sexes,35 to 49 years,"Main source of stress in day-to-day life, other",3.3,2.5,4.4,percent,percent,
2019,2019,Ontario,Both sexes,35 to 49 years,"Main source of stress in day-to-day life, time pressures/ not enough time",14.1,12.3,16.1,percent,percent,
2019,2019,Ontario,Both sexes,35 to 49 years,"Main source of stress in day-to-day life, work",30.0,27.7,32.4,percent,percent,
2019,2019,Ontario,Both sexes,50 to 64 years,"Ability to handle the day-to-day demands in life, good or excellent",91.8,90.2,93.1,percent,percent,
2019,2019,Ontario,Both sexes,50 to 64 years,"Ability to handle unexpected and difficult problems, good or excellent",87.7,86.1,89.2,percent,percent,
2019,2019,Ontario,Both sexes,50 to 64 years,"Main source of stress in day-to-day life, family",20.9,19.0,23.0,percent,percent,
2019,2019,Ontario,Both sexes,50 to 64 years,"Main source of stress in day-to-day life, financial concerns",19.5,17.5,21.6,percent,percent,
2019,2019,Ontario,Both sexes,50 to 64 years,"Main source of stress in day-to-day life, health",7.7,6.6,9.0,percent,percent,
2019,2019,Ontario,Both sexes,50 to 64 years,"Main source of stress in day-to-day life, none",11.9,10.3,13.7,percent,percent,
2019,2019,Ontario,Both sexes,50 to 64 years,"Main source of stress in day-to-day life, other",3.7,2.9,4.7,percent,percent,
2019,2019,Ontario,Both sexes,50 to 64 years,"Main source of stress in day-to-day life, time pressures/ not enough time",7.4,6.0,9.0,percent,percent,
2019,2019,Ontario,Both sexes,50 to 64 years,"Main source of stress in day-to-day life, work",28.4,26.3,30.6,percent,percent,
2019,2019,Ontario,Both sexes,65 years and over,"Ability to handle the day-to-day demands in life, good or excellent",91.8,90.6,92.8,percent,percent,
2019,2019,Ontario,Both sexes,65 years and over,"Ability to handle unexpected and difficult problems, good or excellent",88.4,87.0,89.6,percent,percent,
2019,2019,Ontario,Both sexes,65 years and over,"Main source of stress in day-to-day life, family",26.9,25.1,28.7,percent,percent,
2019,2019,Ontario,Both sexes,65 years and over,"Main source of stress in day-to-day life, financial concerns",12.6,11.3,14.0,percent,percent,
2019,2019,Ontario,Both sexes,65 years and over,"Main source of stress in day-to-day life, health",16.6,15.2,18.1,percent,percent,
2019,2019,Ontario,Both sexes,65 years and over,"Main source of stress in day-to-day life, none",30.1,28.1,32.1,percent,percent,
2019,2019,Ontario,Both sexes,65 years and over,"Main source of stress in day-to-day life, other",4.3,3.7,5.0,percent,percent,
2019,2019,Ontario,Both sexes,65 years and over,"Main source of stress in day-to-day life, time pressures/ not enough time",5.0,4.1,6.3,percent,percent,
2019,2019,Ontario,Both sexes,65 years and over,"Main source of stress in day-to-day life, work",4.5,3.7,5.5,percent,percent,
2019,2019,Ontario,Both sexes,"Total, 12 years and over","Ability to handle the day-to-day demands in life, good or excellent",90.4,89.6,91.1,percent,percent,
2019,2019,Ontario,Both sexes,"Total, 12 years and over","Ability to handle unexpected and difficult problems, good or excellent",83.1,82.2,84.1,percent,percent,
2019,2019,Ontario,Both sexes,"Total, 12 years and over","Main source of stress in day-to-day life, family",16.8,16.0,17.7,percent,percent,
2019,2019,Ontario,Both sexes,"Total, 12 years and over","Main source of stress in day-to-day life, financial concerns",18.9,18.0,20.0,percent,percent,
2019,2019,Ontario,Both sexes,"Total, 12 years and over","Main source of stress in day-to-day life, health",7.2,6.6,7.8,percent,percent,
2019,2019,Ontario,Both sexes,"Total, 12 years and over","Main source of stress in day-to-day life, none",12.5,11.7,13.3,percent,percent,
2019,2019,Ontario,Both sexes,"Total, 12 years and over","Main source of stress in day-to-day life, other",3.7,3.3,4.1,percent,percent,
2019,2019,Ontario,Both sexes,"Total, 12 years and over","Main source of stress in day-to-day life, school work (12 to 34 years old)",24.4,22.6,26.3,percent,percent,
2019,2019,Ontario,Both sexes,"Total, 12 years and over","Main source of stress in day-to-day life, time pressures/ not enough time",9.4,8.6,10.2,percent,percent,
2019,2019,Ontario,Both sexes,"Total, 12 years and over","Main source of stress in day-to-day life, work",22.8,21.7,23.9,percent,percent,
2019,2019,Ontario,Females,12 to 17 years,"Ability to handle the day-to-day demands in life, good or excellent",89.4,85.0,92.6,percent,percent,
2019,2019,Ontario,Females,12 to 17 years,"Ability to handle unexpected and difficult problems, good or excellent",68.3,61.8,74.2,percent,percent,
2019,2019,Ontario,Females,12 to 17 years,"Main source of stress in day-to-day life, family",9.7,6.6,13.9,percent,percent,E
2019,2019,Ontario,Females,12 to 17 years,"Main source of stress in day-to-day life, none",9.5,6.0,14.8,percent,percent,E
2019,2019,Ontario,Females,12 to 17 years,"Main source of stress in day-to-day life, school work (12 to 34 years old)",63.5,57.0,69.5,percent,percent,
2019,2019,Ontario,Females,12 to 17 years,"Main source of stress in day-to-day life, time pressures/ not enough time",7.8,5.4,10.9,percent,percent,E
2019,2019,Ontario,Females,18 to 34 years,"Ability to handle the day-to-day demands in life, good or excellent",87.6,84.9,89.8,percent,percent,
2019,2019,Ontario,Females,18 to 34 years,"Ability to handle unexpected and difficult problems, good or excellent",74.7,71.4,77.7,percent,percent,
2019,2019,Ontario,Females,18 to 34 years,"Main source of stress in day-to-day life, family",11.6,9.6,13.8,percent,percent,
2019,2019,Ontario,Females,18 to 34 years,"Main source of stress in day-to-day life, financial concerns",21.4,18.6,24.6,percent,percent,
2019,2019,Ontario,Females,18 to 34 years,"Main source of stress in day-to-day life, health",4.8,3.5,6.5,percent,percent,E
2019,2019,Ontario,Females,18 to 34 years,"Main source of stress in day-to-day life, none",5.4,4.1,6.9,percent,percent,
2019,2019,Ontario,Females,18 to 34 years,"Main source of stress in day-to-day life, other",3.6,2.6,4.9,percent,percent,E
2019,2019,Ontario,Females,18 to 34 years,"Main source of stress in day-to-day life, school work (12 to 34 years old)",14.2,11.6,17.3,percent,percent,
2019,2019,Ontario,Females,18 to 34 years,"Main source of stress in day-to-day life, time pressures/ not enough time",12.6,10.3,15.4,percent,percent,
2019,2019,Ontario,Females,18 to 34 years,"Main source of stress in day-to-day life, work",26.4,23.3,29.8,percent,percent,
2019,2019,Ontario,Females,35 to 49 years,"Ability to handle the day-to-day demands in life, good or excellent",90.0,87.8,91.8,percent,percent,
2019,2019,Ontario,Females,35 to 49 years,"Ability to handle unexpected and difficult problems, good or excellent",83.5,80.7,86.0,percent,percent,
2019,2019,Ontario,Females,35 to 49 years,"Main source of stress in day-to-day life, family",19.2,16.6,22.2,percent,percent,
2019,2019,Ontario,Females,35 to 49 years,"Main source of stress in day-to-day life, financial concerns",21.1,18.5,24.0,percent,percent,
2019,2019,Ontario,Females,35 to 49 years,"Main source of stress in day-to-day life, health",6.9,5.3,9.0,percent,percent,
2019,2019,Ontario,Females,35 to 49 years,"Main source of stress in day-to-day life, none",7.5,5.6,10.1,percent,percent,E
2019,2019,Ontario,Females,35 to 49 years,"Main source of stress in day-to-day life, other",3.1,2.2,4.4,percent,percent,E
2019,2019,Ontario,Females,35 to 49 years,"Main source of stress in day-to-day life, time pressures/ not enough time",15.9,13.3,18.8,percent,percent,
2019,2019,Ontario,Females,35 to 49 years,"Main source of stress in day-to-day life, work",25.7,22.8,28.9,percent,percent,
2019,2019,Ontario,Females,50 to 64 years,"Ability to handle the day-to-day demands in life, good or excellent",91.3,89.0,93.1,percent,percent,
2019,2019,Ontario,Females,50 to 64 years,"Ability to handle unexpected and difficult problems, good or excellent",87.0,84.5,89.2,percent,percent,
2019,2019,Ontario,Females,50 to 64 years,"Main source of stress in day-to-day life, family",24.5,21.7,27.5,percent,percent,
2019,2019,Ontario,Females,50 to 64 years,"Main source of stress in day-to-day life, financial concerns",18.5,15.8,21.7,percent,percent,
2019,2019,Ontario,Females,50 to 64 years,"Main source of stress in day-to-day life, health",8.6,6.9,10.7,percent,percent,
2019,2019,Ontario,Females,50 to 64 years,"Main source of stress in day-to-day life, none",10.6,8.5,13.1,percent,percent,
2019,2019,Ontario,Females,50 to 64 years,"Main source of stress in day-to-day life, other",5.1,3.8,6.8,percent,percent,E
2019,2019,Ontario,Females,50 to 64 years,"Main source of stress in day-to-day life, time pressures/ not enough time",8.2,6.4,10.5,percent,percent,
2019,2019,Ontario,Females,50 to 64 years,"Main source of stress in day-to-day life, work",24.3,21.6,27.3,percent,percent,
2019,2019,Ontario,Females,65 years and over,"Ability to handle the day-to-day demands in life, good or excellent",91.6,90.1,92.9,percent,percent,
2019,2019,Ontario,Females,65 years and over,"Ability to handle unexpected and difficult problems, good or excellent",87.4,85.5,89.2,percent,percent,
2019,2019,Ontario,Females,65 years and over,"Main source of stress in day-to-day life, family",32.6,29.9,35.3,percent,percent,
2019,2019,Ontario,Females,65 years and over,"Main source of stress in day-to-day life, financial concerns",12.0,10.3,14.0,percent,percent,
2019,2019,Ontario,Females,65 years and over,"Main source of stress in day-to-day life, health",15.6,13.8,17.6,percent,percent,
2019,2019,Ontario,Females,65 years and over,"Main source of stress in day-to-day life, none",26.6,24.0,29.3,percent,percent,
2019,2019,Ontario,Females,65 years and over,"Main source of stress in day-to-day life, other",4.6,3.7,5.7,percent,percent,
2019,2019,Ontario,Females,65 years and over,"Main source of stress in day-to-day life, time pressures/ not enough time",5.2,3.8,7.1,percent,percent,E
2019,2019,Ontario,Females,65 years and over,"Main source of stress in day-to-day life, work",3.5,2.4,4.9,percent,percent,E
2019,2019,Ontario,Females,"Total, 12 years and over","Ability to handle the day-to-day demands in life, good or excellent",89.9,88.8,90.9,percent,percent,
2019,2019,Ontario,Females,"Total, 12 years and over","Ability to handle unexpected and difficult problems, good or excellent",81.7,80.3,83.0,percent,percent,
2019,2019,Ontario,Females,"Total, 12 years and over","Main source of stress in day-to-day life, family",20.4,19.1,21.7,percent,percent,
2019,2019,Ontario,Females,"Total, 12 years and over","Main source of stress in day-to-day life, financial concerns",17.4,16.1,18.8,percent,percent,
2019,2019,Ontario,Females,"Total, 12 years and over","Main source of stress in day-to-day life, health",8.1,7.3,9.1,percent,percent,
2019,2019,Ontario,Females,"Total, 12 years and over","Main source of stress in day-to-day life, none",11.5,10.5,12.7,percent,percent,
2019,2019,Ontario,Females,"Total, 12 years and over","Main source of stress in day-to-day life, other",4.0,3.4,4.6,percent,percent,
2019,2019,Ontario,Females,"Total, 12 years and over","Main source of stress in day-to-day life, school work (12 to 34 years old)",24.2,21.6,26.9,percent,percent,
2019,2019,Ontario,Females,"Total, 12 years and over","Main source of stress in day-to-day life, time pressures/ not enough time",10.5,9.4,11.7,percent,percent,
2019,2019,Ontario,Females,"Total, 12 years and over","Main source of stress in day-to-day life, work",19.7,18.4,21.1,percent,percent,
2019,2019,Ontario,Males,12 to 17 years,"Ability to handle the day-to-day demands in life, good or excellent",88.4,83.5,92.1,percent,percent,
2019,2019,Ontario,Males,12 to 17 years,"Ability to handle unexpected and difficult problems, good or excellent",82.1,77.2,86.0,percent,percent,
2019,2019,Ontario,Males,12 to 17 years,"Main source of stress in day-to-day life, family",4.7,2.6,8.2,percent,percent,E
2019,2019,Ontario,Males,12 to 17 years,"Main source of stress in day-to-day life, none",12.2,8.9,16.4,percent,percent,E
2019,2019,Ontario,Males,12 to 17 years,"Main source of stress in day-to-day life, school work (12 to 34 years old)",65.3,59.5,70.6,percent,percent,
2019,2019,Ontario,Males,12 to 17 years,"Main source of stress in day-to-day life, time pressures/ not enough time",9.0,6.4,12.6,percent,percent,E
2019,2019,Ontario,Males,12 to 17 years,"Main source of stress in day-to-day life, work",5.0,3.1,7.7,percent,percent,E
2019,2019,Ontario,Males,18 to 34 years,"Ability to handle the day-to-day demands in life, good or excellent",89.0,86.3,91.1,percent,percent,
2019,2019,Ontario,Males,18 to 34 years,"Ability to handle unexpected and difficult problems, good or excellent",79.0,75.3,82.2,percent,percent,
2019,2019,Ontario,Males,18 to 34 years,"Main source of stress in day-to-day life, family",7.0,5.4,9.1,percent,percent,
2019,2019,Ontario,Males,18 to 34 years,"Main source of stress in day-to-day life, financial concerns",28.0,24.4,31.9,percent,percent,
2019,2019,Ontario,Males,18 to 34 years,"Main source of stress in day-to-day life, health",2.3,1.5,3.4,percent,percent,E
2019,2019,Ontario,Males,18 to 34 years,"Main source of stress in day-to-day life, none",5.7,4.3,7.6,percent,percent,
2019,2019,Ontario,Males,18 to 34 years,"Main source of stress in day-to-day life, other",3.9,2.8,5.3,percent,percent,E
2019,2019,Ontario,Males,18 to 34 years,"Main source of stress in day-to-day life, school work (12 to 34 years old)",13.7,11.1,16.8,percent,percent,
2019,2019,Ontario,Males,18 to 34 years,"Main source of stress in day-to-day life, time pressures/ not enough time",8.1,6.4,10.3,percent,percent,
2019,2019,Ontario,Males,18 to 34 years,"Main source of stress in day-to-day life, work",31.3,27.6,35.2,percent,percent,
2019,2019,Ontario,Males,35 to 49 years,"Ability to handle the day-to-day demands in life, good or excellent",91.6,89.4,93.3,percent,percent,
2019,2019,Ontario,Males,35 to 49 years,"Ability to handle unexpected and difficult problems, good or excellent",84.8,81.6,87.6,percent,percent,
2019,2019,Ontario,Males,35 to 49 years,"Main source of stress in day-to-day life, family",13.4,11.0,16.3,percent,percent,
2019,2019,Ontario,Males,35 to 49 years,"Main source of stress in day-to-day life, financial concerns",23.7,20.5,27.3,percent,percent,
2019,2019,Ontario,Males,35 to 49 years,"Main source of stress in day-to-day life, health",3.8,2.7,5.3,percent,percent,E
2019,2019,Ontario,Males,35 to 49 years,"Main source of stress in day-to-day life, none",8.0,6.2,10.3,percent,percent,
2019,2019,Ontario,Males,35 to 49 years,"Main source of stress in day-to-day life, other",3.5,2.3,5.2,percent,percent,E
2019,2019,Ontario,Males,35 to 49 years,"Main source of stress in day-to-day life, time pressures/ not enough time",12.3,9.9,15.1,percent,percent,
2019,2019,Ontario,Males,35 to 49 years,"Main source of stress in day-to-day life, work",34.5,31.2,37.8,percent,percent,
2019,2019,Ontario,Males,50 to 64 years,"Ability to handle the day-to-day demands in life, good or excellent",92.2,90.0,94.0,percent,percent,
2019,2019,Ontario,Males,50 to 64 years,"Ability to handle unexpected and difficult problems, good or excellent",88.5,86.0,90.6,percent,percent,
2019,2019,Ontario,Males,50 to 64 years,"Main source of stress in day-to-day life, family",17.3,14.6,20.5,percent,percent,
2019,2019,Ontario,Males,50 to 64 years,"Main source of stress in day-to-day life, financial concerns",20.4,17.4,23.8,percent,percent,
2019,2019,Ontario,Males,50 to 64 years,"Main source of stress in day-to-day life, health",6.7,5.4,8.4,percent,percent,
2019,2019,Ontario,Males,50 to 64 years,"Main source of stress in day-to-day life, none",13.3,10.8,16.3,percent,percent,
2019,2019,Ontario,Males,50 to 64 years,"Main source of stress in day-to-day life, other",2.3,1.6,3.2,percent,percent,E
2019,2019,Ontario,Males,50 to 64 years,"Main source of stress in day-to-day life, time pressures/ not enough time",6.5,4.8,8.7,percent,percent,E
2019,2019,Ontario,Males,50 to 64 years,"Main source of stress in day-to-day life, work",32.6,29.3,36.0,percent,percent,
2019,2019,Ontario,Males,65 years and over,"Ability to handle the day-to-day demands in life, good or excellent",92.0,90.2,93.5,percent,percent,
2019,2019,Ontario,Males,65 years and over,"Ability to handle unexpected and difficult problems, good or excellent",89.5,87.6,91.1,percent,percent,
2019,2019,Ontario,Males,65 years and over,"Main source of stress in day-to-day life, family",20.0,17.7,22.4,percent,percent,
2019,2019,Ontario,Males,65 years and over,"Main source of stress in day-to-day life, financial concerns",13.3,11.4,15.4,percent,percent,
2019,2019,Ontario,Males,65 years and over,"Main source of stress in day-to-day life, health",17.8,15.7,20.2,percent,percent,
2019,2019,Ontario,Males,65 years and over,"Main source of stress in day-to-day life, none",34.3,31.4,37.3,percent,percent,
2019,2019,Ontario,Males,65 years and over,"Main source of stress in day-to-day life, other",4.0,3.2,5.1,percent,percent,
2019,2019,Ontario,Males,65 years and over,"Main source of stress in day-to-day life, time pressures/ not enough time",4.9,3.8,6.3,percent,percent,
2019,2019,Ontario,Males,65 years and over,"Main source of stress in day-to-day life, work",5.8,4.6,7.3,percent,percent,
2019,2019,Ontario,Males,"Total, 12 years and over","Ability to handle the day-to-day demands in life, good or excellent",90.8,89.8,91.8,percent,percent,
2019,2019,Ontario,Males,"Total, 12 years and over","Ability to handle unexpected and difficult problems, good or excellent",84.7,83.3,86.0,percent,percent,
2019,2019,Ontario,Males,"Total, 12 years and over","Main source of stress in day-to-day life, family",13.0,11.9,14.3,percent,percent,
2019,2019,Ontario,Males,"Total, 12 years and over","Main source of stress in day-to-day life, financial concerns",20.6,19.1,22.2,percent,percent,
2019,2019,Ontario,Males,"Total, 12 years and over","Main source of stress in day-to-day life, health",6.2,5.6,7.0,percent,percent,
2019,2019,Ontario,Males,"Total, 12 years and over","Main source of stress in day-to-day life, none",13.5,12.4,14.6,percent,percent,
2019,2019,Ontario,Males,"Total, 12 years and over","Main source of stress in day-to-day life, other",3.4,2.8,4.0,percent,percent,
2019,2019,Ontario,Males,"Total, 12 years and over","Main source of stress in day-to-day life, school work (12 to 34 years old)",24.6,22.1,27.3,percent,percent,
2019,2019,Ontario,Males,"Total, 12 years and over","Main source of stress in day-to-day life, time pressures/ not enough time",8.2,7.2,9.2,percent,percent,
2019,2019,Ontario,Males,"Total, 12 years and over","Main source of stress in day-to-day life, work",26.0,24.4,27.6,percent,percent,
2019,2019,Prince Edward Island,Both sexes,12 to 17 years,"Ability to handle the day-to-day demands in life, good or excellent",93.5,85.9,97.1,percent,percent,
2019,2019,Prince Edward Island,Both sexes,12 to 17 years,"Ability to handle unexpected and difficult problems, good or excellent",68.2,56.5,78.0,percent,percent,
2019,2019,Prince Edward Island,Both sexes,12 to 17 years,"Main source of stress in day-to-day life, school work (12 to 34 years old)",68.0,56.9,77.3,percent,percent,
2019,2019,Prince Edward Island,Both sexes,12 to 17 years,"Main source of stress in day-to-day life, time pressures/ not enough time",13.8,7.7,23.5,percent,percent,E
2019,2019,Prince Edward Island,Both sexes,18 to 34 years,"Ability to handle the day-to-day demands in life, good or excellent",83.9,75.3,89.8,percent,percent,
2019,2019,Prince Edward Island,Both sexes,18 to 34 years,"Ability to handle unexpected and difficult problems, good or excellent",71.0,61.5,78.9,percent,percent,
2019,2019,Prince Edward Island,Both sexes,18 to 34 years,"Main source of stress in day-to-day life, family",11.2,6.5,18.5,percent,percent,E
2019,2019,Prince Edward Island,Both sexes,18 to 34 years,"Main source of stress in day-to-day life, financial concerns",31.1,23.0,40.6,percent,percent,
2019,2019,Prince Edward Island,Both sexes,18 to 34 years,"Main source of stress in day-to-day life, school work (12 to 34 years old)",8.1,4.4,14.5,percent,percent,E
2019,2019,Prince Edward Island,Both sexes,18 to 34 years,"Main source of stress in day-to-day life, work",28.5,20.4,38.2,percent,percent,E
2019,2019,Prince Edward Island,Both sexes,35 to 49 years,"Ability to handle the day-to-day demands in life, good or excellent",91.7,85.8,95.3,percent,percent,
2019,2019,Prince Edward Island,Both sexes,35 to 49 years,"Ability to handle unexpected and difficult problems, good or excellent",84.6,77.5,89.8,percent,percent,
2019,2019,Prince Edward Island,Both sexes,35 to 49 years,"Main source of stress in day-to-day life, family",14.6,9.7,21.5,percent,percent,E
2019,2019,Prince Edward Island,Both sexes,35 to 49 years,"Main source of stress in day-to-day life, financial concerns",27.5,20.1,36.3,percent,percent,E
2019,2019,Prince Edward Island,Both sexes,35 to 49 years,"Main source of stress in day-to-day life, time pressures/ not enough time",15.6,9.9,23.7,percent,percent,E
2019,2019,Prince Edward Island,Both sexes,35 to 49 years,"Main source of stress in day-to-day life, work",29.5,21.9,38.4,percent,percent,
2019,2019,Prince Edward Island,Both sexes,50 to 64 years,"Ability to handle the day-to-day demands in life, good or excellent",89.4,82.7,93.7,percent,percent,
2019,2019,Prince Edward Island,Both sexes,50 to 64 years,"Ability to handle unexpected and difficult problems, good or excellent",87.3,80.2,92.0,percent,percent,
2019,2019,Prince Edward Island,Both sexes,50 to 64 years,"Main source of stress in day-to-day life, family",19.7,13.6,27.5,percent,percent,E
2019,2019,Prince Edward Island,Both sexes,50 to 64 years,"Main source of stress in day-to-day life, financial concerns",16.0,10.5,23.7,percent,percent,E
2019,2019,Prince Edward Island,Both sexes,50 to 64 years,"Main source of stress in day-to-day life, health",11.6,7.3,17.9,percent,percent,E
2019,2019,Prince Edward Island,Both sexes,50 to 64 years,"Main source of stress in day-to-day life, none",14.1,9.0,21.4,percent,percent,E
2019,2019,Prince Edward Island,Both sexes,50 to 64 years,"Main source of stress in day-to-day life, time pressures/ not enough time",7.9,4.3,14.4,percent,percent,E
2019,2019,Prince Edward Island,Both sexes,50 to 64 years,"Main source of stress in day-to-day life, work",26.8,19.3,35.8,percent,percent,E
2019,2019,Prince Edward Island,Both sexes,65 years and over,"Ability to handle the day-to-day demands in life, good or excellent",91.6,89.4,93.4,percent,percent,
2019,2019,Prince Edward Island,Both sexes,65 years and over,"Ability to handle unexpected and difficult problems, good or excellent",86.4,84.0,88.4,percent,percent,
2019,2019,Prince Edward Island,Both sexes,65 years and over,"Main source of stress in day-to-day life, family",28.9,25.8,32.3,percent,percent,
2019,2019,Prince Edward Island,Both sexes,65 years and over,"Main source of stress in day-to-day life, financial concerns",13.9,11.8,16.2,percent,percent,
2019,2019,Prince Edward Island,Both sexes,65 years and over,"Main source of stress in day-to-day life, health",15.0,12.8,17.4,percent,percent,
2019,2019,Prince Edward Island,Both sexes,65 years and over,"Main source of stress in day-to-day life, none",29.0,26.2,32.0,percent,percent,
2019,2019,Prince Edward Island,Both sexes,65 years and over,"Main source of stress in day-to-day life, other",3.5,2.6,4.7,percent,percent,E
2019,2019,Prince Edward Island,Both sexes,65 years and over,"Main source of stress in day-to-day life, time pressures/ not enough time",4.1,3.1,5.6,percent,percent,E
2019,2019,Prince Edward Island,Both sexes,65 years and over,"Main source of stress in day-to-day life, work",5.6,4.2,7.4,percent,percent,
2019,2019,Prince Edward Island,Both sexes,"Total, 12 years and over","Ability to handle the day-to-day demands in life, good or excellent",89.3,86.4,91.6,percent,percent,
2019,2019,Prince Edward Island,Both sexes,"Total, 12 years and over","Ability to handle unexpected and difficult problems, good or excellent",81.2,77.9,84.0,percent,percent,
2019,2019,Prince Edward Island,Both sexes,"Total, 12 years and over","Main source of stress in day-to-day life, family",17.1,14.5,20.0,percent,percent,
2019,2019,Prince Edward Island,Both sexes,"Total, 12 years and over","Main source of stress in day-to-day life, financial concerns",20.7,17.5,24.2,percent,percent,
2019,2019,Prince Edward Island,Both sexes,"Total, 12 years and over","Main source of stress in day-to-day life, health",8.2,6.4,10.3,percent,percent,
2019,2019,Prince Edward Island,Both sexes,"Total, 12 years and over","Main source of stress in day-to-day life, none",12.4,10.3,14.8,percent,percent,
2019,2019,Prince Edward Island,Both sexes,"Total, 12 years and over","Main source of stress in day-to-day life, other",3.6,2.4,5.3,percent,percent,E
2019,2019,Prince Edward Island,Both sexes,"Total, 12 years and over","Main source of stress in day-to-day life, school work (12 to 34 years old)",21.5,17.3,26.3,percent,percent,
2019,2019,Prince Edward Island,Both sexes,"Total, 12 years and over","Main source of stress in day-to-day life, time pressures/ not enough time",9.0,6.9,11.6,percent,percent,
2019,2019,Prince Edward Island,Both sexes,"Total, 12 years and over","Main source of stress in day-to-day life, work",21.7,18.5,25.4,percent,percent,
2019,2019,Prince Edward Island,Females,12 to 17 years,"Ability to handle the day-to-day demands in life, good or excellent",90.9,77.5,96.6,percent,percent,
2019,2019,Prince Edward Island,Females,12 to 17 years,"Ability to handle unexpected and difficult problems, good or excellent",66.3,49.1,80.0,percent,percent,
2019,2019,Prince Edward Island,Females,12 to 17 years,"Main source of stress in day-to-day life, school work (12 to 34 years old)",82.2,65.6,91.8,percent,percent,
2019,2019,Prince Edward Island,Females,18 to 34 years,"Ability to handle the day-to-day demands in life, good or excellent",88.0,76.6,94.3,percent,percent,
2019,2019,Prince Edward Island,Females,18 to 34 years,"Ability to handle unexpected and difficult problems, good or excellent",68.8,54.9,79.9,percent,percent,
2019,2019,Prince Edward Island,Females,18 to 34 years,"Main source of stress in day-to-day life, family",18.0,9.6,31.3,percent,percent,E
2019,2019,Prince Edward Island,Females,18 to 34 years,"Main source of stress in day-to-day life, financial concerns",26.0,16.0,39.3,percent,percent,E
2019,2019,Prince Edward Island,Females,18 to 34 years,"Main source of stress in day-to-day life, work",22.1,12.7,35.5,percent,percent,E
2019,2019,Prince Edward Island,Females,35 to 49 years,"Ability to handle the day-to-day demands in life, good or excellent",89.0,79.3,94.5,percent,percent,
2019,2019,Prince Edward Island,Females,35 to 49 years,"Ability to handle unexpected and difficult problems, good or excellent",80.6,70.5,87.9,percent,percent,
2019,2019,Prince Edward Island,Females,35 to 49 years,"Main source of stress in day-to-day life, family",24.6,15.6,36.6,percent,percent,E
2019,2019,Prince Edward Island,Females,35 to 49 years,"Main source of stress in day-to-day life, financial concerns",18.5,11.1,29.1,percent,percent,E
2019,2019,Prince Edward Island,Females,35 to 49 years,"Main source of stress in day-to-day life, time pressures/ not enough time",19.5,11.7,30.8,percent,percent,E
2019,2019,Prince Edward Island,Females,35 to 49 years,"Main source of stress in day-to-day life, work",27.9,18.7,39.4,percent,percent,E
2019,2019,Prince Edward Island,Females,50 to 64 years,"Ability to handle the day-to-day demands in life, good or excellent",92.7,83.9,96.8,percent,percent,
2019,2019,Prince Edward Island,Females,50 to 64 years,"Ability to handle unexpected and difficult problems, good or excellent",86.3,75.9,92.7,percent,percent,
2019,2019,Prince Edward Island,Females,50 to 64 years,"Main source of stress in day-to-day life, family",25.6,16.5,37.3,percent,percent,E
2019,2019,Prince Edward Island,Females,50 to 64 years,"Main source of stress in day-to-day life, financial concerns",15.6,8.8,26.2,percent,percent,E
2019,2019,Prince Edward Island,Females,50 to 64 years,"Main source of stress in day-to-day life, health",13.5,7.5,23.2,percent,percent,E
2019,2019,Prince Edward Island,Females,50 to 64 years,"Main source of stress in day-to-day life, none",17.1,9.8,28.2,percent,percent,E
2019,2019,Prince Edward Island,Females,50 to 64 years,"Main source of stress in day-to-day life, work",18.3,10.4,30.1,percent,percent,E
2019,2019,Prince Edward Island,Females,65 years and over,"Ability to handle the day-to-day demands in life, good or excellent",91.6,88.4,93.9,percent,percent,
2019,2019,Prince Edward Island,Females,65 years and over,"Ability to handle unexpected and difficult problems, good or excellent",84.7,81.4,87.5,percent,percent,
2019,2019,Prince Edward Island,Females,65 years and over,"Main source of stress in day-to-day life, family",34.1,30.1,38.3,percent,percent,
2019,2019,Prince Edward Island,Females,65 years and over,"Main source of stress in day-to-day life, financial concerns",12.1,9.6,15.1,percent,percent,
2019,2019,Prince Edward Island,Females,65 years and over,"Main source of stress in day-to-day life, health",14.9,12.3,17.9,percent,percent,
2019,2019,Prince Edward Island,Females,65 years and over,"Main source of stress in day-to-day life, none",27.3,23.8,31.2,percent,percent,
2019,2019,Prince Edward Island,Females,65 years and over,"Main source of stress in day-to-day life, other",4.1,2.7,6.2,percent,percent,E
2019,2019,Prince Edward Island,Females,65 years and over,"Main source of stress in day-to-day life, time pressures/ not enough time",4.4,2.9,6.6,percent,percent,E
2019,2019,Prince Edward Island,Females,65 years and over,"Main source of stress in day-to-day life, work",3.0,1.8,5.1,percent,percent,E
2019,2019,Prince Edward Island,Females,"Total, 12 years and over","Ability to handle the day-to-day demands in life, good or excellent",90.4,86.7,93.2,percent,percent,
2019,2019,Prince Edward Island,Females,"Total, 12 years and over","Ability to handle unexpected and difficult problems, good or excellent",79.3,74.9,83.2,percent,percent,
2019,2019,Prince Edward Island,Females,"Total, 12 years and over","Main source of stress in day-to-day life, family",24.0,19.8,28.8,percent,percent,
2019,2019,Prince Edward Island,Females,"Total, 12 years and over","Main source of stress in day-to-day life, financial concerns",16.8,13.1,21.4,percent,percent,
2019,2019,Prince Edward Island,Females,"Total, 12 years and over","Main source of stress in day-to-day life, health",8.8,6.5,11.7,percent,percent,E
2019,2019,Prince Edward Island,Females,"Total, 12 years and over","Main source of stress in day-to-day life, none",12.1,9.4,15.5,percent,percent,
2019,2019,Prince Edward Island,Females,"Total, 12 years and over","Main source of stress in day-to-day life, other",3.4,1.9,6.1,percent,percent,E
2019,2019,Prince Edward Island,Females,"Total, 12 years and over","Main source of stress in day-to-day life, school work (12 to 34 years old)",29.6,22.0,38.5,percent,percent,
2019,2019,Prince Edward Island,Females,"Total, 12 years and over","Main source of stress in day-to-day life, time pressures/ not enough time",8.2,5.7,11.5,percent,percent,E
2019,2019,Prince Edward Island,Females,"Total, 12 years and over","Main source of stress in day-to-day life, work",16.8,13.0,21.4,percent,percent,
2019,2019,Prince Edward Island,Males,12 to 17 years,"Ability to handle the day-to-day demands in life, good or excellent",95.8,84.7,98.9,percent,percent,
2019,2019,Prince Edward Island,Males,12 to 17 years,"Ability to handle unexpected and difficult problems, good or excellent",69.9,54.0,82.1,percent,percent,
2019,2019,Prince Edward Island,Males,12 to 17 years,"Main source of stress in day-to-day life, school work (12 to 34 years old)",55.4,39.7,70.1,percent,percent,
2019,2019,Prince Edward Island,Males,18 to 34 years,"Ability to handle the day-to-day demands in life, good or excellent",80.0,66.8,88.8,percent,percent,
2019,2019,Prince Edward Island,Males,18 to 34 years,"Ability to handle unexpected and difficult problems, good or excellent",73.0,59.2,83.5,percent,percent,
2019,2019,Prince Edward Island,Males,18 to 34 years,"Main source of stress in day-to-day life, financial concerns",35.9,23.8,50.0,percent,percent,E
2019,2019,Prince Edward Island,Males,18 to 34 years,"Main source of stress in day-to-day life, work",34.4,22.5,48.8,percent,percent,E
2019,2019,Prince Edward Island,Males,35 to 49 years,"Ability to handle the day-to-day demands in life, good or excellent",94.6,85.0,98.2,percent,percent,
2019,2019,Prince Edward Island,Males,35 to 49 years,"Ability to handle unexpected and difficult problems, good or excellent",88.8,77.6,94.8,percent,percent,
2019,2019,Prince Edward Island,Males,35 to 49 years,"Main source of stress in day-to-day life, financial concerns",37.1,24.3,52.0,percent,percent,E
2019,2019,Prince Edward Island,Males,35 to 49 years,"Main source of stress in day-to-day life, work",31.2,19.6,45.7,percent,percent,E
2019,2019,Prince Edward Island,Males,50 to 64 years,"Ability to handle the day-to-day demands in life, good or excellent",85.9,75.1,92.5,percent,percent,
2019,2019,Prince Edward Island,Males,50 to 64 years,"Ability to handle unexpected and difficult problems, good or excellent",88.2,77.8,94.1,percent,percent,
2019,2019,Prince Edward Island,Males,50 to 64 years,"Main source of stress in day-to-day life, family",13.5,6.8,24.9,percent,percent,E
2019,2019,Prince Edward Island,Males,50 to 64 years,"Main source of stress in day-to-day life, financial concerns",16.4,9.0,28.0,percent,percent,E
2019,2019,Prince Edward Island,Males,50 to 64 years,"Main source of stress in day-to-day life, work",35.6,23.9,49.3,percent,percent,E
2019,2019,Prince Edward Island,Males,65 years and over,"Ability to handle the day-to-day demands in life, good or excellent",91.7,88.3,94.2,percent,percent,
2019,2019,Prince Edward Island,Males,65 years and over,"Ability to handle unexpected and difficult problems, good or excellent",88.5,85.2,91.1,percent,percent,
2019,2019,Prince Edward Island,Males,65 years and over,"Main source of stress in day-to-day life, family",22.3,17.8,27.6,percent,percent,
2019,2019,Prince Edward Island,Males,65 years and over,"Main source of stress in day-to-day life, financial concerns",16.2,12.9,20.1,percent,percent,
2019,2019,Prince Edward Island,Males,65 years and over,"Main source of stress in day-to-day life, health",15.0,11.4,19.6,percent,percent,
2019,2019,Prince Edward Island,Males,65 years and over,"Main source of stress in day-to-day life, none",31.1,26.6,36.0,percent,percent,
2019,2019,Prince Edward Island,Males,65 years and over,"Main source of stress in day-to-day life, other",2.7,1.7,4.3,percent,percent,E
2019,2019,Prince Edward Island,Males,65 years and over,"Main source of stress in day-to-day life, time pressures/ not enough time",3.8,2.6,5.7,percent,percent,E
2019,2019,Prince Edward Island,Males,65 years and over,"Main source of stress in day-to-day life, work",8.8,6.3,12.3,percent,percent,E
2019,2019,Prince Edward Island,Males,"Total, 12 years and over","Ability to handle the day-to-day demands in life, good or excellent",88.1,83.5,91.6,percent,percent,
2019,2019,Prince Edward Island,Males,"Total, 12 years and over","Ability to handle unexpected and difficult problems, good or excellent",83.1,78.0,87.1,percent,percent,
2019,2019,Prince Edward Island,Males,"Total, 12 years and over","Main source of stress in day-to-day life, family",9.8,7.2,13.2,percent,percent,E
2019,2019,Prince Edward Island,Males,"Total, 12 years and over","Main source of stress in day-to-day life, financial concerns",24.7,19.8,30.4,percent,percent,
2019,2019,Prince Edward Island,Males,"Total, 12 years and over","Main source of stress in day-to-day life, health",7.5,5.1,10.9,percent,percent,E
2019,2019,Prince Edward Island,Males,"Total, 12 years and over","Main source of stress in day-to-day life, none",12.7,9.8,16.2,percent,percent,
2019,2019,Prince Edward Island,Males,"Total, 12 years and over","Main source of stress in day-to-day life, other",3.7,2.1,6.5,percent,percent,E
2019,2019,Prince Edward Island,Males,"Total, 12 years and over","Main source of stress in day-to-day life, school work (12 to 34 years old)",14.0,10.2,18.8,percent,percent,E
2019,2019,Prince Edward Island,Males,"Total, 12 years and over","Main source of stress in day-to-day life, time pressures/ not enough time",9.9,6.8,14.3,percent,percent,E
2019,2019,Prince Edward Island,Males,"Total, 12 years and over","Main source of stress in day-to-day life, work",27.0,21.8,32.9,percent,percent,
2019,2019,Quebec,Both sexes,12 to 17 years,"Ability to handle the day-to-day demands in life, good or excellent",91.5,89.0,93.5,percent,percent,
2019,2019,Quebec,Both sexes,12 to 17 years,"Ability to handle unexpected and difficult problems, good or excellent",80.2,76.8,83.1,percent,percent,
2019,2019,Quebec,Both sexes,12 to 17 years,"Main source of stress in day-to-day life, family",6.9,5.1,9.3,percent,percent,E
2019,2019,Quebec,Both sexes,12 to 17 years,"Main source of stress in day-to-day life, health",2.1,1.2,3.7,percent,percent,E
2019,2019,Quebec,Both sexes,12 to 17 years,"Main source of stress in day-to-day life, none",8.0,6.1,10.4,percent,percent,
2019,2019,Quebec,Both sexes,12 to 17 years,"Main source of stress in day-to-day life, other",2.9,1.8,4.6,percent,percent,E
2019,2019,Quebec,Both sexes,12 to 17 years,"Main source of stress in day-to-day life, school work (12 to 34 years old)",68.1,64.2,71.7,percent,percent,
2019,2019,Quebec,Both sexes,12 to 17 years,"Main source of stress in day-to-day life, time pressures/ not enough time",9.0,7.0,11.4,percent,percent,
2019,2019,Quebec,Both sexes,12 to 17 years,"Main source of stress in day-to-day life, work",1.8,1.1,3.0,percent,percent,E
2019,2019,Quebec,Both sexes,18 to 34 years,"Ability to handle the day-to-day demands in life, good or excellent",90.5,88.3,92.2,percent,percent,
2019,2019,Quebec,Both sexes,18 to 34 years,"Ability to handle unexpected and difficult problems, good or excellent",79.5,76.9,81.9,percent,percent,
2019,2019,Quebec,Both sexes,18 to 34 years,"Main source of stress in day-to-day life, family",9.7,8.2,11.5,percent,percent,
2019,2019,Quebec,Both sexes,18 to 34 years,"Main source of stress in day-to-day life, financial concerns",18.0,15.6,20.7,percent,percent,
2019,2019,Quebec,Both sexes,18 to 34 years,"Main source of stress in day-to-day life, health",2.8,2.1,3.8,percent,percent,E
2019,2019,Quebec,Both sexes,18 to 34 years,"Main source of stress in day-to-day life, none",3.8,2.8,5.0,percent,percent,
2019,2019,Quebec,Both sexes,18 to 34 years,"Main source of stress in day-to-day life, other",2.3,1.7,3.2,percent,percent,E
2019,2019,Quebec,Both sexes,18 to 34 years,"Main source of stress in day-to-day life, school work (12 to 34 years old)",16.5,14.2,19.0,percent,percent,
2019,2019,Quebec,Both sexes,18 to 34 years,"Main source of stress in day-to-day life, time pressures/ not enough time",15.2,13.1,17.5,percent,percent,
2019,2019,Quebec,Both sexes,18 to 34 years,"Main source of stress in day-to-day life, work",31.7,29.0,34.6,percent,percent,
2019,2019,Quebec,Both sexes,35 to 49 years,"Ability to handle the day-to-day demands in life, good or excellent",94.0,92.5,95.2,percent,percent,
2019,2019,Quebec,Both sexes,35 to 49 years,"Ability to handle unexpected and difficult problems, good or excellent",85.7,83.5,87.7,percent,percent,
2019,2019,Quebec,Both sexes,35 to 49 years,"Main source of stress in day-to-day life, family",16.6,14.5,18.9,percent,percent,
2019,2019,Quebec,Both sexes,35 to 49 years,"Main source of stress in day-to-day life, financial concerns",17.9,15.6,20.4,percent,percent,
2019,2019,Quebec,Both sexes,35 to 49 years,"Main source of stress in day-to-day life, health",5.5,4.4,6.8,percent,percent,
2019,2019,Quebec,Both sexes,35 to 49 years,"Main source of stress in day-to-day life, none",3.5,2.7,4.5,percent,percent,
2019,2019,Quebec,Both sexes,35 to 49 years,"Main source of stress in day-to-day life, other",3.1,2.2,4.3,percent,percent,E
2019,2019,Quebec,Both sexes,35 to 49 years,"Main source of stress in day-to-day life, time pressures/ not enough time",14.8,12.9,16.9,percent,percent,
2019,2019,Quebec,Both sexes,35 to 49 years,"Main source of stress in day-to-day life, work",37.5,34.8,40.2,percent,percent,
2019,2019,Quebec,Both sexes,50 to 64 years,"Ability to handle the day-to-day demands in life, good or excellent",95.0,93.9,95.9,percent,percent,
2019,2019,Quebec,Both sexes,50 to 64 years,"Ability to handle unexpected and difficult problems, good or excellent",89.3,87.7,90.7,percent,percent,
2019,2019,Quebec,Both sexes,50 to 64 years,"Main source of stress in day-to-day life, family",19.2,17.0,21.7,percent,percent,
2019,2019,Quebec,Both sexes,50 to 64 years,"Main source of stress in day-to-day life, financial concerns",12.9,11.3,14.7,percent,percent,
2019,2019,Quebec,Both sexes,50 to 64 years,"Main source of stress in day-to-day life, health",11.1,9.5,12.9,percent,percent,
2019,2019,Quebec,Both sexes,50 to 64 years,"Main source of stress in day-to-day life, none",11.2,9.6,13.0,percent,percent,
2019,2019,Quebec,Both sexes,50 to 64 years,"Main source of stress in day-to-day life, other",3.0,2.3,4.0,percent,percent,
2019,2019,Quebec,Both sexes,50 to 64 years,"Main source of stress in day-to-day life, time pressures/ not enough time",8.2,6.7,9.9,percent,percent,
2019,2019,Quebec,Both sexes,50 to 64 years,"Main source of stress in day-to-day life, work",34.1,31.3,37.0,percent,percent,
2019,2019,Quebec,Both sexes,65 years and over,"Ability to handle the day-to-day demands in life, good or excellent",93.6,92.4,94.7,percent,percent,
2019,2019,Quebec,Both sexes,65 years and over,"Ability to handle unexpected and difficult problems, good or excellent",88.5,86.9,89.9,percent,percent,
2019,2019,Quebec,Both sexes,65 years and over,"Main source of stress in day-to-day life, family",25.6,23.7,27.5,percent,percent,
2019,2019,Quebec,Both sexes,65 years and over,"Main source of stress in day-to-day life, financial concerns",10.3,9.0,11.7,percent,percent,
2019,2019,Quebec,Both sexes,65 years and over,"Main source of stress in day-to-day life, health",21.8,20.0,23.7,percent,percent,
2019,2019,Quebec,Both sexes,65 years and over,"Main source of stress in day-to-day life, none",28.3,26.3,30.3,percent,percent,
2019,2019,Quebec,Both sexes,65 years and over,"Main source of stress in day-to-day life, other",5.6,4.7,6.7,percent,percent,
2019,2019,Quebec,Both sexes,65 years and over,"Main source of stress in day-to-day life, time pressures/ not enough time",4.2,3.5,5.1,percent,percent,
2019,2019,Quebec,Both sexes,65 years and over,"Main source of stress in day-to-day life, work",4.2,3.3,5.3,percent,percent,
2019,2019,Quebec,Both sexes,"Total, 12 years and over","Ability to handle the day-to-day demands in life, good or excellent",93.1,92.4,93.7,percent,percent,
2019,2019,Quebec,Both sexes,"Total, 12 years and over","Ability to handle unexpected and difficult problems, good or excellent",85.3,84.3,86.3,percent,percent,
2019,2019,Quebec,Both sexes,"Total, 12 years and over","Main source of stress in day-to-day life, family",16.8,15.9,17.8,percent,percent,
2019,2019,Quebec,Both sexes,"Total, 12 years and over","Main source of stress in day-to-day life, financial concerns",14.0,13.0,14.9,percent,percent,
2019,2019,Quebec,Both sexes,"Total, 12 years and over","Main source of stress in day-to-day life, health",9.4,8.8,10.1,percent,percent,
2019,2019,Quebec,Both sexes,"Total, 12 years and over","Main source of stress in day-to-day life, none",11.0,10.3,11.7,percent,percent,
2019,2019,Quebec,Both sexes,"Total, 12 years and over","Main source of stress in day-to-day life, other",3.4,3.0,3.9,percent,percent,
2019,2019,Quebec,Both sexes,"Total, 12 years and over","Main source of stress in day-to-day life, school work (12 to 34 years old)",27.5,25.6,29.6,percent,percent,
2019,2019,Quebec,Both sexes,"Total, 12 years and over","Main source of stress in day-to-day life, time pressures/ not enough time",10.6,9.8,11.5,percent,percent,
2019,2019,Quebec,Both sexes,"Total, 12 years and over","Main source of stress in day-to-day life, work",25.9,24.7,27.1,percent,percent,
2019,2019,Quebec,Females,12 to 17 years,"Ability to handle the day-to-day demands in life, good or excellent",88.6,84.3,91.8,percent,percent,
2019,2019,Quebec,Females,12 to 17 years,"Ability to handle unexpected and difficult problems, good or excellent",75.0,69.7,79.7,percent,percent,
2019,2019,Quebec,Females,12 to 17 years,"Main source of stress in day-to-day life, family",7.8,5.2,11.6,percent,percent,E
2019,2019,Quebec,Females,12 to 17 years,"Main source of stress in day-to-day life, none",5.2,3.4,8.0,percent,percent,E
2019,2019,Quebec,Females,12 to 17 years,"Main source of stress in day-to-day life, school work (12 to 34 years old)",70.6,65.0,75.6,percent,percent,
2019,2019,Quebec,Females,12 to 17 years,"Main source of stress in day-to-day life, time pressures/ not enough time",8.8,6.1,12.6,percent,percent,E
2019,2019,Quebec,Females,18 to 34 years,"Ability to handle the day-to-day demands in life, good or excellent",89.1,85.8,91.8,percent,percent,
2019,2019,Quebec,Females,18 to 34 years,"Ability to handle unexpected and difficult problems, good or excellent",73.7,69.4,77.6,percent,percent,
2019,2019,Quebec,Females,18 to 34 years,"Main source of stress in day-to-day life, family",12.8,10.2,15.9,percent,percent,
2019,2019,Quebec,Females,18 to 34 years,"Main source of stress in day-to-day life, financial concerns",16.9,13.6,20.8,percent,percent,
2019,2019,Quebec,Females,18 to 34 years,"Main source of stress in day-to-day life, health",3.7,2.5,5.3,percent,percent,E
2019,2019,Quebec,Females,18 to 34 years,"Main source of stress in day-to-day life, none",2.5,1.6,3.9,percent,percent,E
2019,2019,Quebec,Females,18 to 34 years,"Main source of stress in day-to-day life, other",2.1,1.3,3.3,percent,percent,E
2019,2019,Quebec,Females,18 to 34 years,"Main source of stress in day-to-day life, school work (12 to 34 years old)",15.1,12.4,18.2,percent,percent,
2019,2019,Quebec,Females,18 to 34 years,"Main source of stress in day-to-day life, time pressures/ not enough time",17.6,14.6,21.2,percent,percent,
2019,2019,Quebec,Females,18 to 34 years,"Main source of stress in day-to-day life, work",29.3,25.6,33.2,percent,percent,
2019,2019,Quebec,Females,35 to 49 years,"Ability to handle the day-to-day demands in life, good or excellent",92.1,89.5,94.2,percent,percent,
2019,2019,Quebec,Females,35 to 49 years,"Ability to handle unexpected and difficult problems, good or excellent",84.9,81.8,87.5,percent,percent,
2019,2019,Quebec,Females,35 to 49 years,"Main source of stress in day-to-day life, family",19.8,16.6,23.5,percent,percent,
2019,2019,Quebec,Females,35 to 49 years,"Main source of stress in day-to-day life, financial concerns",17.1,14.3,20.3,percent,percent,
2019,2019,Quebec,Females,35 to 49 years,"Main source of stress in day-to-day life, health",6.1,4.6,7.9,percent,percent,
2019,2019,Quebec,Females,35 to 49 years,"Main source of stress in day-to-day life, none",3.2,2.2,4.7,percent,percent,E
2019,2019,Quebec,Females,35 to 49 years,"Main source of stress in day-to-day life, other",2.7,1.8,4.1,percent,percent,E
2019,2019,Quebec,Females,35 to 49 years,"Main source of stress in day-to-day life, time pressures/ not enough time",17.6,14.7,20.9,percent,percent,
2019,2019,Quebec,Females,35 to 49 years,"Main source of stress in day-to-day life, work",32.0,28.7,35.4,percent,percent,
2019,2019,Quebec,Females,50 to 64 years,"Ability to handle the day-to-day demands in life, good or excellent",94.4,92.8,95.6,percent,percent,
2019,2019,Quebec,Females,50 to 64 years,"Ability to handle unexpected and difficult problems, good or excellent",87.3,84.9,89.3,percent,percent,
2019,2019,Quebec,Females,50 to 64 years,"Main source of stress in day-to-day life, family",24.3,21.0,28.0,percent,percent,
2019,2019,Quebec,Females,50 to 64 years,"Main source of stress in day-to-day life, financial concerns",12.5,10.4,15.0,percent,percent,
2019,2019,Quebec,Females,50 to 64 years,"Main source of stress in day-to-day life, health",10.9,9.1,12.9,percent,percent,
2019,2019,Quebec,Females,50 to 64 years,"Main source of stress in day-to-day life, none",9.8,7.7,12.3,percent,percent,
2019,2019,Quebec,Females,50 to 64 years,"Main source of stress in day-to-day life, other",3.3,2.2,4.8,percent,percent,E
2019,2019,Quebec,Females,50 to 64 years,"Main source of stress in day-to-day life, time pressures/ not enough time",8.3,6.4,10.7,percent,percent,
2019,2019,Quebec,Females,50 to 64 years,"Main source of stress in day-to-day life, work",30.6,26.9,34.7,percent,percent,
2019,2019,Quebec,Females,65 years and over,"Ability to handle the day-to-day demands in life, good or excellent",91.9,90.0,93.6,percent,percent,
2019,2019,Quebec,Females,65 years and over,"Ability to handle unexpected and difficult problems, good or excellent",84.9,82.4,87.1,percent,percent,
2019,2019,Quebec,Females,65 years and over,"Main source of stress in day-to-day life, family",33.2,30.4,36.1,percent,percent,
2019,2019,Quebec,Females,65 years and over,"Main source of stress in day-to-day life, financial concerns",9.3,7.7,11.1,percent,percent,
2019,2019,Quebec,Females,65 years and over,"Main source of stress in day-to-day life, health",21.5,19.1,24.1,percent,percent,
2019,2019,Quebec,Females,65 years and over,"Main source of stress in day-to-day life, none",23.2,20.7,25.8,percent,percent,
2019,2019,Quebec,Females,65 years and over,"Main source of stress in day-to-day life, other",6.2,4.9,7.7,percent,percent,
2019,2019,Quebec,Females,65 years and over,"Main source of stress in day-to-day life, time pressures/ not enough time",3.7,2.7,5.0,percent,percent,E
2019,2019,Quebec,Females,65 years and over,"Main source of stress in day-to-day life, work",2.8,1.8,4.2,percent,percent,E
2019,2019,Quebec,Females,"Total, 12 years and over","Ability to handle the day-to-day demands in life, good or excellent",91.7,90.6,92.7,percent,percent,
2019,2019,Quebec,Females,"Total, 12 years and over","Ability to handle unexpected and difficult problems, good or excellent",82.2,80.7,83.6,percent,percent,
2019,2019,Quebec,Females,"Total, 12 years and over","Main source of stress in day-to-day life, family",21.5,20.0,23.1,percent,percent,
2019,2019,Quebec,Females,"Total, 12 years and over","Main source of stress in day-to-day life, financial concerns",13.2,12.0,14.5,percent,percent,
2019,2019,Quebec,Females,"Total, 12 years and over","Main source of stress in day-to-day life, health",9.9,9.0,10.8,percent,percent,
2019,2019,Quebec,Females,"Total, 12 years and over","Main source of stress in day-to-day life, none",9.3,8.4,10.3,percent,percent,
2019,2019,Quebec,Females,"Total, 12 years and over","Main source of stress in day-to-day life, other",3.5,3.0,4.1,percent,percent,
2019,2019,Quebec,Females,"Total, 12 years and over","Main source of stress in day-to-day life, school work (12 to 34 years old)",26.9,24.5,29.5,percent,percent,
2019,2019,Quebec,Females,"Total, 12 years and over","Main source of stress in day-to-day life, time pressures/ not enough time",11.6,10.5,12.8,percent,percent,
2019,2019,Quebec,Females,"Total, 12 years and over","Main source of stress in day-to-day life, work",22.4,20.8,24.0,percent,percent,
2019,2019,Quebec,Males,12 to 17 years,"Ability to handle the day-to-day demands in life, good or excellent",94.3,91.3,96.3,percent,percent,
2019,2019,Quebec,Males,12 to 17 years,"Ability to handle unexpected and difficult problems, good or excellent",85.1,80.7,88.7,percent,percent,
2019,2019,Quebec,Males,12 to 17 years,"Main source of stress in day-to-day life, family",6.0,3.8,9.4,percent,percent,E
2019,2019,Quebec,Males,12 to 17 years,"Main source of stress in day-to-day life, none",10.7,7.6,14.7,percent,percent,E
2019,2019,Quebec,Males,12 to 17 years,"Main source of stress in day-to-day life, other",2.4,1.2,4.6,percent,percent,E
2019,2019,Quebec,Males,12 to 17 years,"Main source of stress in day-to-day life, school work (12 to 34 years old)",65.7,60.1,70.8,percent,percent,
2019,2019,Quebec,Males,12 to 17 years,"Main source of stress in day-to-day life, time pressures/ not enough time",9.1,6.5,12.6,percent,percent,E
2019,2019,Quebec,Males,12 to 17 years,"Main source of stress in day-to-day life, work",3.0,1.8,5.0,percent,percent,E
2019,2019,Quebec,Males,18 to 34 years,"Ability to handle the day-to-day demands in life, good or excellent",91.8,89.0,93.9,percent,percent,
2019,2019,Quebec,Males,18 to 34 years,"Ability to handle unexpected and difficult problems, good or excellent",85.2,81.8,88.1,percent,percent,
2019,2019,Quebec,Males,18 to 34 years,"Main source of stress in day-to-day life, family",6.7,5.0,9.0,percent,percent,
2019,2019,Quebec,Males,18 to 34 years,"Main source of stress in day-to-day life, financial concerns",19.0,16.0,22.6,percent,percent,
2019,2019,Quebec,Males,18 to 34 years,"Main source of stress in day-to-day life, health",2.0,1.2,3.2,percent,percent,E
2019,2019,Quebec,Males,18 to 34 years,"Main source of stress in day-to-day life, none",5.0,3.5,7.0,percent,percent,E
2019,2019,Quebec,Males,18 to 34 years,"Main source of stress in day-to-day life, other",2.5,1.7,3.8,percent,percent,E
2019,2019,Quebec,Males,18 to 34 years,"Main source of stress in day-to-day life, school work (12 to 34 years old)",17.8,14.4,21.8,percent,percent,
2019,2019,Quebec,Males,18 to 34 years,"Main source of stress in day-to-day life, time pressures/ not enough time",12.8,10.1,16.0,percent,percent,
2019,2019,Quebec,Males,18 to 34 years,"Main source of stress in day-to-day life, work",34.2,30.0,38.6,percent,percent,
2019,2019,Quebec,Males,35 to 49 years,"Ability to handle the day-to-day demands in life, good or excellent",95.8,94.2,96.9,percent,percent,
2019,2019,Quebec,Males,35 to 49 years,"Ability to handle unexpected and difficult problems, good or excellent",86.6,83.4,89.2,percent,percent,
2019,2019,Quebec,Males,35 to 49 years,"Main source of stress in day-to-day life, family",13.4,10.7,16.8,percent,percent,
2019,2019,Quebec,Males,35 to 49 years,"Main source of stress in day-to-day life, financial concerns",18.6,15.3,22.5,percent,percent,
2019,2019,Quebec,Males,35 to 49 years,"Main source of stress in day-to-day life, health",4.9,3.5,6.9,percent,percent,E
2019,2019,Quebec,Males,35 to 49 years,"Main source of stress in day-to-day life, none",3.8,2.6,5.5,percent,percent,E
2019,2019,Quebec,Males,35 to 49 years,"Main source of stress in day-to-day life, other",3.4,2.1,5.6,percent,percent,E
2019,2019,Quebec,Males,35 to 49 years,"Main source of stress in day-to-day life, time pressures/ not enough time",12.0,9.8,14.8,percent,percent,
2019,2019,Quebec,Males,35 to 49 years,"Main source of stress in day-to-day life, work",42.8,38.7,47.0,percent,percent,
2019,2019,Quebec,Males,50 to 64 years,"Ability to handle the day-to-day demands in life, good or excellent",95.6,93.9,96.8,percent,percent,
2019,2019,Quebec,Males,50 to 64 years,"Ability to handle unexpected and difficult problems, good or excellent",91.3,89.1,93.1,percent,percent,
2019,2019,Quebec,Males,50 to 64 years,"Main source of stress in day-to-day life, family",14.2,11.5,17.4,percent,percent,
2019,2019,Quebec,Males,50 to 64 years,"Main source of stress in day-to-day life, financial concerns",13.3,10.9,16.0,percent,percent,
2019,2019,Quebec,Males,50 to 64 years,"Main source of stress in day-to-day life, health",11.4,8.9,14.4,percent,percent,
2019,2019,Quebec,Males,50 to 64 years,"Main source of stress in day-to-day life, none",12.6,10.3,15.3,percent,percent,
2019,2019,Quebec,Males,50 to 64 years,"Main source of stress in day-to-day life, other",2.8,1.9,4.0,percent,percent,E
2019,2019,Quebec,Males,50 to 64 years,"Main source of stress in day-to-day life, time pressures/ not enough time",8.1,6.0,10.7,percent,percent,
2019,2019,Quebec,Males,50 to 64 years,"Main source of stress in day-to-day life, work",37.5,33.4,41.8,percent,percent,
2019,2019,Quebec,Males,65 years and over,"Ability to handle the day-to-day demands in life, good or excellent",95.6,94.2,96.7,percent,percent,
2019,2019,Quebec,Males,65 years and over,"Ability to handle unexpected and difficult problems, good or excellent",92.8,91.0,94.3,percent,percent,
2019,2019,Quebec,Males,65 years and over,"Main source of stress in day-to-day life, family",16.4,14.2,19.0,percent,percent,
2019,2019,Quebec,Males,65 years and over,"Main source of stress in day-to-day life, financial concerns",11.4,9.4,13.9,percent,percent,
2019,2019,Quebec,Males,65 years and over,"Main source of stress in day-to-day life, health",22.1,19.5,25.0,percent,percent,
2019,2019,Quebec,Males,65 years and over,"Main source of stress in day-to-day life, none",34.3,31.2,37.6,percent,percent,
2019,2019,Quebec,Males,65 years and over,"Main source of stress in day-to-day life, other",5.0,3.6,6.8,percent,percent,E
2019,2019,Quebec,Males,65 years and over,"Main source of stress in day-to-day life, time pressures/ not enough time",4.8,3.7,6.1,percent,percent,
2019,2019,Quebec,Males,65 years and over,"Main source of stress in day-to-day life, work",5.9,4.5,7.7,percent,percent,
2019,2019,Quebec,Males,"Total, 12 years and over","Ability to handle the day-to-day demands in life, good or excellent",94.6,93.7,95.4,percent,percent,
2019,2019,Quebec,Males,"Total, 12 years and over","Ability to handle unexpected and difficult problems, good or excellent",88.5,87.2,89.7,percent,percent,
2019,2019,Quebec,Males,"Total, 12 years and over","Main source of stress in day-to-day life, family",12.0,10.8,13.4,percent,percent,
2019,2019,Quebec,Males,"Total, 12 years and over","Main source of stress in day-to-day life, financial concerns",14.7,13.4,16.1,percent,percent,
2019,2019,Quebec,Males,"Total, 12 years and over","Main source of stress in day-to-day life, health",9.0,8.1,10.1,percent,percent,
2019,2019,Quebec,Males,"Total, 12 years and over","Main source of stress in day-to-day life, none",12.7,11.7,13.8,percent,percent,
2019,2019,Quebec,Males,"Total, 12 years and over","Main source of stress in day-to-day life, other",3.3,2.7,4.0,percent,percent,
2019,2019,Quebec,Males,"Total, 12 years and over","Main source of stress in day-to-day life, school work (12 to 34 years old)",28.1,25.1,31.4,percent,percent,
2019,2019,Quebec,Males,"Total, 12 years and over","Main source of stress in day-to-day life, time pressures/ not enough time",9.6,8.5,10.8,percent,percent,
2019,2019,Quebec,Males,"Total, 12 years and over","Main source of stress in day-to-day life, work",29.4,27.6,31.3,percent,percent,
2019,2019,Saskatchewan,Both sexes,12 to 17 years,"Ability to handle the day-to-day demands in life, good or excellent",92.4,86.6,95.8,percent,percent,
2019,2019,Saskatchewan,Both sexes,12 to 17 years,"Ability to handle unexpected and difficult problems, good or excellent",71.8,62.9,79.2,percent,percent,
2019,2019,Saskatchewan,Both sexes,12 to 17 years,"Main source of stress in day-to-day life, family",6.9,3.7,12.5,percent,percent,E
2019,2019,Saskatchewan,Both sexes,12 to 17 years,"Main source of stress in day-to-day life, school work (12 to 34 years old)",67.4,58.7,75.1,percent,percent,
2019,2019,Saskatchewan,Both sexes,12 to 17 years,"Main source of stress in day-to-day life, time pressures/ not enough time",9.3,5.5,15.2,percent,percent,E
2019,2019,Saskatchewan,Both sexes,18 to 34 years,"Ability to handle the day-to-day demands in life, good or excellent",89.3,84.4,92.8,percent,percent,
2019,2019,Saskatchewan,Both sexes,18 to 34 years,"Ability to handle unexpected and difficult problems, good or excellent",78.6,72.6,83.7,percent,percent,
2019,2019,Saskatchewan,Both sexes,18 to 34 years,"Main source of stress in day-to-day life, family",18.0,12.7,25.0,percent,percent,E
2019,2019,Saskatchewan,Both sexes,18 to 34 years,"Main source of stress in day-to-day life, financial concerns",21.7,16.6,27.8,percent,percent,
2019,2019,Saskatchewan,Both sexes,18 to 34 years,"Main source of stress in day-to-day life, none",4.0,2.1,7.5,percent,percent,E
2019,2019,Saskatchewan,Both sexes,18 to 34 years,"Main source of stress in day-to-day life, school work (12 to 34 years old)",12.3,7.9,18.6,percent,percent,E
2019,2019,Saskatchewan,Both sexes,18 to 34 years,"Main source of stress in day-to-day life, time pressures/ not enough time",10.7,7.0,16.1,percent,percent,E
2019,2019,Saskatchewan,Both sexes,18 to 34 years,"Main source of stress in day-to-day life, work",27.8,21.7,34.8,percent,percent,
2019,2019,Saskatchewan,Both sexes,35 to 49 years,"Ability to handle the day-to-day demands in life, good or excellent",90.8,86.3,93.9,percent,percent,
2019,2019,Saskatchewan,Both sexes,35 to 49 years,"Ability to handle unexpected and difficult problems, good or excellent",81.5,75.5,86.3,percent,percent,
2019,2019,Saskatchewan,Both sexes,35 to 49 years,"Main source of stress in day-to-day life, family",20.1,14.7,26.8,percent,percent,E
2019,2019,Saskatchewan,Both sexes,35 to 49 years,"Main source of stress in day-to-day life, financial concerns",25.7,20.4,31.8,percent,percent,
2019,2019,Saskatchewan,Both sexes,35 to 49 years,"Main source of stress in day-to-day life, health",7.5,4.4,12.4,percent,percent,E
2019,2019,Saskatchewan,Both sexes,35 to 49 years,"Main source of stress in day-to-day life, none",5.0,2.7,9.0,percent,percent,E
2019,2019,Saskatchewan,Both sexes,35 to 49 years,"Main source of stress in day-to-day life, time pressures/ not enough time",13.4,8.9,19.6,percent,percent,E
2019,2019,Saskatchewan,Both sexes,35 to 49 years,"Main source of stress in day-to-day life, work",26.7,21.2,33.1,percent,percent,
2019,2019,Saskatchewan,Both sexes,50 to 64 years,"Ability to handle the day-to-day demands in life, good or excellent",91.9,88.2,94.5,percent,percent,
2019,2019,Saskatchewan,Both sexes,50 to 64 years,"Ability to handle unexpected and difficult problems, good or excellent",84.6,79.0,89.0,percent,percent,
2019,2019,Saskatchewan,Both sexes,50 to 64 years,"Main source of stress in day-to-day life, family",17.5,13.0,23.2,percent,percent,
2019,2019,Saskatchewan,Both sexes,50 to 64 years,"Main source of stress in day-to-day life, financial concerns",20.9,15.9,27.0,percent,percent,
2019,2019,Saskatchewan,Both sexes,50 to 64 years,"Main source of stress in day-to-day life, health",6.9,4.3,10.8,percent,percent,E
2019,2019,Saskatchewan,Both sexes,50 to 64 years,"Main source of stress in day-to-day life, none",8.3,5.1,13.2,percent,percent,E
2019,2019,Saskatchewan,Both sexes,50 to 64 years,"Main source of stress in day-to-day life, other",4.2,2.2,7.8,percent,percent,E
2019,2019,Saskatchewan,Both sexes,50 to 64 years,"Main source of stress in day-to-day life, time pressures/ not enough time",7.0,4.5,10.8,percent,percent,E
2019,2019,Saskatchewan,Both sexes,50 to 64 years,"Main source of stress in day-to-day life, work",35.0,28.7,41.7,percent,percent,
2019,2019,Saskatchewan,Both sexes,65 years and over,"Ability to handle the day-to-day demands in life, good or excellent",90.5,88.5,92.2,percent,percent,
2019,2019,Saskatchewan,Both sexes,65 years and over,"Ability to handle unexpected and difficult problems, good or excellent",82.9,80.3,85.3,percent,percent,
2019,2019,Saskatchewan,Both sexes,65 years and over,"Main source of stress in day-to-day life, family",31.0,28.1,34.0,percent,percent,
2019,2019,Saskatchewan,Both sexes,65 years and over,"Main source of stress in day-to-day life, financial concerns",15.4,13.1,18.0,percent,percent,
2019,2019,Saskatchewan,Both sexes,65 years and over,"Main source of stress in day-to-day life, health",17.6,15.4,20.0,percent,percent,
2019,2019,Saskatchewan,Both sexes,65 years and over,"Main source of stress in day-to-day life, none",20.3,18.2,22.6,percent,percent,
2019,2019,Saskatchewan,Both sexes,65 years and over,"Main source of stress in day-to-day life, other",5.3,4.0,7.0,percent,percent,
2019,2019,Saskatchewan,Both sexes,65 years and over,"Main source of stress in day-to-day life, time pressures/ not enough time",4.2,3.2,5.5,percent,percent,
2019,2019,Saskatchewan,Both sexes,65 years and over,"Main source of stress in day-to-day life, work",6.2,4.8,8.0,percent,percent,
2019,2019,Saskatchewan,Both sexes,"Total, 12 years and over","Ability to handle the day-to-day demands in life, good or excellent",90.7,88.8,92.3,percent,percent,
2019,2019,Saskatchewan,Both sexes,"Total, 12 years and over","Ability to handle unexpected and difficult problems, good or excellent",80.9,78.3,83.2,percent,percent,
2019,2019,Saskatchewan,Both sexes,"Total, 12 years and over","Main source of stress in day-to-day life, family",19.8,17.3,22.5,percent,percent,
2019,2019,Saskatchewan,Both sexes,"Total, 12 years and over","Main source of stress in day-to-day life, financial concerns",19.8,17.3,22.4,percent,percent,
2019,2019,Saskatchewan,Both sexes,"Total, 12 years and over","Main source of stress in day-to-day life, health",7.6,6.2,9.4,percent,percent,
2019,2019,Saskatchewan,Both sexes,"Total, 12 years and over","Main source of stress in day-to-day life, none",8.3,6.9,9.9,percent,percent,
2019,2019,Saskatchewan,Both sexes,"Total, 12 years and over","Main source of stress in day-to-day life, other",2.9,2.1,3.9,percent,percent,E
2019,2019,Saskatchewan,Both sexes,"Total, 12 years and over","Main source of stress in day-to-day life, school work (12 to 34 years old)",24.5,20.2,29.3,percent,percent,
2019,2019,Saskatchewan,Both sexes,"Total, 12 years and over","Main source of stress in day-to-day life, time pressures/ not enough time",9.2,7.5,11.4,percent,percent,
2019,2019,Saskatchewan,Both sexes,"Total, 12 years and over","Main source of stress in day-to-day life, work",23.5,20.9,26.3,percent,percent,
2019,2019,Saskatchewan,Females,12 to 17 years,"Ability to handle the day-to-day demands in life, good or excellent",92.8,83.9,97.0,percent,percent,
2019,2019,Saskatchewan,Females,12 to 17 years,"Ability to handle unexpected and difficult problems, good or excellent",70.8,57.7,81.1,percent,percent,
2019,2019,Saskatchewan,Females,12 to 17 years,"Main source of stress in day-to-day life, school work (12 to 34 years old)",62.9,49.6,74.4,percent,percent,
2019,2019,Saskatchewan,Females,18 to 34 years,"Ability to handle the day-to-day demands in life, good or excellent",86.4,78.7,91.6,percent,percent,
2019,2019,Saskatchewan,Females,18 to 34 years,"Ability to handle unexpected and difficult problems, good or excellent",72.1,63.4,79.5,percent,percent,
2019,2019,Saskatchewan,Females,18 to 34 years,"Main source of stress in day-to-day life, family",20.1,14.0,28.1,percent,percent,E
2019,2019,Saskatchewan,Females,18 to 34 years,"Main source of stress in day-to-day life, financial concerns",19.6,13.7,27.4,percent,percent,E
2019,2019,Saskatchewan,Females,18 to 34 years,"Main source of stress in day-to-day life, school work (12 to 34 years old)",16.1,9.7,25.4,percent,percent,E
2019,2019,Saskatchewan,Females,18 to 34 years,"Main source of stress in day-to-day life, time pressures/ not enough time",9.4,5.0,16.9,percent,percent,E
2019,2019,Saskatchewan,Females,18 to 34 years,"Main source of stress in day-to-day life, work",25.4,18.3,34.0,percent,percent,E
2019,2019,Saskatchewan,Females,35 to 49 years,"Ability to handle the day-to-day demands in life, good or excellent",87.1,78.4,92.6,percent,percent,
2019,2019,Saskatchewan,Females,35 to 49 years,"Ability to handle unexpected and difficult problems, good or excellent",76.2,66.1,83.9,percent,percent,
2019,2019,Saskatchewan,Females,35 to 49 years,"Main source of stress in day-to-day life, family",28.0,19.3,38.7,percent,percent,E
2019,2019,Saskatchewan,Females,35 to 49 years,"Main source of stress in day-to-day life, financial concerns",20.3,14.0,28.5,percent,percent,E
2019,2019,Saskatchewan,Females,35 to 49 years,"Main source of stress in day-to-day life, health",7.0,3.9,12.0,percent,percent,E
2019,2019,Saskatchewan,Females,35 to 49 years,"Main source of stress in day-to-day life, time pressures/ not enough time",19.3,12.1,29.3,percent,percent,E
2019,2019,Saskatchewan,Females,35 to 49 years,"Main source of stress in day-to-day life, work",20.9,13.8,30.3,percent,percent,E
2019,2019,Saskatchewan,Females,50 to 64 years,"Ability to handle the day-to-day demands in life, good or excellent",90.7,84.7,94.5,percent,percent,
2019,2019,Saskatchewan,Females,50 to 64 years,"Ability to handle unexpected and difficult problems, good or excellent",86.3,79.5,91.2,percent,percent,
2019,2019,Saskatchewan,Females,50 to 64 years,"Main source of stress in day-to-day life, family",22.8,16.3,31.0,percent,percent,E
2019,2019,Saskatchewan,Females,50 to 64 years,"Main source of stress in day-to-day life, financial concerns",16.6,11.3,23.7,percent,percent,E
2019,2019,Saskatchewan,Females,50 to 64 years,"Main source of stress in day-to-day life, health",9.9,5.5,17.2,percent,percent,E
2019,2019,Saskatchewan,Females,50 to 64 years,"Main source of stress in day-to-day life, none",9.4,5.3,16.3,percent,percent,E
2019,2019,Saskatchewan,Females,50 to 64 years,"Main source of stress in day-to-day life, time pressures/ not enough time",7.5,4.1,13.1,percent,percent,E
2019,2019,Saskatchewan,Females,50 to 64 years,"Main source of stress in day-to-day life, work",29.9,22.8,38.1,percent,percent,
2019,2019,Saskatchewan,Females,65 years and over,"Ability to handle the day-to-day demands in life, good or excellent",91.5,89.1,93.4,percent,percent,
2019,2019,Saskatchewan,Females,65 years and over,"Ability to handle unexpected and difficult problems, good or excellent",82.2,78.9,85.1,percent,percent,
2019,2019,Saskatchewan,Females,65 years and over,"Main source of stress in day-to-day life, family",36.6,32.7,40.7,percent,percent,
2019,2019,Saskatchewan,Females,65 years and over,"Main source of stress in day-to-day life, financial concerns",14.1,11.1,17.7,percent,percent,
2019,2019,Saskatchewan,Females,65 years and over,"Main source of stress in day-to-day life, health",17.7,15.0,20.8,percent,percent,
2019,2019,Saskatchewan,Females,65 years and over,"Main source of stress in day-to-day life, none",18.0,15.4,20.9,percent,percent,
2019,2019,Saskatchewan,Females,65 years and over,"Main source of stress in day-to-day life, other",4.7,3.3,6.6,percent,percent,E
2019,2019,Saskatchewan,Females,65 years and over,"Main source of stress in day-to-day life, time pressures/ not enough time",5.2,3.7,7.2,percent,percent,E
2019,2019,Saskatchewan,Females,65 years and over,"Main source of stress in day-to-day life, work",3.8,2.5,5.7,percent,percent,E
2019,2019,Saskatchewan,Females,"Total, 12 years and over","Ability to handle the day-to-day demands in life, good or excellent",89.0,85.9,91.5,percent,percent,
2019,2019,Saskatchewan,Females,"Total, 12 years and over","Ability to handle unexpected and difficult problems, good or excellent",78.1,74.3,81.4,percent,percent,
2019,2019,Saskatchewan,Females,"Total, 12 years and over","Main source of stress in day-to-day life, family",24.7,21.2,28.5,percent,percent,
2019,2019,Saskatchewan,Females,"Total, 12 years and over","Main source of stress in day-to-day life, financial concerns",16.8,13.9,20.1,percent,percent,
2019,2019,Saskatchewan,Females,"Total, 12 years and over","Main source of stress in day-to-day life, health",7.8,6.3,9.8,percent,percent,
2019,2019,Saskatchewan,Females,"Total, 12 years and over","Main source of stress in day-to-day life, none",8.7,6.7,11.3,percent,percent,
2019,2019,Saskatchewan,Females,"Total, 12 years and over","Main source of stress in day-to-day life, other",2.6,1.8,3.8,percent,percent,E
2019,2019,Saskatchewan,Females,"Total, 12 years and over","Main source of stress in day-to-day life, school work (12 to 34 years old)",26.7,20.5,34.0,percent,percent,
2019,2019,Saskatchewan,Females,"Total, 12 years and over","Main source of stress in day-to-day life, time pressures/ not enough time",10.4,8.0,13.4,percent,percent,
2019,2019,Saskatchewan,Females,"Total, 12 years and over","Main source of stress in day-to-day life, work",19.5,16.6,22.9,percent,percent,
2019,2019,Saskatchewan,Males,12 to 17 years,"Ability to handle the day-to-day demands in life, good or excellent",91.9,83.2,96.4,percent,percent,
2019,2019,Saskatchewan,Males,12 to 17 years,"Ability to handle unexpected and difficult problems, good or excellent",72.7,59.6,82.8,percent,percent,
2019,2019,Saskatchewan,Males,12 to 17 years,"Main source of stress in day-to-day life, school work (12 to 34 years old)",72.0,59.7,81.7,percent,percent,
2019,2019,Saskatchewan,Males,18 to 34 years,"Ability to handle the day-to-day demands in life, good or excellent",92.1,85.7,95.7,percent,percent,
2019,2019,Saskatchewan,Males,18 to 34 years,"Ability to handle unexpected and difficult problems, good or excellent",84.8,75.6,90.9,percent,percent,
2019,2019,Saskatchewan,Males,18 to 34 years,"Main source of stress in day-to-day life, family",16.0,8.7,27.6,percent,percent,E
2019,2019,Saskatchewan,Males,18 to 34 years,"Main source of stress in day-to-day life, financial concerns",23.6,16.5,32.5,percent,percent,E
2019,2019,Saskatchewan,Males,18 to 34 years,"Main source of stress in day-to-day life, time pressures/ not enough time",12.0,6.7,20.5,percent,percent,E
2019,2019,Saskatchewan,Males,18 to 34 years,"Main source of stress in day-to-day life, work",30.1,20.5,41.9,percent,percent,E
2019,2019,Saskatchewan,Males,35 to 49 years,"Ability to handle the day-to-day demands in life, good or excellent",94.3,90.6,96.6,percent,percent,
2019,2019,Saskatchewan,Males,35 to 49 years,"Ability to handle unexpected and difficult problems, good or excellent",86.7,79.3,91.7,percent,percent,
2019,2019,Saskatchewan,Males,35 to 49 years,"Main source of stress in day-to-day life, family",12.6,6.9,22.1,percent,percent,E
2019,2019,Saskatchewan,Males,35 to 49 years,"Main source of stress in day-to-day life, financial concerns",30.8,22.9,40.1,percent,percent,
2019,2019,Saskatchewan,Males,35 to 49 years,"Main source of stress in day-to-day life, work",32.3,24.4,41.3,percent,percent,
2019,2019,Saskatchewan,Males,50 to 64 years,"Ability to handle the day-to-day demands in life, good or excellent",93.1,88.1,96.1,percent,percent,
2019,2019,Saskatchewan,Males,50 to 64 years,"Ability to handle unexpected and difficult problems, good or excellent",82.9,73.8,89.3,percent,percent,
2019,2019,Saskatchewan,Males,50 to 64 years,"Main source of stress in day-to-day life, family",12.2,6.9,20.7,percent,percent,E
2019,2019,Saskatchewan,Males,50 to 64 years,"Main source of stress in day-to-day life, financial concerns",25.3,17.7,34.7,percent,percent,E
2019,2019,Saskatchewan,Males,50 to 64 years,"Main source of stress in day-to-day life, time pressures/ not enough time",6.5,3.4,12.1,percent,percent,E
2019,2019,Saskatchewan,Males,50 to 64 years,"Main source of stress in day-to-day life, work",40.0,30.0,51.0,percent,percent,
2019,2019,Saskatchewan,Males,65 years and over,"Ability to handle the day-to-day demands in life, good or excellent",89.3,85.7,92.0,percent,percent,
2019,2019,Saskatchewan,Males,65 years and over,"Ability to handle unexpected and difficult problems, good or excellent",83.8,79.8,87.1,percent,percent,
2019,2019,Saskatchewan,Males,65 years and over,"Main source of stress in day-to-day life, family",24.4,20.4,28.9,percent,percent,
2019,2019,Saskatchewan,Males,65 years and over,"Main source of stress in day-to-day life, financial concerns",16.9,13.2,21.3,percent,percent,
2019,2019,Saskatchewan,Males,65 years and over,"Main source of stress in day-to-day life, health",17.4,14.1,21.1,percent,percent,
2019,2019,Saskatchewan,Males,65 years and over,"Main source of stress in day-to-day life, none",23.0,19.5,27.0,percent,percent,
2019,2019,Saskatchewan,Males,65 years and over,"Main source of stress in day-to-day life, other",6.0,3.9,9.0,percent,percent,E
2019,2019,Saskatchewan,Males,65 years and over,"Main source of stress in day-to-day life, time pressures/ not enough time",3.0,1.9,4.8,percent,percent,E
2019,2019,Saskatchewan,Males,65 years and over,"Main source of stress in day-to-day life, work",9.1,6.5,12.5,percent,percent,E
2019,2019,Saskatchewan,Males,"Total, 12 years and over","Ability to handle the day-to-day demands in life, good or excellent",92.4,90.2,94.1,percent,percent,
2019,2019,Saskatchewan,Males,"Total, 12 years and over","Ability to handle unexpected and difficult problems, good or excellent",83.7,80.1,86.7,percent,percent,
2019,2019,Saskatchewan,Males,"Total, 12 years and over","Main source of stress in day-to-day life, family",14.9,11.4,19.1,percent,percent,
2019,2019,Saskatchewan,Males,"Total, 12 years and over","Main source of stress in day-to-day life, financial concerns",22.8,19.2,26.8,percent,percent,
2019,2019,Saskatchewan,Males,"Total, 12 years and over","Main source of stress in day-to-day life, health",7.4,5.1,10.6,percent,percent,E
2019,2019,Saskatchewan,Males,"Total, 12 years and over","Main source of stress in day-to-day life, none",7.8,6.0,10.1,percent,percent,
2019,2019,Saskatchewan,Males,"Total, 12 years and over","Main source of stress in day-to-day life, other",3.1,1.9,5.1,percent,percent,E
2019,2019,Saskatchewan,Males,"Total, 12 years and over","Main source of stress in day-to-day life, school work (12 to 34 years old)",22.3,17.0,28.8,percent,percent,
2019,2019,Saskatchewan,Males,"Total, 12 years and over","Main source of stress in day-to-day life, time pressures/ not enough time",8.1,5.8,11.2,percent,percent,E
2019,2019,Saskatchewan,Males,"Total, 12 years and over","Main source of stress in day-to-day life, work",27.5,23.5,31.9,percent,percent,
