ref_date_raw,start_year,geo,sex,age_group,indicator,value,ci_low,ci_high,uom,metric_type,quality_flag
2015,2015,Alberta,Both sexes,12 to 17 years,Consultation with a health professional about emotional or mental health,15.1,10.8,19.4,percent,percent,
2015,2015,Alberta,Both sexes,12 to 17 years,"Positive mental health, flourishing",87.9,83.9,91.8,percent,percent,
2015,2015,Alberta,Both sexes,12 to 17 years,Suicidal thoughts (15 years and over),11.6,6.4,16.7,percent,percent,E
2015,2015,Alberta,Both sexes,18 to 34 years,Consultation with a health professional about emotional or mental health,18.0,15.2,20.7,percent,percent,
2015,2015,Alberta,Both sexes,18 to 34 years,"Positive mental health, flourishing",82.5,79.8,85.2,percent,percent,
2015,2015,Alberta,Both sexes,18 to 34 years,Suicidal thoughts (15 years and over),18.1,15.5,20.8,percent,percent,
2015,2015,Alberta,Both sexes,35 to 49 years,Consultation with a health professional about emotional or mental health,16.4,13.7,19.1,percent,percent,
2015,2015,Alberta,Both sexes,35 to 49 years,"Positive mental health, flourishing",82.8,79.7,85.9,percent,percent,
2015,2015,Alberta,Both sexes,35 to 49 years,Suicidal thoughts (15 years and over),14.0,11.4,16.6,percent,percent,
2015,2015,Alberta,Both sexes,50 to 64 years,Consultation with a health professional about emotional or mental health,13.4,11.0,15.8,percent,percent,
2015,2015,Alberta,Both sexes,50 to 64 years,"Positive mental health, flourishing",83.4,80.3,86.4,percent,percent,
2015,2015,Alberta,Both sexes,50 to 64 years,Suicidal thoughts (15 years and over),12.9,10.4,15.5,percent,percent,
2015,2015,Alberta,Both sexes,65 years and over,Consultation with a health professional about emotional or mental health,6.5,4.6,8.3,percent,percent,
2015,2015,Alberta,Both sexes,65 years and over,"Positive mental health, flourishing",80.5,77.5,83.6,percent,percent,
2015,2015,Alberta,Both sexes,65 years and over,Suicidal thoughts (15 years and over),9.8,7.3,12.2,percent,percent,
2015,2015,Alberta,Both sexes,"Total, 12 years and over",Consultation with a health professional about emotional or mental health,14.9,13.6,16.1,percent,percent,
2015,2015,Alberta,Both sexes,"Total, 12 years and over","Positive mental health, flourishing",82.9,81.5,84.4,percent,percent,
2015,2015,Alberta,Both sexes,"Total, 12 years and over",Suicidal thoughts (15 years and over),14.5,13.1,15.8,percent,percent,
2015,2015,Alberta,Females,12 to 17 years,Consultation with a health professional about emotional or mental health,18.5,11.5,25.5,percent,percent,E
2015,2015,Alberta,Females,12 to 17 years,"Positive mental health, flourishing",83.1,76.5,89.7,percent,percent,
2015,2015,Alberta,Females,12 to 17 years,Suicidal thoughts (15 years and over),16.4,7.3,25.5,percent,percent,E
2015,2015,Alberta,Females,18 to 34 years,Consultation with a health professional about emotional or mental health,25.6,21.7,29.5,percent,percent,
2015,2015,Alberta,Females,18 to 34 years,"Positive mental health, flourishing",81.3,77.4,85.1,percent,percent,
2015,2015,Alberta,Females,18 to 34 years,Suicidal thoughts (15 years and over),21.3,17.5,25.1,percent,percent,
2015,2015,Alberta,Females,35 to 49 years,Consultation with a health professional about emotional or mental health,20.2,16.0,24.4,percent,percent,
2015,2015,Alberta,Females,35 to 49 years,"Positive mental health, flourishing",82.5,77.8,87.1,percent,percent,
2015,2015,Alberta,Females,35 to 49 years,Suicidal thoughts (15 years and over),16.9,12.7,21.0,percent,percent,
2015,2015,Alberta,Females,50 to 64 years,Consultation with a health professional about emotional or mental health,17.4,13.4,21.4,percent,percent,
2015,2015,Alberta,Females,50 to 64 years,"Positive mental health, flourishing",81.5,76.8,86.2,percent,percent,
2015,2015,Alberta,Females,50 to 64 years,Suicidal thoughts (15 years and over),12.3,9.5,15.1,percent,percent,
2015,2015,Alberta,Females,65 years and over,Consultation with a health professional about emotional or mental health,9.1,6.1,12.2,percent,percent,E
2015,2015,Alberta,Females,65 years and over,"Positive mental health, flourishing",78.7,74.3,83.2,percent,percent,
2015,2015,Alberta,Females,65 years and over,Suicidal thoughts (15 years and over),11.7,8.3,15.1,percent,percent,
2015,2015,Alberta,Females,"Total, 12 years and over",Consultation with a health professional about emotional or mental health,19.6,17.7,21.5,percent,percent,
2015,2015,Alberta,Females,"Total, 12 years and over","Positive mental health, flourishing",81.4,79.3,83.6,percent,percent,
2015,2015,Alberta,Females,"Total, 12 years and over",Suicidal thoughts (15 years and over),16.5,14.7,18.3,percent,percent,
2015,2015,Alberta,Males,12 to 17 years,Consultation with a health professional about emotional or mental health,11.9,6.6,17.2,percent,percent,E
2015,2015,Alberta,Males,12 to 17 years,"Positive mental health, flourishing",92.5,88.2,96.7,percent,percent,
2015,2015,Alberta,Males,18 to 34 years,Consultation with a health professional about emotional or mental health,10.6,6.8,14.4,percent,percent,E
2015,2015,Alberta,Males,18 to 34 years,"Positive mental health, flourishing",83.8,79.9,87.6,percent,percent,
2015,2015,Alberta,Males,18 to 34 years,Suicidal thoughts (15 years and over),15.1,11.4,18.9,percent,percent,
2015,2015,Alberta,Males,35 to 49 years,Consultation with a health professional about emotional or mental health,12.8,8.9,16.7,percent,percent,E
2015,2015,Alberta,Males,35 to 49 years,"Positive mental health, flourishing",83.1,78.7,87.5,percent,percent,
2015,2015,Alberta,Males,35 to 49 years,Suicidal thoughts (15 years and over),11.3,7.8,14.8,percent,percent,E
2015,2015,Alberta,Males,50 to 64 years,Consultation with a health professional about emotional or mental health,9.6,6.9,12.3,percent,percent,
2015,2015,Alberta,Males,50 to 64 years,"Positive mental health, flourishing",85.2,81.4,88.9,percent,percent,
2015,2015,Alberta,Males,50 to 64 years,Suicidal thoughts (15 years and over),13.5,9.5,17.6,percent,percent,E
2015,2015,Alberta,Males,65 years and over,Consultation with a health professional about emotional or mental health,3.4,1.4,5.3,percent,percent,E
2015,2015,Alberta,Males,65 years and over,"Positive mental health, flourishing",82.6,77.8,87.4,percent,percent,
2015,2015,Alberta,Males,65 years and over,Suicidal thoughts (15 years and over),7.5,4.3,10.7,percent,percent,E
2015,2015,Alberta,Males,"Total, 12 years and over",Consultation with a health professional about emotional or mental health,10.2,8.5,11.9,percent,percent,
2015,2015,Alberta,Males,"Total, 12 years and over","Positive mental health, flourishing",84.5,82.5,86.4,percent,percent,
2015,2015,Alberta,Males,"Total, 12 years and over",Suicidal thoughts (15 years and over),12.5,10.5,14.5,percent,percent,
2015,2015,British Columbia,Both sexes,12 to 17 years,Consultation with a health professional about emotional or mental health,10.3,7.0,13.7,percent,percent,E
2015,2015,British Columbia,Both sexes,12 to 17 years,"Positive mental health, flourishing",86.7,83.2,90.2,percent,percent,
2015,2015,British Columbia,Both sexes,12 to 17 years,Suicidal thoughts (15 years and over),10.7,6.1,15.3,percent,percent,E
2015,2015,British Columbia,Both sexes,18 to 34 years,Consultation with a health professional about emotional or mental health,16.6,13.7,19.5,percent,percent,
2015,2015,British Columbia,Both sexes,18 to 34 years,"Positive mental health, flourishing",79.5,76.3,82.6,percent,percent,
2015,2015,British Columbia,Both sexes,18 to 34 years,Suicidal thoughts (15 years and over),13.9,11.3,16.4,percent,percent,
2015,2015,British Columbia,Both sexes,35 to 49 years,Consultation with a health professional about emotional or mental health,16.8,14.3,19.4,percent,percent,
2015,2015,British Columbia,Both sexes,35 to 49 years,"Positive mental health, flourishing",77.5,74.2,80.8,percent,percent,
2015,2015,British Columbia,Both sexes,35 to 49 years,Suicidal thoughts (15 years and over),13.9,11.5,16.3,percent,percent,
2015,2015,British Columbia,Both sexes,50 to 64 years,Consultation with a health professional about emotional or mental health,12.9,10.7,15.1,percent,percent,
2015,2015,British Columbia,Both sexes,50 to 64 years,"Positive mental health, flourishing",79.7,76.6,82.7,percent,percent,
2015,2015,British Columbia,Both sexes,50 to 64 years,Suicidal thoughts (15 years and over),13.0,10.4,15.7,percent,percent,
2015,2015,British Columbia,Both sexes,65 years and over,Consultation with a health professional about emotional or mental health,9.7,7.8,11.5,percent,percent,
2015,2015,British Columbia,Both sexes,65 years and over,"Positive mental health, flourishing",82.0,79.5,84.5,percent,percent,
2015,2015,British Columbia,Both sexes,65 years and over,Suicidal thoughts (15 years and over),9.2,7.3,11.1,percent,percent,
2015,2015,British Columbia,Both sexes,"Total, 12 years and over",Consultation with a health professional about emotional or mental health,14.0,12.8,15.2,percent,percent,
2015,2015,British Columbia,Both sexes,"Total, 12 years and over","Positive mental health, flourishing",80.0,78.5,81.5,percent,percent,
2015,2015,British Columbia,Both sexes,"Total, 12 years and over",Suicidal thoughts (15 years and over),12.7,11.5,13.8,percent,percent,
2015,2015,British Columbia,Females,12 to 17 years,Consultation with a health professional about emotional or mental health,14.7,8.8,20.5,percent,percent,E
2015,2015,British Columbia,Females,12 to 17 years,"Positive mental health, flourishing",89.8,85.3,94.2,percent,percent,
2015,2015,British Columbia,Females,12 to 17 years,Suicidal thoughts (15 years and over),10.3,4.2,16.5,percent,percent,E
2015,2015,British Columbia,Females,18 to 34 years,Consultation with a health professional about emotional or mental health,23.5,18.8,28.3,percent,percent,
2015,2015,British Columbia,Females,18 to 34 years,"Positive mental health, flourishing",80.6,76.5,84.7,percent,percent,
2015,2015,British Columbia,Females,18 to 34 years,Suicidal thoughts (15 years and over),16.1,12.2,19.9,percent,percent,
2015,2015,British Columbia,Females,35 to 49 years,Consultation with a health professional about emotional or mental health,21.6,17.6,25.6,percent,percent,
2015,2015,British Columbia,Females,35 to 49 years,"Positive mental health, flourishing",79.5,75.3,83.6,percent,percent,
2015,2015,British Columbia,Females,35 to 49 years,Suicidal thoughts (15 years and over),17.9,14.0,21.8,percent,percent,
2015,2015,British Columbia,Females,50 to 64 years,Consultation with a health professional about emotional or mental health,15.9,12.7,19.1,percent,percent,
2015,2015,British Columbia,Females,50 to 64 years,"Positive mental health, flourishing",78.5,74.4,82.6,percent,percent,
2015,2015,British Columbia,Females,50 to 64 years,Suicidal thoughts (15 years and over),13.9,10.4,17.3,percent,percent,
2015,2015,British Columbia,Females,65 years and over,Consultation with a health professional about emotional or mental health,13.8,10.8,16.8,percent,percent,
2015,2015,British Columbia,Females,65 years and over,"Positive mental health, flourishing",83.9,80.8,87.1,percent,percent,
2015,2015,British Columbia,Females,65 years and over,Suicidal thoughts (15 years and over),10.5,7.9,13.0,percent,percent,
2015,2015,British Columbia,Females,"Total, 12 years and over",Consultation with a health professional about emotional or mental health,18.7,16.9,20.5,percent,percent,
2015,2015,British Columbia,Females,"Total, 12 years and over","Positive mental health, flourishing",81.1,79.1,83.0,percent,percent,
2015,2015,British Columbia,Females,"Total, 12 years and over",Suicidal thoughts (15 years and over),14.7,12.9,16.4,percent,percent,
2015,2015,British Columbia,Males,12 to 17 years,Consultation with a health professional about emotional or mental health,5.8,2.5,9.1,percent,percent,E
2015,2015,British Columbia,Males,12 to 17 years,"Positive mental health, flourishing",83.6,78.1,89.0,percent,percent,
2015,2015,British Columbia,Males,12 to 17 years,Suicidal thoughts (15 years and over),11.0,3.7,18.3,percent,percent,E
2015,2015,British Columbia,Males,18 to 34 years,Consultation with a health professional about emotional or mental health,9.7,6.8,12.6,percent,percent,E
2015,2015,British Columbia,Males,18 to 34 years,"Positive mental health, flourishing",78.3,73.8,82.8,percent,percent,
2015,2015,British Columbia,Males,18 to 34 years,Suicidal thoughts (15 years and over),11.7,8.2,15.2,percent,percent,E
2015,2015,British Columbia,Males,35 to 49 years,Consultation with a health professional about emotional or mental health,11.7,8.7,14.7,percent,percent,
2015,2015,British Columbia,Males,35 to 49 years,"Positive mental health, flourishing",75.3,70.3,80.4,percent,percent,
2015,2015,British Columbia,Males,35 to 49 years,Suicidal thoughts (15 years and over),9.5,6.6,12.3,percent,percent,E
2015,2015,British Columbia,Males,50 to 64 years,Consultation with a health professional about emotional or mental health,9.8,6.8,12.8,percent,percent,E
2015,2015,British Columbia,Males,50 to 64 years,"Positive mental health, flourishing",80.8,76.7,85.0,percent,percent,
2015,2015,British Columbia,Males,50 to 64 years,Suicidal thoughts (15 years and over),12.2,8.3,16.0,percent,percent,E
2015,2015,British Columbia,Males,65 years and over,Consultation with a health professional about emotional or mental health,4.9,3.1,6.7,percent,percent,E
2015,2015,British Columbia,Males,65 years and over,"Positive mental health, flourishing",79.8,75.9,83.7,percent,percent,
2015,2015,British Columbia,Males,65 years and over,Suicidal thoughts (15 years and over),7.7,4.9,10.4,percent,percent,E
2015,2015,British Columbia,Males,"Total, 12 years and over",Consultation with a health professional about emotional or mental health,9.1,7.7,10.5,percent,percent,
2015,2015,British Columbia,Males,"Total, 12 years and over","Positive mental health, flourishing",78.9,76.7,81.1,percent,percent,
2015,2015,British Columbia,Males,"Total, 12 years and over",Suicidal thoughts (15 years and over),10.6,8.9,12.2,percent,percent,
2015,2015,Canada (excluding territories),Both sexes,12 to 17 years,Consultation with a health professional about emotional or mental health,11.3,9.8,12.7,percent,percent,
2015,2015,Canada (excluding territories),Both sexes,12 to 17 years,"Positive mental health, flourishing",86.1,84.7,87.6,percent,percent,
2015,2015,Canada (excluding territories),Both sexes,12 to 17 years,Suicidal thoughts (15 years and over),10.0,8.3,11.7,percent,percent,
2015,2015,Canada (excluding territories),Both sexes,18 to 34 years,Consultation with a health professional about emotional or mental health,16.9,15.7,18.1,percent,percent,
2015,2015,Canada (excluding territories),Both sexes,18 to 34 years,"Positive mental health, flourishing",80.5,79.3,81.8,percent,percent,
2015,2015,Canada (excluding territories),Both sexes,18 to 34 years,Suicidal thoughts (15 years and over),14.4,13.3,15.4,percent,percent,
2015,2015,Canada (excluding territories),Both sexes,35 to 49 years,Consultation with a health professional about emotional or mental health,16.2,15.1,17.2,percent,percent,
2015,2015,Canada (excluding territories),Both sexes,35 to 49 years,"Positive mental health, flourishing",80.7,79.5,82.0,percent,percent,
2015,2015,Canada (excluding territories),Both sexes,35 to 49 years,Suicidal thoughts (15 years and over),12.7,11.7,13.6,percent,percent,
2015,2015,Canada (excluding territories),Both sexes,50 to 64 years,Consultation with a health professional about emotional or mental health,13.4,12.5,14.3,percent,percent,
2015,2015,Canada (excluding territories),Both sexes,50 to 64 years,"Positive mental health, flourishing",81.0,79.9,82.1,percent,percent,
2015,2015,Canada (excluding territories),Both sexes,50 to 64 years,Suicidal thoughts (15 years and over),12.4,11.5,13.2,percent,percent,
2015,2015,Canada (excluding territories),Both sexes,65 years and over,Consultation with a health professional about emotional or mental health,7.9,7.2,8.6,percent,percent,
2015,2015,Canada (excluding territories),Both sexes,65 years and over,"Positive mental health, flourishing",79.1,77.9,80.3,percent,percent,
2015,2015,Canada (excluding territories),Both sexes,65 years and over,Suicidal thoughts (15 years and over),7.5,6.8,8.1,percent,percent,
2015,2015,Canada (excluding territories),Both sexes,"Total, 12 years and over",Consultation with a health professional about emotional or mental health,13.9,13.4,14.4,percent,percent,
2015,2015,Canada (excluding territories),Both sexes,"Total, 12 years and over","Positive mental health, flourishing",80.9,80.2,81.5,percent,percent,
2015,2015,Canada (excluding territories),Both sexes,"Total, 12 years and over",Suicidal thoughts (15 years and over),12.1,11.6,12.5,percent,percent,
2015,2015,Canada (excluding territories),Females,12 to 17 years,Consultation with a health professional about emotional or mental health,13.8,11.6,16.0,percent,percent,
2015,2015,Canada (excluding territories),Females,12 to 17 years,"Positive mental health, flourishing",83.9,81.6,86.1,percent,percent,
2015,2015,Canada (excluding territories),Females,12 to 17 years,Suicidal thoughts (15 years and over),12.8,10.2,15.4,percent,percent,
2015,2015,Canada (excluding territories),Females,18 to 34 years,Consultation with a health professional about emotional or mental health,22.7,20.9,24.5,percent,percent,
2015,2015,Canada (excluding territories),Females,18 to 34 years,"Positive mental health, flourishing",79.3,77.5,81.1,percent,percent,
2015,2015,Canada (excluding territories),Females,18 to 34 years,Suicidal thoughts (15 years and over),16.5,15.0,18.1,percent,percent,
2015,2015,Canada (excluding territories),Females,35 to 49 years,Consultation with a health professional about emotional or mental health,20.2,18.7,21.8,percent,percent,
2015,2015,Canada (excluding territories),Females,35 to 49 years,"Positive mental health, flourishing",81.6,79.9,83.2,percent,percent,
2015,2015,Canada (excluding territories),Females,35 to 49 years,Suicidal thoughts (15 years and over),14.6,13.2,16.1,percent,percent,
2015,2015,Canada (excluding territories),Females,50 to 64 years,Consultation with a health professional about emotional or mental health,17.6,16.1,19.0,percent,percent,
2015,2015,Canada (excluding territories),Females,50 to 64 years,"Positive mental health, flourishing",80.7,79.3,82.1,percent,percent,
2015,2015,Canada (excluding territories),Females,50 to 64 years,Suicidal thoughts (15 years and over),13.6,12.5,14.8,percent,percent,
2015,2015,Canada (excluding territories),Females,65 years and over,Consultation with a health professional about emotional or mental health,10.0,8.9,11.1,percent,percent,
2015,2015,Canada (excluding territories),Females,65 years and over,"Positive mental health, flourishing",78.3,76.7,79.8,percent,percent,
2015,2015,Canada (excluding territories),Females,65 years and over,Suicidal thoughts (15 years and over),8.1,7.2,8.9,percent,percent,
2015,2015,Canada (excluding territories),Females,"Total, 12 years and over",Consultation with a health professional about emotional or mental health,17.9,17.2,18.7,percent,percent,
2015,2015,Canada (excluding territories),Females,"Total, 12 years and over","Positive mental health, flourishing",80.3,79.5,81.1,percent,percent,
2015,2015,Canada (excluding territories),Females,"Total, 12 years and over",Suicidal thoughts (15 years and over),13.6,12.9,14.3,percent,percent,
2015,2015,Canada (excluding territories),Males,12 to 17 years,Consultation with a health professional about emotional or mental health,8.8,6.8,10.7,percent,percent,
2015,2015,Canada (excluding territories),Males,12 to 17 years,"Positive mental health, flourishing",88.3,86.3,90.3,percent,percent,
2015,2015,Canada (excluding territories),Males,12 to 17 years,Suicidal thoughts (15 years and over),7.3,5.2,9.4,percent,percent,
2015,2015,Canada (excluding territories),Males,18 to 34 years,Consultation with a health professional about emotional or mental health,11.0,9.6,12.5,percent,percent,
2015,2015,Canada (excluding territories),Males,18 to 34 years,"Positive mental health, flourishing",81.8,80.0,83.5,percent,percent,
2015,2015,Canada (excluding territories),Males,18 to 34 years,Suicidal thoughts (15 years and over),12.2,10.9,13.6,percent,percent,
2015,2015,Canada (excluding territories),Males,35 to 49 years,Consultation with a health professional about emotional or mental health,12.0,10.7,13.4,percent,percent,
2015,2015,Canada (excluding territories),Males,35 to 49 years,"Positive mental health, flourishing",79.9,78.0,81.8,percent,percent,
2015,2015,Canada (excluding territories),Males,35 to 49 years,Suicidal thoughts (15 years and over),10.7,9.5,11.8,percent,percent,
2015,2015,Canada (excluding territories),Males,50 to 64 years,Consultation with a health professional about emotional or mental health,9.2,8.2,10.3,percent,percent,
2015,2015,Canada (excluding territories),Males,50 to 64 years,"Positive mental health, flourishing",81.2,79.6,82.9,percent,percent,
2015,2015,Canada (excluding territories),Males,50 to 64 years,Suicidal thoughts (15 years and over),11.1,9.8,12.3,percent,percent,
2015,2015,Canada (excluding territories),Males,65 years and over,Consultation with a health professional about emotional or mental health,5.4,4.5,6.2,percent,percent,
2015,2015,Canada (excluding territories),Males,65 years and over,"Positive mental health, flourishing",80.1,78.4,81.8,percent,percent,
2015,2015,Canada (excluding territories),Males,65 years and over,Suicidal thoughts (15 years and over),6.7,5.8,7.7,percent,percent,
2015,2015,Canada (excluding territories),Males,"Total, 12 years and over",Consultation with a health professional about emotional or mental health,9.8,9.1,10.4,percent,percent,
2015,2015,Canada (excluding territories),Males,"Total, 12 years and over","Positive mental health, flourishing",81.4,80.6,82.3,percent,percent,
2015,2015,Canada (excluding territories),Males,"Total, 12 years and over",Suicidal thoughts (15 years and over),10.5,9.8,11.1,percent,percent,
2015,2015,Manitoba,Both sexes,12 to 17 years,Consultation with a health professional about emotional or mental health,12.7,7.4,18.1,percent,percent,E
2015,2015,Manitoba,Both sexes,12 to 17 years,"Positive mental health, flourishing",86.4,81.0,91.7,percent,percent,
2015,2015,Manitoba,Both sexes,12 to 17 years,Suicidal thoughts (15 years and over),13.0,5.7,20.4,percent,percent,E
2015,2015,Manitoba,Both sexes,18 to 34 years,Consultation with a health professional about emotional or mental health,13.1,9.4,16.9,percent,percent,
2015,2015,Manitoba,Both sexes,18 to 34 years,"Positive mental health, flourishing",80.1,75.2,84.9,percent,percent,
2015,2015,Manitoba,Both sexes,18 to 34 years,Suicidal thoughts (15 years and over),13.5,9.3,17.8,percent,percent,E
2015,2015,Manitoba,Both sexes,35 to 49 years,Consultation with a health professional about emotional or mental health,19.6,14.4,24.8,percent,percent,
2015,2015,Manitoba,Both sexes,35 to 49 years,"Positive mental health, flourishing",84.7,80.8,88.6,percent,percent,
2015,2015,Manitoba,Both sexes,35 to 49 years,Suicidal thoughts (15 years and over),14.8,10.8,18.8,percent,percent,
2015,2015,Manitoba,Both sexes,50 to 64 years,Consultation with a health professional about emotional or mental health,12.8,9.6,16.1,percent,percent,
2015,2015,Manitoba,Both sexes,50 to 64 years,"Positive mental health, flourishing",82.8,78.7,86.9,percent,percent,
2015,2015,Manitoba,Both sexes,50 to 64 years,Suicidal thoughts (15 years and over),11.2,8.0,14.5,percent,percent,
2015,2015,Manitoba,Both sexes,65 years and over,Consultation with a health professional about emotional or mental health,8.2,5.5,11.0,percent,percent,E
2015,2015,Manitoba,Both sexes,65 years and over,"Positive mental health, flourishing",76.3,71.7,80.9,percent,percent,
2015,2015,Manitoba,Both sexes,65 years and over,Suicidal thoughts (15 years and over),5.3,3.4,7.3,percent,percent,E
2015,2015,Manitoba,Both sexes,"Total, 12 years and over",Consultation with a health professional about emotional or mental health,13.7,11.9,15.4,percent,percent,
2015,2015,Manitoba,Both sexes,"Total, 12 years and over","Positive mental health, flourishing",81.7,79.5,83.8,percent,percent,
2015,2015,Manitoba,Both sexes,"Total, 12 years and over",Suicidal thoughts (15 years and over),11.8,9.9,13.7,percent,percent,
2015,2015,Manitoba,Females,12 to 17 years,Consultation with a health professional about emotional or mental health,15.9,7.5,24.2,percent,percent,E
2015,2015,Manitoba,Females,12 to 17 years,"Positive mental health, flourishing",81.6,72.8,90.4,percent,percent,
2015,2015,Manitoba,Females,12 to 17 years,Suicidal thoughts (15 years and over),18.8,7.3,30.3,percent,percent,E
2015,2015,Manitoba,Females,18 to 34 years,Consultation with a health professional about emotional or mental health,19.5,13.0,26.0,percent,percent,E
2015,2015,Manitoba,Females,18 to 34 years,"Positive mental health, flourishing",78.9,72.1,85.7,percent,percent,
2015,2015,Manitoba,Females,18 to 34 years,Suicidal thoughts (15 years and over),14.1,8.3,20.0,percent,percent,E
2015,2015,Manitoba,Females,35 to 49 years,Consultation with a health professional about emotional or mental health,22.8,16.1,29.4,percent,percent,
2015,2015,Manitoba,Females,35 to 49 years,"Positive mental health, flourishing",87.3,82.6,92.0,percent,percent,
2015,2015,Manitoba,Females,35 to 49 years,Suicidal thoughts (15 years and over),16.2,9.8,22.6,percent,percent,E
2015,2015,Manitoba,Females,50 to 64 years,Consultation with a health professional about emotional or mental health,17.8,12.7,22.9,percent,percent,
2015,2015,Manitoba,Females,50 to 64 years,"Positive mental health, flourishing",81.5,75.9,87.1,percent,percent,
2015,2015,Manitoba,Females,50 to 64 years,Suicidal thoughts (15 years and over),11.5,7.1,15.8,percent,percent,E
2015,2015,Manitoba,Females,65 years and over,Consultation with a health professional about emotional or mental health,9.6,5.7,13.6,percent,percent,E
2015,2015,Manitoba,Females,65 years and over,"Positive mental health, flourishing",72.7,66.8,78.7,percent,percent,
2015,2015,Manitoba,Females,65 years and over,Suicidal thoughts (15 years and over),6.3,3.2,9.4,percent,percent,E
2015,2015,Manitoba,Females,"Total, 12 years and over",Consultation with a health professional about emotional or mental health,17.7,15.1,20.4,percent,percent,
2015,2015,Manitoba,Females,"Total, 12 years and over","Positive mental health, flourishing",80.5,77.7,83.4,percent,percent,
2015,2015,Manitoba,Females,"Total, 12 years and over",Suicidal thoughts (15 years and over),12.7,10.1,15.3,percent,percent,
2015,2015,Manitoba,Males,12 to 17 years,"Positive mental health, flourishing",90.8,84.5,97.1,percent,percent,
2015,2015,Manitoba,Males,18 to 34 years,Consultation with a health professional about emotional or mental health,6.7,3.2,10.1,percent,percent,E
2015,2015,Manitoba,Males,18 to 34 years,"Positive mental health, flourishing",81.3,74.2,88.3,percent,percent,
2015,2015,Manitoba,Males,18 to 34 years,Suicidal thoughts (15 years and over),12.9,7.7,18.1,percent,percent,E
2015,2015,Manitoba,Males,35 to 49 years,Consultation with a health professional about emotional or mental health,16.2,8.8,23.7,percent,percent,E
2015,2015,Manitoba,Males,35 to 49 years,"Positive mental health, flourishing",82.1,75.7,88.5,percent,percent,
2015,2015,Manitoba,Males,35 to 49 years,Suicidal thoughts (15 years and over),13.4,7.9,18.9,percent,percent,E
2015,2015,Manitoba,Males,50 to 64 years,Consultation with a health professional about emotional or mental health,8.0,4.3,11.8,percent,percent,E
2015,2015,Manitoba,Males,50 to 64 years,"Positive mental health, flourishing",84.1,78.1,90.1,percent,percent,
2015,2015,Manitoba,Males,50 to 64 years,Suicidal thoughts (15 years and over),11.0,6.2,15.8,percent,percent,E
2015,2015,Manitoba,Males,65 years and over,Consultation with a health professional about emotional or mental health,6.5,2.9,10.1,percent,percent,E
2015,2015,Manitoba,Males,65 years and over,"Positive mental health, flourishing",80.7,74.3,87.1,percent,percent,
2015,2015,Manitoba,Males,65 years and over,Suicidal thoughts (15 years and over),4.2,2.0,6.4,percent,percent,E
2015,2015,Manitoba,Males,"Total, 12 years and over",Consultation with a health professional about emotional or mental health,9.4,7.2,11.7,percent,percent,
2015,2015,Manitoba,Males,"Total, 12 years and over","Positive mental health, flourishing",82.9,79.8,86.0,percent,percent,
2015,2015,Manitoba,Males,"Total, 12 years and over",Suicidal thoughts (15 years and over),10.9,8.3,13.4,percent,percent,
2015,2015,New Brunswick,Both sexes,12 to 17 years,"Positive mental health, flourishing",86.3,79.8,92.8,percent,percent,
2015,2015,New Brunswick,Both sexes,18 to 34 years,Consultation with a health professional about emotional or mental health,25.3,18.4,32.2,percent,percent,
2015,2015,New Brunswick,Both sexes,18 to 34 years,"Positive mental health, flourishing",84.0,78.9,89.2,percent,percent,
2015,2015,New Brunswick,Both sexes,18 to 34 years,Suicidal thoughts (15 years and over),19.8,13.9,25.8,percent,percent,E
2015,2015,New Brunswick,Both sexes,35 to 49 years,Consultation with a health professional about emotional or mental health,16.8,11.6,21.9,percent,percent,E
2015,2015,New Brunswick,Both sexes,35 to 49 years,"Positive mental health, flourishing",82.2,76.5,88.0,percent,percent,
2015,2015,New Brunswick,Both sexes,35 to 49 years,Suicidal thoughts (15 years and over),17.2,11.5,22.9,percent,percent,E
2015,2015,New Brunswick,Both sexes,50 to 64 years,Consultation with a health professional about emotional or mental health,17.1,12.5,21.7,percent,percent,
2015,2015,New Brunswick,Both sexes,50 to 64 years,"Positive mental health, flourishing",80.3,75.8,84.8,percent,percent,
2015,2015,New Brunswick,Both sexes,50 to 64 years,Suicidal thoughts (15 years and over),13.4,9.4,17.3,percent,percent,E
2015,2015,New Brunswick,Both sexes,65 years and over,Consultation with a health professional about emotional or mental health,7.7,4.6,10.7,percent,percent,E
2015,2015,New Brunswick,Both sexes,65 years and over,"Positive mental health, flourishing",86.1,82.0,90.2,percent,percent,
2015,2015,New Brunswick,Both sexes,65 years and over,Suicidal thoughts (15 years and over),6.9,3.7,10.1,percent,percent,E
2015,2015,New Brunswick,Both sexes,"Total, 12 years and over",Consultation with a health professional about emotional or mental health,16.4,13.9,18.9,percent,percent,
2015,2015,New Brunswick,Both sexes,"Total, 12 years and over","Positive mental health, flourishing",83.2,80.8,85.6,percent,percent,
2015,2015,New Brunswick,Both sexes,"Total, 12 years and over",Suicidal thoughts (15 years and over),14.1,11.8,16.5,percent,percent,
2015,2015,New Brunswick,Females,12 to 17 years,"Positive mental health, flourishing",85.6,76.2,94.9,percent,percent,
2015,2015,New Brunswick,Females,18 to 34 years,Consultation with a health professional about emotional or mental health,35.5,25.6,45.5,percent,percent,
2015,2015,New Brunswick,Females,18 to 34 years,"Positive mental health, flourishing",80.4,72.7,88.1,percent,percent,
2015,2015,New Brunswick,Females,18 to 34 years,Suicidal thoughts (15 years and over),23.4,14.3,32.6,percent,percent,E
2015,2015,New Brunswick,Females,35 to 49 years,Consultation with a health professional about emotional or mental health,23.8,14.9,32.8,percent,percent,E
2015,2015,New Brunswick,Females,35 to 49 years,"Positive mental health, flourishing",84.8,77.5,92.1,percent,percent,
2015,2015,New Brunswick,Females,35 to 49 years,Suicidal thoughts (15 years and over),18.3,10.4,26.2,percent,percent,E
2015,2015,New Brunswick,Females,50 to 64 years,Consultation with a health professional about emotional or mental health,22.6,15.6,29.5,percent,percent,E
2015,2015,New Brunswick,Females,50 to 64 years,"Positive mental health, flourishing",79.4,72.8,85.9,percent,percent,
2015,2015,New Brunswick,Females,50 to 64 years,Suicidal thoughts (15 years and over),11.7,7.2,16.2,percent,percent,E
2015,2015,New Brunswick,Females,65 years and over,Consultation with a health professional about emotional or mental health,10.5,5.7,15.2,percent,percent,E
2015,2015,New Brunswick,Females,65 years and over,"Positive mental health, flourishing",86.8,81.5,92.1,percent,percent,
2015,2015,New Brunswick,Females,65 years and over,Suicidal thoughts (15 years and over),6.5,2.7,10.2,percent,percent,E
2015,2015,New Brunswick,Females,"Total, 12 years and over",Consultation with a health professional about emotional or mental health,22.2,18.3,26.1,percent,percent,
2015,2015,New Brunswick,Females,"Total, 12 years and over","Positive mental health, flourishing",82.8,79.5,86.2,percent,percent,
2015,2015,New Brunswick,Females,"Total, 12 years and over",Suicidal thoughts (15 years and over),14.6,11.5,17.7,percent,percent,
2015,2015,New Brunswick,Males,12 to 17 years,"Positive mental health, flourishing",87.0,77.8,96.3,percent,percent,
2015,2015,New Brunswick,Males,18 to 34 years,Consultation with a health professional about emotional or mental health,15.2,5.5,24.8,percent,percent,E
2015,2015,New Brunswick,Males,18 to 34 years,"Positive mental health, flourishing",87.6,80.2,95.0,percent,percent,
2015,2015,New Brunswick,Males,18 to 34 years,Suicidal thoughts (15 years and over),16.3,8.0,24.6,percent,percent,E
2015,2015,New Brunswick,Males,35 to 49 years,Consultation with a health professional about emotional or mental health,8.8,3.7,13.9,percent,percent,E
2015,2015,New Brunswick,Males,35 to 49 years,"Positive mental health, flourishing",79.3,69.8,88.8,percent,percent,
2015,2015,New Brunswick,Males,35 to 49 years,Suicidal thoughts (15 years and over),16.0,7.4,24.6,percent,percent,E
2015,2015,New Brunswick,Males,50 to 64 years,Consultation with a health professional about emotional or mental health,11.4,6.1,16.8,percent,percent,E
2015,2015,New Brunswick,Males,50 to 64 years,"Positive mental health, flourishing",81.4,74.7,88.0,percent,percent,
2015,2015,New Brunswick,Males,50 to 64 years,Suicidal thoughts (15 years and over),15.0,8.9,21.1,percent,percent,E
2015,2015,New Brunswick,Males,65 years and over,"Positive mental health, flourishing",85.3,79.2,91.4,percent,percent,
2015,2015,New Brunswick,Males,"Total, 12 years and over",Consultation with a health professional about emotional or mental health,10.1,6.9,13.4,percent,percent,E
2015,2015,New Brunswick,Males,"Total, 12 years and over","Positive mental health, flourishing",83.5,79.9,87.1,percent,percent,
2015,2015,New Brunswick,Males,"Total, 12 years and over",Suicidal thoughts (15 years and over),13.6,10.2,17.1,percent,percent,
2015,2015,Newfoundland and Labrador,Both sexes,12 to 17 years,Consultation with a health professional about emotional or mental health,11.8,5.7,18.0,percent,percent,E
2015,2015,Newfoundland and Labrador,Both sexes,12 to 17 years,"Positive mental health, flourishing",95.5,91.9,99.1,percent,percent,
2015,2015,Newfoundland and Labrador,Both sexes,18 to 34 years,Consultation with a health professional about emotional or mental health,23.2,16.4,29.9,percent,percent,
2015,2015,Newfoundland and Labrador,Both sexes,18 to 34 years,"Positive mental health, flourishing",73.3,65.4,81.2,percent,percent,
2015,2015,Newfoundland and Labrador,Both sexes,18 to 34 years,Suicidal thoughts (15 years and over),20.0,13.1,27.0,percent,percent,E
2015,2015,Newfoundland and Labrador,Both sexes,35 to 49 years,Consultation with a health professional about emotional or mental health,17.2,11.8,22.6,percent,percent,E
2015,2015,Newfoundland and Labrador,Both sexes,35 to 49 years,"Positive mental health, flourishing",85.3,80.0,90.6,percent,percent,
2015,2015,Newfoundland and Labrador,Both sexes,35 to 49 years,Suicidal thoughts (15 years and over),8.1,3.8,12.4,percent,percent,E
2015,2015,Newfoundland and Labrador,Both sexes,50 to 64 years,Consultation with a health professional about emotional or mental health,10.3,6.6,14.0,percent,percent,E
2015,2015,Newfoundland and Labrador,Both sexes,50 to 64 years,"Positive mental health, flourishing",88.8,85.3,92.3,percent,percent,
2015,2015,Newfoundland and Labrador,Both sexes,50 to 64 years,Suicidal thoughts (15 years and over),5.1,3.1,7.1,percent,percent,E
2015,2015,Newfoundland and Labrador,Both sexes,65 years and over,Consultation with a health professional about emotional or mental health,6.7,3.2,10.1,percent,percent,E
2015,2015,Newfoundland and Labrador,Both sexes,65 years and over,"Positive mental health, flourishing",88.9,85.2,92.5,percent,percent,
2015,2015,Newfoundland and Labrador,Both sexes,65 years and over,Suicidal thoughts (15 years and over),3.4,1.4,5.5,percent,percent,E
2015,2015,Newfoundland and Labrador,Both sexes,"Total, 12 years and over",Consultation with a health professional about emotional or mental health,14.2,11.8,16.6,percent,percent,
2015,2015,Newfoundland and Labrador,Both sexes,"Total, 12 years and over","Positive mental health, flourishing",84.9,82.7,87.2,percent,percent,
2015,2015,Newfoundland and Labrador,Both sexes,"Total, 12 years and over",Suicidal thoughts (15 years and over),9.1,7.1,11.1,percent,percent,
2015,2015,Newfoundland and Labrador,Females,12 to 17 years,"Positive mental health, flourishing",93.6,86.7,100.5,percent,percent,
2015,2015,Newfoundland and Labrador,Females,18 to 34 years,Consultation with a health professional about emotional or mental health,27.2,18.2,36.2,percent,percent,E
2015,2015,Newfoundland and Labrador,Females,18 to 34 years,"Positive mental health, flourishing",76.4,66.6,86.1,percent,percent,
2015,2015,Newfoundland and Labrador,Females,18 to 34 years,Suicidal thoughts (15 years and over),20.6,12.1,29.1,percent,percent,E
2015,2015,Newfoundland and Labrador,Females,35 to 49 years,Consultation with a health professional about emotional or mental health,24.4,15.2,33.6,percent,percent,E
2015,2015,Newfoundland and Labrador,Females,35 to 49 years,"Positive mental health, flourishing",84.1,77.4,90.7,percent,percent,
2015,2015,Newfoundland and Labrador,Females,35 to 49 years,Suicidal thoughts (15 years and over),11.9,5.4,18.4,percent,percent,E
2015,2015,Newfoundland and Labrador,Females,50 to 64 years,Consultation with a health professional about emotional or mental health,14.5,8.3,20.6,percent,percent,E
2015,2015,Newfoundland and Labrador,Females,50 to 64 years,"Positive mental health, flourishing",89.0,84.7,93.3,percent,percent,
2015,2015,Newfoundland and Labrador,Females,50 to 64 years,Suicidal thoughts (15 years and over),4.6,2.2,7.0,percent,percent,E
2015,2015,Newfoundland and Labrador,Females,65 years and over,Consultation with a health professional about emotional or mental health,9.3,4.4,14.2,percent,percent,E
2015,2015,Newfoundland and Labrador,Females,65 years and over,"Positive mental health, flourishing",87.1,81.8,92.4,percent,percent,
2015,2015,Newfoundland and Labrador,Females,"Total, 12 years and over",Consultation with a health professional about emotional or mental health,18.7,14.9,22.4,percent,percent,
2015,2015,Newfoundland and Labrador,Females,"Total, 12 years and over","Positive mental health, flourishing",84.9,81.8,88.0,percent,percent,
2015,2015,Newfoundland and Labrador,Females,"Total, 12 years and over",Suicidal thoughts (15 years and over),10.3,7.6,12.9,percent,percent,
2015,2015,Newfoundland and Labrador,Males,12 to 17 years,"Positive mental health, flourishing",97.2,94.5,99.9,percent,percent,
2015,2015,Newfoundland and Labrador,Males,18 to 34 years,Consultation with a health professional about emotional or mental health,19.0,9.3,28.8,percent,percent,E
2015,2015,Newfoundland and Labrador,Males,18 to 34 years,"Positive mental health, flourishing",70.1,57.8,82.3,percent,percent,
2015,2015,Newfoundland and Labrador,Males,18 to 34 years,Suicidal thoughts (15 years and over),19.5,8.7,30.3,percent,percent,E
2015,2015,Newfoundland and Labrador,Males,35 to 49 years,Consultation with a health professional about emotional or mental health,9.4,3.2,15.5,percent,percent,E
2015,2015,Newfoundland and Labrador,Males,35 to 49 years,"Positive mental health, flourishing",86.7,78.8,94.5,percent,percent,
2015,2015,Newfoundland and Labrador,Males,50 to 64 years,"Positive mental health, flourishing",88.6,82.6,94.5,percent,percent,
2015,2015,Newfoundland and Labrador,Males,50 to 64 years,Suicidal thoughts (15 years and over),5.5,2.0,9.0,percent,percent,E
2015,2015,Newfoundland and Labrador,Males,65 years and over,"Positive mental health, flourishing",90.9,85.9,95.9,percent,percent,
2015,2015,Newfoundland and Labrador,Males,"Total, 12 years and over",Consultation with a health professional about emotional or mental health,9.5,6.6,12.3,percent,percent,E
2015,2015,Newfoundland and Labrador,Males,"Total, 12 years and over","Positive mental health, flourishing",85.0,81.4,88.6,percent,percent,
2015,2015,Newfoundland and Labrador,Males,"Total, 12 years and over",Suicidal thoughts (15 years and over),7.9,5.0,10.8,percent,percent,E
2015,2015,Nova Scotia,Both sexes,12 to 17 years,Consultation with a health professional about emotional or mental health,16.1,10.1,22.1,percent,percent,E
2015,2015,Nova Scotia,Both sexes,12 to 17 years,"Positive mental health, flourishing",90.6,85.6,95.5,percent,percent,
2015,2015,Nova Scotia,Both sexes,18 to 34 years,Consultation with a health professional about emotional or mental health,19.4,13.9,24.9,percent,percent,
2015,2015,Nova Scotia,Both sexes,18 to 34 years,"Positive mental health, flourishing",79.9,73.7,86.0,percent,percent,
2015,2015,Nova Scotia,Both sexes,18 to 34 years,Suicidal thoughts (15 years and over),15.4,10.0,20.7,percent,percent,E
2015,2015,Nova Scotia,Both sexes,35 to 49 years,Consultation with a health professional about emotional or mental health,22.6,17.6,27.7,percent,percent,
2015,2015,Nova Scotia,Both sexes,35 to 49 years,"Positive mental health, flourishing",83.5,79.1,87.9,percent,percent,
2015,2015,Nova Scotia,Both sexes,35 to 49 years,Suicidal thoughts (15 years and over),13.2,9.1,17.3,percent,percent,E
2015,2015,Nova Scotia,Both sexes,50 to 64 years,Consultation with a health professional about emotional or mental health,15.6,11.7,19.5,percent,percent,
2015,2015,Nova Scotia,Both sexes,50 to 64 years,"Positive mental health, flourishing",82.2,78.1,86.4,percent,percent,
2015,2015,Nova Scotia,Both sexes,50 to 64 years,Suicidal thoughts (15 years and over),9.6,6.7,12.5,percent,percent,E
2015,2015,Nova Scotia,Both sexes,65 years and over,Consultation with a health professional about emotional or mental health,7.0,4.6,9.5,percent,percent,E
2015,2015,Nova Scotia,Both sexes,65 years and over,"Positive mental health, flourishing",82.1,78.7,85.5,percent,percent,
2015,2015,Nova Scotia,Both sexes,65 years and over,Suicidal thoughts (15 years and over),8.8,6.1,11.5,percent,percent,E
2015,2015,Nova Scotia,Both sexes,"Total, 12 years and over",Consultation with a health professional about emotional or mental health,16.4,14.3,18.5,percent,percent,
2015,2015,Nova Scotia,Both sexes,"Total, 12 years and over","Positive mental health, flourishing",82.5,80.3,84.7,percent,percent,
2015,2015,Nova Scotia,Both sexes,"Total, 12 years and over",Suicidal thoughts (15 years and over),11.5,9.6,13.5,percent,percent,
2015,2015,Nova Scotia,Females,12 to 17 years,Consultation with a health professional about emotional or mental health,18.7,9.7,27.8,percent,percent,E
2015,2015,Nova Scotia,Females,12 to 17 years,"Positive mental health, flourishing",90.1,83.2,97.1,percent,percent,
2015,2015,Nova Scotia,Females,18 to 34 years,Consultation with a health professional about emotional or mental health,24.4,15.7,33.1,percent,percent,E
2015,2015,Nova Scotia,Females,18 to 34 years,"Positive mental health, flourishing",85.2,78.2,92.3,percent,percent,
2015,2015,Nova Scotia,Females,18 to 34 years,Suicidal thoughts (15 years and over),14.1,6.6,21.6,percent,percent,E
2015,2015,Nova Scotia,Females,35 to 49 years,Consultation with a health professional about emotional or mental health,29.8,22.2,37.4,percent,percent,
2015,2015,Nova Scotia,Females,35 to 49 years,"Positive mental health, flourishing",83.5,77.1,89.8,percent,percent,
2015,2015,Nova Scotia,Females,35 to 49 years,Suicidal thoughts (15 years and over),11.7,6.9,16.6,percent,percent,E
2015,2015,Nova Scotia,Females,50 to 64 years,Consultation with a health professional about emotional or mental health,23.8,17.2,30.5,percent,percent,
2015,2015,Nova Scotia,Females,50 to 64 years,"Positive mental health, flourishing",84.8,79.3,90.2,percent,percent,
2015,2015,Nova Scotia,Females,50 to 64 years,Suicidal thoughts (15 years and over),12.2,7.5,16.9,percent,percent,E
2015,2015,Nova Scotia,Females,65 years and over,Consultation with a health professional about emotional or mental health,8.2,4.6,11.8,percent,percent,E
2015,2015,Nova Scotia,Females,65 years and over,"Positive mental health, flourishing",80.5,75.6,85.4,percent,percent,
2015,2015,Nova Scotia,Females,65 years and over,Suicidal thoughts (15 years and over),7.7,4.2,11.2,percent,percent,E
2015,2015,Nova Scotia,Females,"Total, 12 years and over",Consultation with a health professional about emotional or mental health,21.5,18.0,25.1,percent,percent,
2015,2015,Nova Scotia,Females,"Total, 12 years and over","Positive mental health, flourishing",84.0,81.1,87.0,percent,percent,
2015,2015,Nova Scotia,Females,"Total, 12 years and over",Suicidal thoughts (15 years and over),11.3,8.6,14.0,percent,percent,
2015,2015,Nova Scotia,Males,12 to 17 years,Consultation with a health professional about emotional or mental health,13.4,5.3,21.5,percent,percent,E
2015,2015,Nova Scotia,Males,12 to 17 years,"Positive mental health, flourishing",91.0,84.1,97.9,percent,percent,
2015,2015,Nova Scotia,Males,18 to 34 years,Consultation with a health professional about emotional or mental health,14.4,7.1,21.8,percent,percent,E
2015,2015,Nova Scotia,Males,18 to 34 years,"Positive mental health, flourishing",74.5,64.7,84.4,percent,percent,
2015,2015,Nova Scotia,Males,18 to 34 years,Suicidal thoughts (15 years and over),16.6,9.4,23.8,percent,percent,E
2015,2015,Nova Scotia,Males,35 to 49 years,Consultation with a health professional about emotional or mental health,15.1,8.0,22.2,percent,percent,E
2015,2015,Nova Scotia,Males,35 to 49 years,"Positive mental health, flourishing",83.6,76.7,90.5,percent,percent,
2015,2015,Nova Scotia,Males,35 to 49 years,Suicidal thoughts (15 years and over),14.8,8.3,21.2,percent,percent,E
2015,2015,Nova Scotia,Males,50 to 64 years,Consultation with a health professional about emotional or mental health,6.5,3.1,9.8,percent,percent,E
2015,2015,Nova Scotia,Males,50 to 64 years,"Positive mental health, flourishing",79.5,72.9,86.1,percent,percent,
2015,2015,Nova Scotia,Males,50 to 64 years,Suicidal thoughts (15 years and over),6.8,3.3,10.3,percent,percent,E
2015,2015,Nova Scotia,Males,65 years and over,Consultation with a health professional about emotional or mental health,5.5,2.1,8.9,percent,percent,E
2015,2015,Nova Scotia,Males,65 years and over,"Positive mental health, flourishing",84.2,79.3,89.1,percent,percent,
2015,2015,Nova Scotia,Males,65 years and over,Suicidal thoughts (15 years and over),10.2,5.7,14.7,percent,percent,E
2015,2015,Nova Scotia,Males,"Total, 12 years and over",Consultation with a health professional about emotional or mental health,10.7,8.0,13.4,percent,percent,
2015,2015,Nova Scotia,Males,"Total, 12 years and over","Positive mental health, flourishing",80.8,77.5,84.2,percent,percent,
2015,2015,Nova Scotia,Males,"Total, 12 years and over",Suicidal thoughts (15 years and over),11.8,9.0,14.6,percent,percent,
2015,2015,Ontario,Both sexes,12 to 17 years,Consultation with a health professional about emotional or mental health,11.1,8.4,13.8,percent,percent,
2015,2015,Ontario,Both sexes,12 to 17 years,"Positive mental health, flourishing",85.1,82.3,87.9,percent,percent,
2015,2015,Ontario,Both sexes,12 to 17 years,Suicidal thoughts (15 years and over),9.0,6.4,11.6,percent,percent,
2015,2015,Ontario,Both sexes,18 to 34 years,Consultation with a health professional about emotional or mental health,16.6,14.4,18.8,percent,percent,
2015,2015,Ontario,Both sexes,18 to 34 years,"Positive mental health, flourishing",81.2,78.8,83.7,percent,percent,
2015,2015,Ontario,Both sexes,18 to 34 years,Suicidal thoughts (15 years and over),12.2,10.4,14.0,percent,percent,
2015,2015,Ontario,Both sexes,35 to 49 years,Consultation with a health professional about emotional or mental health,15.1,13.4,16.9,percent,percent,
2015,2015,Ontario,Both sexes,35 to 49 years,"Positive mental health, flourishing",81.4,79.1,83.6,percent,percent,
2015,2015,Ontario,Both sexes,35 to 49 years,Suicidal thoughts (15 years and over),9.4,7.9,10.9,percent,percent,
2015,2015,Ontario,Both sexes,50 to 64 years,Consultation with a health professional about emotional or mental health,15.4,13.5,17.2,percent,percent,
2015,2015,Ontario,Both sexes,50 to 64 years,"Positive mental health, flourishing",82.7,80.8,84.7,percent,percent,
2015,2015,Ontario,Both sexes,50 to 64 years,Suicidal thoughts (15 years and over),11.8,10.2,13.3,percent,percent,
2015,2015,Ontario,Both sexes,65 years and over,Consultation with a health professional about emotional or mental health,9.0,7.6,10.3,percent,percent,
2015,2015,Ontario,Both sexes,65 years and over,"Positive mental health, flourishing",80.9,78.7,83.0,percent,percent,
2015,2015,Ontario,Both sexes,65 years and over,Suicidal thoughts (15 years and over),6.2,5.2,7.2,percent,percent,
2015,2015,Ontario,Both sexes,"Total, 12 years and over",Consultation with a health professional about emotional or mental health,14.3,13.4,15.2,percent,percent,
2015,2015,Ontario,Both sexes,"Total, 12 years and over","Positive mental health, flourishing",81.9,80.7,83.1,percent,percent,
2015,2015,Ontario,Both sexes,"Total, 12 years and over",Suicidal thoughts (15 years and over),10.3,9.5,11.0,percent,percent,
2015,2015,Ontario,Females,12 to 17 years,Consultation with a health professional about emotional or mental health,13.7,9.8,17.6,percent,percent,
2015,2015,Ontario,Females,12 to 17 years,"Positive mental health, flourishing",81.9,77.6,86.3,percent,percent,
2015,2015,Ontario,Females,12 to 17 years,Suicidal thoughts (15 years and over),11.3,7.0,15.5,percent,percent,E
2015,2015,Ontario,Females,18 to 34 years,Consultation with a health professional about emotional or mental health,22.1,18.8,25.5,percent,percent,
2015,2015,Ontario,Females,18 to 34 years,"Positive mental health, flourishing",79.4,75.9,82.9,percent,percent,
2015,2015,Ontario,Females,18 to 34 years,Suicidal thoughts (15 years and over),15.1,12.5,17.7,percent,percent,
2015,2015,Ontario,Females,35 to 49 years,Consultation with a health professional about emotional or mental health,18.0,15.5,20.6,percent,percent,
2015,2015,Ontario,Females,35 to 49 years,"Positive mental health, flourishing",82.5,79.5,85.4,percent,percent,
2015,2015,Ontario,Females,35 to 49 years,Suicidal thoughts (15 years and over),11.8,9.3,14.3,percent,percent,
2015,2015,Ontario,Females,50 to 64 years,Consultation with a health professional about emotional or mental health,20.2,17.4,23.1,percent,percent,
2015,2015,Ontario,Females,50 to 64 years,"Positive mental health, flourishing",83.3,80.8,85.8,percent,percent,
2015,2015,Ontario,Females,50 to 64 years,Suicidal thoughts (15 years and over),14.3,12.1,16.4,percent,percent,
2015,2015,Ontario,Females,65 years and over,Consultation with a health professional about emotional or mental health,11.3,9.1,13.5,percent,percent,
2015,2015,Ontario,Females,65 years and over,"Positive mental health, flourishing",80.4,77.5,83.3,percent,percent,
2015,2015,Ontario,Females,65 years and over,Suicidal thoughts (15 years and over),7.1,5.7,8.5,percent,percent,
2015,2015,Ontario,Females,"Total, 12 years and over",Consultation with a health professional about emotional or mental health,18.1,16.8,19.5,percent,percent,
2015,2015,Ontario,Females,"Total, 12 years and over","Positive mental health, flourishing",81.4,79.9,82.9,percent,percent,
2015,2015,Ontario,Females,"Total, 12 years and over",Suicidal thoughts (15 years and over),12.5,11.3,13.6,percent,percent,
2015,2015,Ontario,Males,12 to 17 years,Consultation with a health professional about emotional or mental health,8.6,4.8,12.3,percent,percent,E
2015,2015,Ontario,Males,12 to 17 years,"Positive mental health, flourishing",88.2,84.6,91.8,percent,percent,
2015,2015,Ontario,Males,12 to 17 years,Suicidal thoughts (15 years and over),6.9,3.8,10.1,percent,percent,E
2015,2015,Ontario,Males,18 to 34 years,Consultation with a health professional about emotional or mental health,11.0,8.4,13.6,percent,percent,
2015,2015,Ontario,Males,18 to 34 years,"Positive mental health, flourishing",83.2,79.9,86.4,percent,percent,
2015,2015,Ontario,Males,18 to 34 years,Suicidal thoughts (15 years and over),9.3,7.0,11.6,percent,percent,
2015,2015,Ontario,Males,35 to 49 years,Consultation with a health professional about emotional or mental health,12.1,9.5,14.7,percent,percent,
2015,2015,Ontario,Males,35 to 49 years,"Positive mental health, flourishing",80.2,76.9,83.6,percent,percent,
2015,2015,Ontario,Males,35 to 49 years,Suicidal thoughts (15 years and over),6.9,5.2,8.6,percent,percent,
2015,2015,Ontario,Males,50 to 64 years,Consultation with a health professional about emotional or mental health,10.4,8.3,12.5,percent,percent,
2015,2015,Ontario,Males,50 to 64 years,"Positive mental health, flourishing",82.2,79.1,85.2,percent,percent,
2015,2015,Ontario,Males,50 to 64 years,Suicidal thoughts (15 years and over),9.2,7.0,11.4,percent,percent,
2015,2015,Ontario,Males,65 years and over,Consultation with a health professional about emotional or mental health,6.1,4.7,7.5,percent,percent,
2015,2015,Ontario,Males,65 years and over,"Positive mental health, flourishing",81.4,78.5,84.4,percent,percent,
2015,2015,Ontario,Males,65 years and over,Suicidal thoughts (15 years and over),5.1,3.7,6.4,percent,percent,
2015,2015,Ontario,Males,"Total, 12 years and over",Consultation with a health professional about emotional or mental health,10.2,9.0,11.3,percent,percent,
2015,2015,Ontario,Males,"Total, 12 years and over","Positive mental health, flourishing",82.3,80.7,84.0,percent,percent,
2015,2015,Ontario,Males,"Total, 12 years and over",Suicidal thoughts (15 years and over),7.9,6.9,9.0,percent,percent,
2015,2015,Prince Edward Island,Both sexes,12 to 17 years,Consultation with a health professional about emotional or mental health,12.6,5.7,19.5,percent,percent,E
2015,2015,Prince Edward Island,Both sexes,12 to 17 years,"Positive mental health, flourishing",92.9,88.2,97.7,percent,percent,
2015,2015,Prince Edward Island,Both sexes,18 to 34 years,Consultation with a health professional about emotional or mental health,14.9,9.3,20.5,percent,percent,E
2015,2015,Prince Edward Island,Both sexes,18 to 34 years,"Positive mental health, flourishing",88.6,83.0,94.3,percent,percent,
2015,2015,Prince Edward Island,Both sexes,18 to 34 years,Suicidal thoughts (15 years and over),7.7,3.3,12.2,percent,percent,E
2015,2015,Prince Edward Island,Both sexes,35 to 49 years,Consultation with a health professional about emotional or mental health,10.3,5.4,15.2,percent,percent,E
2015,2015,Prince Edward Island,Both sexes,35 to 49 years,"Positive mental health, flourishing",91.0,86.3,95.7,percent,percent,
2015,2015,Prince Edward Island,Both sexes,35 to 49 years,Suicidal thoughts (15 years and over),9.9,4.3,15.6,percent,percent,E
2015,2015,Prince Edward Island,Both sexes,50 to 64 years,Consultation with a health professional about emotional or mental health,10.9,7.0,14.9,percent,percent,E
2015,2015,Prince Edward Island,Both sexes,50 to 64 years,"Positive mental health, flourishing",88.7,84.4,92.9,percent,percent,
2015,2015,Prince Edward Island,Both sexes,50 to 64 years,Suicidal thoughts (15 years and over),12.5,7.4,17.6,percent,percent,E
2015,2015,Prince Edward Island,Both sexes,65 years and over,Consultation with a health professional about emotional or mental health,4.7,2.2,7.3,percent,percent,E
2015,2015,Prince Edward Island,Both sexes,65 years and over,"Positive mental health, flourishing",91.3,87.5,95.1,percent,percent,
2015,2015,Prince Edward Island,Both sexes,65 years and over,Suicidal thoughts (15 years and over),3.0,1.2,4.8,percent,percent,E
2015,2015,Prince Edward Island,Both sexes,"Total, 12 years and over",Consultation with a health professional about emotional or mental health,10.6,8.5,12.7,percent,percent,
2015,2015,Prince Edward Island,Both sexes,"Total, 12 years and over","Positive mental health, flourishing",90.0,87.8,92.2,percent,percent,
2015,2015,Prince Edward Island,Both sexes,"Total, 12 years and over",Suicidal thoughts (15 years and over),8.6,6.4,10.9,percent,percent,
2015,2015,Prince Edward Island,Females,12 to 17 years,"Positive mental health, flourishing",93.1,86.1,100.0,percent,percent,
2015,2015,Prince Edward Island,Females,18 to 34 years,Consultation with a health professional about emotional or mental health,22.2,13.3,31.1,percent,percent,E
2015,2015,Prince Edward Island,Females,18 to 34 years,"Positive mental health, flourishing",90.3,85.0,95.7,percent,percent,
2015,2015,Prince Edward Island,Females,35 to 49 years,Consultation with a health professional about emotional or mental health,9.6,3.7,15.4,percent,percent,E
2015,2015,Prince Edward Island,Females,35 to 49 years,"Positive mental health, flourishing",86.7,78.7,94.7,percent,percent,
2015,2015,Prince Edward Island,Females,50 to 64 years,Consultation with a health professional about emotional or mental health,15.7,9.4,22.0,percent,percent,E
2015,2015,Prince Edward Island,Females,50 to 64 years,"Positive mental health, flourishing",85.0,78.3,91.7,percent,percent,
2015,2015,Prince Edward Island,Females,50 to 64 years,Suicidal thoughts (15 years and over),11.9,5.6,18.1,percent,percent,E
2015,2015,Prince Edward Island,Females,65 years and over,Consultation with a health professional about emotional or mental health,5.4,2.1,8.8,percent,percent,E
2015,2015,Prince Edward Island,Females,65 years and over,"Positive mental health, flourishing",93.3,89.4,97.2,percent,percent,
2015,2015,Prince Edward Island,Females,"Total, 12 years and over",Consultation with a health professional about emotional or mental health,13.6,10.5,16.7,percent,percent,
2015,2015,Prince Edward Island,Females,"Total, 12 years and over","Positive mental health, flourishing",89.0,86.0,91.9,percent,percent,
2015,2015,Prince Edward Island,Females,"Total, 12 years and over",Suicidal thoughts (15 years and over),7.9,5.2,10.5,percent,percent,E
2015,2015,Prince Edward Island,Males,12 to 17 years,"Positive mental health, flourishing",92.8,85.9,99.7,percent,percent,
2015,2015,Prince Edward Island,Males,18 to 34 years,"Positive mental health, flourishing",86.9,76.7,97.1,percent,percent,
2015,2015,Prince Edward Island,Males,35 to 49 years,"Positive mental health, flourishing",95.5,90.8,100.2,percent,percent,
2015,2015,Prince Edward Island,Males,35 to 49 years,Suicidal thoughts (15 years and over),13.1,4.1,22.1,percent,percent,E
2015,2015,Prince Edward Island,Males,50 to 64 years,"Positive mental health, flourishing",92.5,87.5,97.5,percent,percent,
2015,2015,Prince Edward Island,Males,50 to 64 years,Suicidal thoughts (15 years and over),13.1,5.2,21.1,percent,percent,E
2015,2015,Prince Edward Island,Males,65 years and over,"Positive mental health, flourishing",88.8,81.9,95.7,percent,percent,
2015,2015,Prince Edward Island,Males,"Total, 12 years and over",Consultation with a health professional about emotional or mental health,7.4,4.4,10.4,percent,percent,E
2015,2015,Prince Edward Island,Males,"Total, 12 years and over","Positive mental health, flourishing",91.2,87.9,94.5,percent,percent,
2015,2015,Prince Edward Island,Males,"Total, 12 years and over",Suicidal thoughts (15 years and over),9.5,5.8,13.1,percent,percent,E
2015,2015,Quebec,Both sexes,12 to 17 years,Consultation with a health professional about emotional or mental health,9.7,6.9,12.5,percent,percent,
2015,2015,Quebec,Both sexes,12 to 17 years,"Positive mental health, flourishing",84.3,81.2,87.5,percent,percent,
2015,2015,Quebec,Both sexes,12 to 17 years,Suicidal thoughts (15 years and over),10.6,6.8,14.4,percent,percent,E
2015,2015,Quebec,Both sexes,18 to 34 years,Consultation with a health professional about emotional or mental health,16.2,13.8,18.6,percent,percent,
2015,2015,Quebec,Both sexes,18 to 34 years,"Positive mental health, flourishing",78.5,75.7,81.3,percent,percent,
2015,2015,Quebec,Both sexes,18 to 34 years,Suicidal thoughts (15 years and over),15.3,13.1,17.5,percent,percent,
2015,2015,Quebec,Both sexes,35 to 49 years,Consultation with a health professional about emotional or mental health,15.8,13.8,17.8,percent,percent,
2015,2015,Quebec,Both sexes,35 to 49 years,"Positive mental health, flourishing",78.3,75.9,80.7,percent,percent,
2015,2015,Quebec,Both sexes,35 to 49 years,Suicidal thoughts (15 years and over),15.7,13.7,17.8,percent,percent,
2015,2015,Quebec,Both sexes,50 to 64 years,Consultation with a health professional about emotional or mental health,10.3,8.8,11.8,percent,percent,
2015,2015,Quebec,Both sexes,50 to 64 years,"Positive mental health, flourishing",76.4,74.1,78.7,percent,percent,
2015,2015,Quebec,Both sexes,50 to 64 years,Suicidal thoughts (15 years and over),13.7,12.1,15.2,percent,percent,
2015,2015,Quebec,Both sexes,65 years and over,Consultation with a health professional about emotional or mental health,6.2,4.8,7.5,percent,percent,
2015,2015,Quebec,Both sexes,65 years and over,"Positive mental health, flourishing",72.6,70.1,75.2,percent,percent,
2015,2015,Quebec,Both sexes,65 years and over,Suicidal thoughts (15 years and over),8.3,6.9,9.7,percent,percent,
2015,2015,Quebec,Both sexes,"Total, 12 years and over",Consultation with a health professional about emotional or mental health,12.3,11.4,13.2,percent,percent,
2015,2015,Quebec,Both sexes,"Total, 12 years and over","Positive mental health, flourishing",77.2,76.0,78.5,percent,percent,
2015,2015,Quebec,Both sexes,"Total, 12 years and over",Suicidal thoughts (15 years and over),13.4,12.5,14.4,percent,percent,
2015,2015,Quebec,Females,12 to 17 years,Consultation with a health professional about emotional or mental health,10.5,6.4,14.5,percent,percent,E
2015,2015,Quebec,Females,12 to 17 years,"Positive mental health, flourishing",82.1,77.8,86.4,percent,percent,
2015,2015,Quebec,Females,12 to 17 years,Suicidal thoughts (15 years and over),14.6,8.5,20.6,percent,percent,E
2015,2015,Quebec,Females,18 to 34 years,Consultation with a health professional about emotional or mental health,20.3,16.7,23.9,percent,percent,
2015,2015,Quebec,Females,18 to 34 years,"Positive mental health, flourishing",76.0,72.1,79.8,percent,percent,
2015,2015,Quebec,Females,18 to 34 years,Suicidal thoughts (15 years and over),16.5,13.1,19.9,percent,percent,
2015,2015,Quebec,Females,35 to 49 years,Consultation with a health professional about emotional or mental health,21.1,17.8,24.4,percent,percent,
2015,2015,Quebec,Females,35 to 49 years,"Positive mental health, flourishing",78.9,75.6,82.2,percent,percent,
2015,2015,Quebec,Females,35 to 49 years,Suicidal thoughts (15 years and over),16.4,13.4,19.4,percent,percent,
2015,2015,Quebec,Females,50 to 64 years,Consultation with a health professional about emotional or mental health,13.7,11.1,16.4,percent,percent,
2015,2015,Quebec,Females,50 to 64 years,"Positive mental health, flourishing",75.7,72.6,78.8,percent,percent,
2015,2015,Quebec,Females,50 to 64 years,Suicidal thoughts (15 years and over),14.8,12.5,17.1,percent,percent,
2015,2015,Quebec,Females,65 years and over,Consultation with a health professional about emotional or mental health,6.7,5.0,8.4,percent,percent,
2015,2015,Quebec,Females,65 years and over,"Positive mental health, flourishing",70.9,67.5,74.3,percent,percent,
2015,2015,Quebec,Females,65 years and over,Suicidal thoughts (15 years and over),8.1,6.5,9.7,percent,percent,
2015,2015,Quebec,Females,"Total, 12 years and over",Consultation with a health professional about emotional or mental health,15.4,14.0,16.9,percent,percent,
2015,2015,Quebec,Females,"Total, 12 years and over","Positive mental health, flourishing",75.9,74.2,77.6,percent,percent,
2015,2015,Quebec,Females,"Total, 12 years and over",Suicidal thoughts (15 years and over),14.2,12.8,15.6,percent,percent,
2015,2015,Quebec,Males,12 to 17 years,Consultation with a health professional about emotional or mental health,8.9,5.1,12.7,percent,percent,E
2015,2015,Quebec,Males,12 to 17 years,"Positive mental health, flourishing",86.4,81.9,91.0,percent,percent,
2015,2015,Quebec,Males,12 to 17 years,Suicidal thoughts (15 years and over),7.3,2.3,12.3,percent,percent,E
2015,2015,Quebec,Males,18 to 34 years,Consultation with a health professional about emotional or mental health,12.1,8.8,15.5,percent,percent,
2015,2015,Quebec,Males,18 to 34 years,"Positive mental health, flourishing",81.1,77.5,84.7,percent,percent,
2015,2015,Quebec,Males,18 to 34 years,Suicidal thoughts (15 years and over),14.0,11.3,16.8,percent,percent,
2015,2015,Quebec,Males,35 to 49 years,Consultation with a health professional about emotional or mental health,10.6,8.3,13.0,percent,percent,
2015,2015,Quebec,Males,35 to 49 years,"Positive mental health, flourishing",77.8,74.1,81.4,percent,percent,
2015,2015,Quebec,Males,35 to 49 years,Suicidal thoughts (15 years and over),15.1,12.3,18.0,percent,percent,
2015,2015,Quebec,Males,50 to 64 years,Consultation with a health professional about emotional or mental health,7.0,5.4,8.5,percent,percent,
2015,2015,Quebec,Males,50 to 64 years,"Positive mental health, flourishing",77.1,73.5,80.7,percent,percent,
2015,2015,Quebec,Males,50 to 64 years,Suicidal thoughts (15 years and over),12.5,10.3,14.7,percent,percent,
2015,2015,Quebec,Males,65 years and over,Consultation with a health professional about emotional or mental health,5.5,3.4,7.5,percent,percent,E
2015,2015,Quebec,Males,65 years and over,"Positive mental health, flourishing",74.8,70.9,78.6,percent,percent,
2015,2015,Quebec,Males,65 years and over,Suicidal thoughts (15 years and over),8.6,6.2,11.0,percent,percent,
2015,2015,Quebec,Males,"Total, 12 years and over",Consultation with a health professional about emotional or mental health,9.1,7.9,10.2,percent,percent,
2015,2015,Quebec,Males,"Total, 12 years and over","Positive mental health, flourishing",78.5,76.8,80.2,percent,percent,
2015,2015,Quebec,Males,"Total, 12 years and over",Suicidal thoughts (15 years and over),12.7,11.4,14.0,percent,percent,
2015,2015,Saskatchewan,Both sexes,12 to 17 years,Consultation with a health professional about emotional or mental health,8.3,4.2,12.4,percent,percent,E
2015,2015,Saskatchewan,Both sexes,12 to 17 years,"Positive mental health, flourishing",92.3,88.5,96.1,percent,percent,
2015,2015,Saskatchewan,Both sexes,12 to 17 years,Suicidal thoughts (15 years and over),12.5,4.6,20.4,percent,percent,E
2015,2015,Saskatchewan,Both sexes,18 to 34 years,Consultation with a health professional about emotional or mental health,16.6,12.2,21.0,percent,percent,
2015,2015,Saskatchewan,Both sexes,18 to 34 years,"Positive mental health, flourishing",83.1,78.7,87.6,percent,percent,
2015,2015,Saskatchewan,Both sexes,18 to 34 years,Suicidal thoughts (15 years and over),16.2,11.4,20.9,percent,percent,
2015,2015,Saskatchewan,Both sexes,35 to 49 years,Consultation with a health professional about emotional or mental health,19.7,14.1,25.3,percent,percent,
2015,2015,Saskatchewan,Both sexes,35 to 49 years,"Positive mental health, flourishing",84.6,79.6,89.6,percent,percent,
2015,2015,Saskatchewan,Both sexes,35 to 49 years,Suicidal thoughts (15 years and over),17.4,12.5,22.3,percent,percent,
2015,2015,Saskatchewan,Both sexes,50 to 64 years,Consultation with a health professional about emotional or mental health,13.7,9.5,17.9,percent,percent,E
2015,2015,Saskatchewan,Both sexes,50 to 64 years,"Positive mental health, flourishing",84.6,80.3,88.8,percent,percent,
2015,2015,Saskatchewan,Both sexes,50 to 64 years,Suicidal thoughts (15 years and over),11.4,7.8,15.1,percent,percent,E
2015,2015,Saskatchewan,Both sexes,65 years and over,Consultation with a health professional about emotional or mental health,8.0,5.0,11.0,percent,percent,E
2015,2015,Saskatchewan,Both sexes,65 years and over,"Positive mental health, flourishing",82.2,77.1,87.3,percent,percent,
2015,2015,Saskatchewan,Both sexes,65 years and over,Suicidal thoughts (15 years and over),5.9,3.4,8.4,percent,percent,E
2015,2015,Saskatchewan,Both sexes,"Total, 12 years and over",Consultation with a health professional about emotional or mental health,14.5,12.3,16.8,percent,percent,
2015,2015,Saskatchewan,Both sexes,"Total, 12 years and over","Positive mental health, flourishing",84.4,82.1,86.6,percent,percent,
2015,2015,Saskatchewan,Both sexes,"Total, 12 years and over",Suicidal thoughts (15 years and over),13.4,11.2,15.5,percent,percent,
2015,2015,Saskatchewan,Females,12 to 17 years,Consultation with a health professional about emotional or mental health,11.5,4.5,18.5,percent,percent,E
2015,2015,Saskatchewan,Females,12 to 17 years,"Positive mental health, flourishing",90.2,84.0,96.3,percent,percent,
2015,2015,Saskatchewan,Females,12 to 17 years,Suicidal thoughts (15 years and over),19.2,6.8,31.6,percent,percent,E
2015,2015,Saskatchewan,Females,18 to 34 years,Consultation with a health professional about emotional or mental health,25.8,18.9,32.8,percent,percent,
2015,2015,Saskatchewan,Females,18 to 34 years,"Positive mental health, flourishing",84.4,78.0,90.7,percent,percent,
2015,2015,Saskatchewan,Females,18 to 34 years,Suicidal thoughts (15 years and over),16.1,9.7,22.4,percent,percent,E
2015,2015,Saskatchewan,Females,35 to 49 years,Consultation with a health professional about emotional or mental health,22.4,14.9,29.9,percent,percent,E
2015,2015,Saskatchewan,Females,35 to 49 years,"Positive mental health, flourishing",82.9,76.2,89.6,percent,percent,
2015,2015,Saskatchewan,Females,35 to 49 years,Suicidal thoughts (15 years and over),15.9,9.3,22.6,percent,percent,E
2015,2015,Saskatchewan,Females,50 to 64 years,Consultation with a health professional about emotional or mental health,13.0,7.9,18.1,percent,percent,E
2015,2015,Saskatchewan,Females,50 to 64 years,"Positive mental health, flourishing",85.1,80.1,90.1,percent,percent,
2015,2015,Saskatchewan,Females,50 to 64 years,Suicidal thoughts (15 years and over),10.5,6.3,14.8,percent,percent,E
2015,2015,Saskatchewan,Females,65 years and over,Consultation with a health professional about emotional or mental health,10.6,5.8,15.4,percent,percent,E
2015,2015,Saskatchewan,Females,65 years and over,"Positive mental health, flourishing",77.7,69.9,85.4,percent,percent,
2015,2015,Saskatchewan,Females,65 years and over,Suicidal thoughts (15 years and over),5.3,2.1,8.5,percent,percent,E
2015,2015,Saskatchewan,Females,"Total, 12 years and over",Consultation with a health professional about emotional or mental health,18.2,15.2,21.2,percent,percent,
2015,2015,Saskatchewan,Females,"Total, 12 years and over","Positive mental health, flourishing",83.4,80.4,86.5,percent,percent,
2015,2015,Saskatchewan,Females,"Total, 12 years and over",Suicidal thoughts (15 years and over),12.8,9.9,15.7,percent,percent,
2015,2015,Saskatchewan,Males,12 to 17 years,"Positive mental health, flourishing",94.3,89.6,98.9,percent,percent,
2015,2015,Saskatchewan,Males,18 to 34 years,Consultation with a health professional about emotional or mental health,7.9,2.9,13.0,percent,percent,E
2015,2015,Saskatchewan,Males,18 to 34 years,"Positive mental health, flourishing",82.0,75.3,88.6,percent,percent,
2015,2015,Saskatchewan,Males,18 to 34 years,Suicidal thoughts (15 years and over),16.3,9.5,23.0,percent,percent,E
2015,2015,Saskatchewan,Males,35 to 49 years,Consultation with a health professional about emotional or mental health,17.1,9.1,25.1,percent,percent,E
2015,2015,Saskatchewan,Males,35 to 49 years,"Positive mental health, flourishing",86.3,79.9,92.6,percent,percent,
2015,2015,Saskatchewan,Males,35 to 49 years,Suicidal thoughts (15 years and over),18.8,11.0,26.6,percent,percent,E
2015,2015,Saskatchewan,Males,50 to 64 years,Consultation with a health professional about emotional or mental health,14.3,8.0,20.7,percent,percent,E
2015,2015,Saskatchewan,Males,50 to 64 years,"Positive mental health, flourishing",84.0,77.1,91.0,percent,percent,
2015,2015,Saskatchewan,Males,50 to 64 years,Suicidal thoughts (15 years and over),12.3,6.6,18.1,percent,percent,E
2015,2015,Saskatchewan,Males,65 years and over,Consultation with a health professional about emotional or mental health,4.7,1.8,7.7,percent,percent,E
2015,2015,Saskatchewan,Males,65 years and over,"Positive mental health, flourishing",87.8,81.8,93.9,percent,percent,
2015,2015,Saskatchewan,Males,65 years and over,Suicidal thoughts (15 years and over),6.7,2.5,10.9,percent,percent,E
2015,2015,Saskatchewan,Males,"Total, 12 years and over",Consultation with a health professional about emotional or mental health,10.9,7.9,13.9,percent,percent,
2015,2015,Saskatchewan,Males,"Total, 12 years and over","Positive mental health, flourishing",85.3,82.1,88.4,percent,percent,
2015,2015,Saskatchewan,Males,"Total, 12 years and over",Suicidal thoughts (15 years and over),14.0,10.6,17.4,percent,percent,
2019,2019,Alberta,Both sexes,12 to 17 years,Consultation with a health professional about emotional or mental health,17.5,12.9,23.3,percent,percent,E
2019,2019,Alberta,Both sexes,12 to 17 years,"Positive mental health, flourishing",82.8,73.0,89.6,percent,percent,
2019,2019,Alberta,Both sexes,12 to 17 years,Suicidal thoughts (15 years and over),16.8,10.6,25.7,percent,percent,E
2019,2019,Alberta,Both sexes,18 to 34 years,Consultation with a health professional about emotional or mental health,22.9,20.1,26.0,percent,percent,
2019,2019,Alberta,Both sexes,18 to 34 years,"Positive mental health, flourishing",70.5,62.4,77.4,percent,percent,
2019,2019,Alberta,Both sexes,18 to 34 years,Suicidal thoughts (15 years and over),20.1,17.0,23.6,percent,percent,
2019,2019,Alberta,Both sexes,35 to 49 years,Consultation with a health professional about emotional or mental health,20.7,17.6,24.1,percent,percent,
2019,2019,Alberta,Both sexes,35 to 49 years,"Positive mental health, flourishing",80.8,75.1,85.5,percent,percent,
2019,2019,Alberta,Both sexes,35 to 49 years,Suicidal thoughts (15 years and over),13.8,11.1,17.1,percent,percent,
2019,2019,Alberta,Both sexes,50 to 64 years,Consultation with a health professional about emotional or mental health,14.9,12.0,18.3,percent,percent,
2019,2019,Alberta,Both sexes,50 to 64 years,"Positive mental health, flourishing",79.2,71.5,85.3,percent,percent,
2019,2019,Alberta,Both sexes,50 to 64 years,Suicidal thoughts (15 years and over),10.8,8.4,13.7,percent,percent,
2019,2019,Alberta,Both sexes,65 years and over,Consultation with a health professional about emotional or mental health,9.4,8.0,11.0,percent,percent,
2019,2019,Alberta,Both sexes,65 years and over,"Positive mental health, flourishing",72.0,63.9,78.9,percent,percent,
2019,2019,Alberta,Both sexes,65 years and over,Suicidal thoughts (15 years and over),7.6,6.3,9.1,percent,percent,
2019,2019,Alberta,Both sexes,"Total, 12 years and over",Consultation with a health professional about emotional or mental health,18.1,16.7,19.7,percent,percent,
2019,2019,Alberta,Both sexes,"Total, 12 years and over","Positive mental health, flourishing",76.3,72.7,79.5,percent,percent,
2019,2019,Alberta,Both sexes,"Total, 12 years and over",Suicidal thoughts (15 years and over),14.2,12.7,15.8,percent,percent,
2019,2019,Alberta,Females,12 to 17 years,Consultation with a health professional about emotional or mental health,19.1,13.0,27.3,percent,percent,E
2019,2019,Alberta,Females,12 to 17 years,"Positive mental health, flourishing",79.2,63.3,89.4,percent,percent,
2019,2019,Alberta,Females,12 to 17 years,Suicidal thoughts (15 years and over),27.0,16.1,41.6,percent,percent,E
2019,2019,Alberta,Females,18 to 34 years,Consultation with a health professional about emotional or mental health,32.0,27.7,36.6,percent,percent,
2019,2019,Alberta,Females,18 to 34 years,"Positive mental health, flourishing",71.8,61.9,80.0,percent,percent,
2019,2019,Alberta,Females,18 to 34 years,Suicidal thoughts (15 years and over),21.4,17.4,26.2,percent,percent,
2019,2019,Alberta,Females,35 to 49 years,Consultation with a health professional about emotional or mental health,26.8,22.0,32.2,percent,percent,
2019,2019,Alberta,Females,35 to 49 years,"Positive mental health, flourishing",81.4,72.6,87.9,percent,percent,
2019,2019,Alberta,Females,35 to 49 years,Suicidal thoughts (15 years and over),14.7,11.2,19.1,percent,percent,
2019,2019,Alberta,Females,50 to 64 years,Consultation with a health professional about emotional or mental health,22.3,16.9,28.8,percent,percent,
2019,2019,Alberta,Females,50 to 64 years,"Positive mental health, flourishing",77.7,65.2,86.6,percent,percent,
2019,2019,Alberta,Females,50 to 64 years,Suicidal thoughts (15 years and over),12.1,8.7,16.5,percent,percent,E
2019,2019,Alberta,Females,65 years and over,Consultation with a health professional about emotional or mental health,12.5,10.4,15.0,percent,percent,
2019,2019,Alberta,Females,65 years and over,"Positive mental health, flourishing",74.2,62.9,83.0,percent,percent,
2019,2019,Alberta,Females,65 years and over,Suicidal thoughts (15 years and over),8.6,7.0,10.7,percent,percent,
2019,2019,Alberta,Females,"Total, 12 years and over",Consultation with a health professional about emotional or mental health,24.5,22.3,26.9,percent,percent,
2019,2019,Alberta,Females,"Total, 12 years and over","Positive mental health, flourishing",76.5,71.8,80.5,percent,percent,
2019,2019,Alberta,Females,"Total, 12 years and over",Suicidal thoughts (15 years and over),15.6,13.5,17.9,percent,percent,
2019,2019,Alberta,Males,12 to 17 years,Consultation with a health professional about emotional or mental health,16.0,10.1,24.6,percent,percent,E
2019,2019,Alberta,Males,12 to 17 years,"Positive mental health, flourishing",86.1,73.0,93.4,percent,percent,
2019,2019,Alberta,Males,18 to 34 years,Consultation with a health professional about emotional or mental health,13.9,10.4,18.4,percent,percent,
2019,2019,Alberta,Males,18 to 34 years,"Positive mental health, flourishing",69.1,57.1,79.0,percent,percent,
2019,2019,Alberta,Males,18 to 34 years,Suicidal thoughts (15 years and over),18.7,14.4,24.0,percent,percent,
2019,2019,Alberta,Males,35 to 49 years,Consultation with a health professional about emotional or mental health,14.9,11.1,19.6,percent,percent,
2019,2019,Alberta,Males,35 to 49 years,"Positive mental health, flourishing",80.2,71.6,86.7,percent,percent,
2019,2019,Alberta,Males,35 to 49 years,Suicidal thoughts (15 years and over),13.0,9.3,17.9,percent,percent,E
2019,2019,Alberta,Males,50 to 64 years,Consultation with a health professional about emotional or mental health,7.7,5.7,10.5,percent,percent,E
2019,2019,Alberta,Males,50 to 64 years,"Positive mental health, flourishing",80.8,70.5,88.1,percent,percent,
2019,2019,Alberta,Males,50 to 64 years,Suicidal thoughts (15 years and over),9.6,6.8,13.3,percent,percent,E
2019,2019,Alberta,Males,65 years and over,Consultation with a health professional about emotional or mental health,5.9,4.3,8.1,percent,percent,E
2019,2019,Alberta,Males,65 years and over,"Positive mental health, flourishing",69.6,57.9,79.2,percent,percent,
2019,2019,Alberta,Males,65 years and over,Suicidal thoughts (15 years and over),6.5,4.6,9.0,percent,percent,E
2019,2019,Alberta,Males,"Total, 12 years and over",Consultation with a health professional about emotional or mental health,11.8,10.2,13.7,percent,percent,
2019,2019,Alberta,Males,"Total, 12 years and over","Positive mental health, flourishing",76.1,70.8,80.7,percent,percent,
2019,2019,Alberta,Males,"Total, 12 years and over",Suicidal thoughts (15 years and over),12.8,10.9,15.1,percent,percent,
2019,2019,British Columbia,Both sexes,12 to 17 years,Consultation with a health professional about emotional or mental health,16.3,13.0,20.3,percent,percent,
2019,2019,British Columbia,Both sexes,12 to 17 years,"Positive mental health, flourishing",90.1,83.3,94.3,percent,percent,
2019,2019,British Columbia,Both sexes,12 to 17 years,Suicidal thoughts (15 years and over),11.4,7.2,17.6,percent,percent,E
2019,2019,British Columbia,Both sexes,18 to 34 years,Consultation with a health professional about emotional or mental health,21.5,18.3,25.1,percent,percent,
2019,2019,British Columbia,Both sexes,18 to 34 years,"Positive mental health, flourishing",70.1,63.3,76.2,percent,percent,
2019,2019,British Columbia,Both sexes,18 to 34 years,Suicidal thoughts (15 years and over),18.2,15.1,21.7,percent,percent,
2019,2019,British Columbia,Both sexes,35 to 49 years,Consultation with a health professional about emotional or mental health,21.0,18.0,24.3,percent,percent,
2019,2019,British Columbia,Both sexes,35 to 49 years,"Positive mental health, flourishing",78.1,71.7,83.3,percent,percent,
2019,2019,British Columbia,Both sexes,35 to 49 years,Suicidal thoughts (15 years and over),11.4,9.4,13.8,percent,percent,
2019,2019,British Columbia,Both sexes,50 to 64 years,Consultation with a health professional about emotional or mental health,16.6,14.0,19.6,percent,percent,
2019,2019,British Columbia,Both sexes,50 to 64 years,"Positive mental health, flourishing",75.8,69.6,81.1,percent,percent,
2019,2019,British Columbia,Both sexes,50 to 64 years,Suicidal thoughts (15 years and over),9.7,8.1,11.7,percent,percent,
2019,2019,British Columbia,Both sexes,65 years and over,Consultation with a health professional about emotional or mental health,7.7,6.4,9.2,percent,percent,
2019,2019,British Columbia,Both sexes,65 years and over,"Positive mental health, flourishing",81.9,76.4,86.4,percent,percent,
2019,2019,British Columbia,Both sexes,65 years and over,Suicidal thoughts (15 years and over),6.1,5.0,7.3,percent,percent,
2019,2019,British Columbia,Both sexes,"Total, 12 years and over",Consultation with a health professional about emotional or mental health,17.1,15.7,18.5,percent,percent,
2019,2019,British Columbia,Both sexes,"Total, 12 years and over","Positive mental health, flourishing",77.0,74.0,79.8,percent,percent,
2019,2019,British Columbia,Both sexes,"Total, 12 years and over",Suicidal thoughts (15 years and over),11.7,10.5,13.0,percent,percent,
2019,2019,British Columbia,Females,12 to 17 years,Consultation with a health professional about emotional or mental health,20.1,15.1,26.3,percent,percent,
2019,2019,British Columbia,Females,12 to 17 years,"Positive mental health, flourishing",90.4,79.4,95.9,percent,percent,
2019,2019,British Columbia,Females,12 to 17 years,Suicidal thoughts (15 years and over),18.6,10.7,30.5,percent,percent,E
2019,2019,British Columbia,Females,18 to 34 years,Consultation with a health professional about emotional or mental health,28.3,23.3,33.9,percent,percent,
2019,2019,British Columbia,Females,18 to 34 years,"Positive mental health, flourishing",70.4,59.9,79.0,percent,percent,
2019,2019,British Columbia,Females,18 to 34 years,Suicidal thoughts (15 years and over),18.2,14.5,22.5,percent,percent,
2019,2019,British Columbia,Females,35 to 49 years,Consultation with a health professional about emotional or mental health,25.1,20.5,30.3,percent,percent,
2019,2019,British Columbia,Females,35 to 49 years,"Positive mental health, flourishing",75.0,66.1,82.2,percent,percent,
2019,2019,British Columbia,Females,35 to 49 years,Suicidal thoughts (15 years and over),11.1,8.5,14.3,percent,percent,
2019,2019,British Columbia,Females,50 to 64 years,Consultation with a health professional about emotional or mental health,21.3,17.6,25.7,percent,percent,
2019,2019,British Columbia,Females,50 to 64 years,"Positive mental health, flourishing",73.9,63.4,82.2,percent,percent,
2019,2019,British Columbia,Females,50 to 64 years,Suicidal thoughts (15 years and over),10.3,8.3,12.9,percent,percent,
2019,2019,British Columbia,Females,65 years and over,Consultation with a health professional about emotional or mental health,10.0,8.1,12.2,percent,percent,
2019,2019,British Columbia,Females,65 years and over,"Positive mental health, flourishing",81.0,72.7,87.3,percent,percent,
2019,2019,British Columbia,Females,65 years and over,Suicidal thoughts (15 years and over),6.9,5.5,8.7,percent,percent,
2019,2019,British Columbia,Females,"Total, 12 years and over",Consultation with a health professional about emotional or mental health,21.5,19.5,23.7,percent,percent,
2019,2019,British Columbia,Females,"Total, 12 years and over","Positive mental health, flourishing",75.8,71.0,79.9,percent,percent,
2019,2019,British Columbia,Females,"Total, 12 years and over",Suicidal thoughts (15 years and over),12.1,10.7,13.7,percent,percent,
2019,2019,British Columbia,Males,12 to 17 years,Consultation with a health professional about emotional or mental health,12.7,8.7,18.2,percent,percent,E
2019,2019,British Columbia,Males,12 to 17 years,"Positive mental health, flourishing",89.8,80.0,95.1,percent,percent,
2019,2019,British Columbia,Males,18 to 34 years,Consultation with a health professional about emotional or mental health,14.7,11.0,19.5,percent,percent,
2019,2019,British Columbia,Males,18 to 34 years,"Positive mental health, flourishing",69.9,59.5,78.6,percent,percent,
2019,2019,British Columbia,Males,18 to 34 years,Suicidal thoughts (15 years and over),18.2,13.4,24.1,percent,percent,
2019,2019,British Columbia,Males,35 to 49 years,Consultation with a health professional about emotional or mental health,16.8,12.9,21.7,percent,percent,
2019,2019,British Columbia,Males,35 to 49 years,"Positive mental health, flourishing",81.3,71.4,88.4,percent,percent,
2019,2019,British Columbia,Males,35 to 49 years,Suicidal thoughts (15 years and over),11.7,8.8,15.4,percent,percent,
2019,2019,British Columbia,Males,50 to 64 years,Consultation with a health professional about emotional or mental health,11.6,8.2,16.0,percent,percent,E
2019,2019,British Columbia,Males,50 to 64 years,"Positive mental health, flourishing",77.9,69.3,84.7,percent,percent,
2019,2019,British Columbia,Males,50 to 64 years,Suicidal thoughts (15 years and over),9.1,6.7,12.3,percent,percent,E
2019,2019,British Columbia,Males,65 years and over,Consultation with a health professional about emotional or mental health,5.0,3.5,7.1,percent,percent,E
2019,2019,British Columbia,Males,65 years and over,"Positive mental health, flourishing",82.9,74.0,89.2,percent,percent,
2019,2019,British Columbia,Males,65 years and over,Suicidal thoughts (15 years and over),5.1,3.7,6.8,percent,percent,E
2019,2019,British Columbia,Males,"Total, 12 years and over",Consultation with a health professional about emotional or mental health,12.5,10.7,14.4,percent,percent,
2019,2019,British Columbia,Males,"Total, 12 years and over","Positive mental health, flourishing",78.4,73.6,82.4,percent,percent,
2019,2019,British Columbia,Males,"Total, 12 years and over",Suicidal thoughts (15 years and over),11.3,9.5,13.4,percent,percent,
2019,2019,Canada (excluding territories),Both sexes,12 to 17 years,Consultation with a health professional about emotional or mental health,16.5,14.9,18.3,percent,percent,
2019,2019,Canada (excluding territories),Both sexes,12 to 17 years,"Positive mental health, flourishing",86.8,83.7,89.4,percent,percent,
2019,2019,Canada (excluding territories),Both sexes,12 to 17 years,Suicidal thoughts (15 years and over),12.1,10.0,14.6,percent,percent,
2019,2019,Canada (excluding territories),Both sexes,18 to 34 years,Consultation with a health professional about emotional or mental health,20.9,19.7,22.2,percent,percent,
2019,2019,Canada (excluding territories),Both sexes,18 to 34 years,"Positive mental health, flourishing",79.0,76.4,81.3,percent,percent,
2019,2019,Canada (excluding territories),Both sexes,18 to 34 years,Suicidal thoughts (15 years and over),17.4,16.2,18.5,percent,percent,
2019,2019,Canada (excluding territories),Both sexes,35 to 49 years,Consultation with a health professional about emotional or mental health,18.9,17.8,20.1,percent,percent,
2019,2019,Canada (excluding territories),Both sexes,35 to 49 years,"Positive mental health, flourishing",81.8,79.4,83.9,percent,percent,
2019,2019,Canada (excluding territories),Both sexes,35 to 49 years,Suicidal thoughts (15 years and over),12.1,11.2,13.1,percent,percent,
2019,2019,Canada (excluding territories),Both sexes,50 to 64 years,Consultation with a health professional about emotional or mental health,14.1,13.1,15.1,percent,percent,
2019,2019,Canada (excluding territories),Both sexes,50 to 64 years,"Positive mental health, flourishing",80.9,78.5,83.1,percent,percent,
2019,2019,Canada (excluding territories),Both sexes,50 to 64 years,Suicidal thoughts (15 years and over),11.6,10.8,12.5,percent,percent,
2019,2019,Canada (excluding territories),Both sexes,65 years and over,Consultation with a health professional about emotional or mental health,7.1,6.6,7.7,percent,percent,
2019,2019,Canada (excluding territories),Both sexes,65 years and over,"Positive mental health, flourishing",80.7,78.6,82.7,percent,percent,
2019,2019,Canada (excluding territories),Both sexes,65 years and over,Suicidal thoughts (15 years and over),7.0,6.6,7.6,percent,percent,
2019,2019,Canada (excluding territories),Both sexes,"Total, 12 years and over",Consultation with a health professional about emotional or mental health,15.9,15.3,16.4,percent,percent,
2019,2019,Canada (excluding territories),Both sexes,"Total, 12 years and over","Positive mental health, flourishing",81.0,79.9,82.0,percent,percent,
2019,2019,Canada (excluding territories),Both sexes,"Total, 12 years and over",Suicidal thoughts (15 years and over),12.4,12.0,12.9,percent,percent,
2019,2019,Canada (excluding territories),Females,12 to 17 years,Consultation with a health professional about emotional or mental health,20.9,18.3,23.7,percent,percent,
2019,2019,Canada (excluding territories),Females,12 to 17 years,"Positive mental health, flourishing",83.7,78.9,87.5,percent,percent,
2019,2019,Canada (excluding territories),Females,12 to 17 years,Suicidal thoughts (15 years and over),18.7,14.9,23.1,percent,percent,
2019,2019,Canada (excluding territories),Females,18 to 34 years,Consultation with a health professional about emotional or mental health,28.4,26.6,30.2,percent,percent,
2019,2019,Canada (excluding territories),Females,18 to 34 years,"Positive mental health, flourishing",78.7,75.0,82.0,percent,percent,
2019,2019,Canada (excluding territories),Females,18 to 34 years,Suicidal thoughts (15 years and over),17.8,16.3,19.5,percent,percent,
2019,2019,Canada (excluding territories),Females,35 to 49 years,Consultation with a health professional about emotional or mental health,23.9,22.2,25.7,percent,percent,
2019,2019,Canada (excluding territories),Females,35 to 49 years,"Positive mental health, flourishing",83.0,79.7,85.8,percent,percent,
2019,2019,Canada (excluding territories),Females,35 to 49 years,Suicidal thoughts (15 years and over),13.2,12.0,14.6,percent,percent,
2019,2019,Canada (excluding territories),Females,50 to 64 years,Consultation with a health professional about emotional or mental health,17.7,16.3,19.2,percent,percent,
2019,2019,Canada (excluding territories),Females,50 to 64 years,"Positive mental health, flourishing",79.4,75.8,82.6,percent,percent,
2019,2019,Canada (excluding territories),Females,50 to 64 years,Suicidal thoughts (15 years and over),12.4,11.2,13.6,percent,percent,
2019,2019,Canada (excluding territories),Females,65 years and over,Consultation with a health professional about emotional or mental health,9.0,8.3,9.8,percent,percent,
2019,2019,Canada (excluding territories),Females,65 years and over,"Positive mental health, flourishing",80.4,77.3,83.1,percent,percent,
2019,2019,Canada (excluding territories),Females,65 years and over,Suicidal thoughts (15 years and over),8.2,7.5,9.0,percent,percent,
2019,2019,Canada (excluding territories),Females,"Total, 12 years and over",Consultation with a health professional about emotional or mental health,20.4,19.6,21.2,percent,percent,
2019,2019,Canada (excluding territories),Females,"Total, 12 years and over","Positive mental health, flourishing",80.5,78.9,82.1,percent,percent,
2019,2019,Canada (excluding territories),Females,"Total, 12 years and over",Suicidal thoughts (15 years and over),13.4,12.8,14.0,percent,percent,
2019,2019,Canada (excluding territories),Males,12 to 17 years,Consultation with a health professional about emotional or mental health,12.3,10.3,14.6,percent,percent,
2019,2019,Canada (excluding territories),Males,12 to 17 years,"Positive mental health, flourishing",89.8,85.5,92.9,percent,percent,
2019,2019,Canada (excluding territories),Males,12 to 17 years,Suicidal thoughts (15 years and over),6.3,4.2,9.2,percent,percent,E
2019,2019,Canada (excluding territories),Males,18 to 34 years,Consultation with a health professional about emotional or mental health,13.5,12.1,15.1,percent,percent,
2019,2019,Canada (excluding territories),Males,18 to 34 years,"Positive mental health, flourishing",79.2,75.5,82.5,percent,percent,
2019,2019,Canada (excluding territories),Males,18 to 34 years,Suicidal thoughts (15 years and over),16.9,15.2,18.8,percent,percent,
2019,2019,Canada (excluding territories),Males,35 to 49 years,Consultation with a health professional about emotional or mental health,13.8,12.4,15.3,percent,percent,
2019,2019,Canada (excluding territories),Males,35 to 49 years,"Positive mental health, flourishing",80.5,76.8,83.8,percent,percent,
2019,2019,Canada (excluding territories),Males,35 to 49 years,Suicidal thoughts (15 years and over),11.0,9.7,12.4,percent,percent,
2019,2019,Canada (excluding territories),Males,50 to 64 years,Consultation with a health professional about emotional or mental health,10.4,9.2,11.7,percent,percent,
2019,2019,Canada (excluding territories),Males,50 to 64 years,"Positive mental health, flourishing",82.5,79.2,85.3,percent,percent,
2019,2019,Canada (excluding territories),Males,50 to 64 years,Suicidal thoughts (15 years and over),10.8,9.7,12.1,percent,percent,
2019,2019,Canada (excluding territories),Males,65 years and over,Consultation with a health professional about emotional or mental health,4.9,4.3,5.5,percent,percent,
2019,2019,Canada (excluding territories),Males,65 years and over,"Positive mental health, flourishing",81.1,78.1,83.8,percent,percent,
2019,2019,Canada (excluding territories),Males,65 years and over,Suicidal thoughts (15 years and over),5.7,5.1,6.3,percent,percent,
2019,2019,Canada (excluding territories),Males,"Total, 12 years and over",Consultation with a health professional about emotional or mental health,11.2,10.6,11.8,percent,percent,
2019,2019,Canada (excluding territories),Males,"Total, 12 years and over","Positive mental health, flourishing",81.4,79.9,82.9,percent,percent,
2019,2019,Canada (excluding territories),Males,"Total, 12 years and over",Suicidal thoughts (15 years and over),11.5,10.8,12.1,percent,percent,
2019,2019,Manitoba,Both sexes,12 to 17 years,Consultation with a health professional about emotional or mental health,10.2,6.3,16.0,percent,percent,E
2019,2019,Manitoba,Both sexes,12 to 17 years,"Positive mental health, flourishing",91.1,79.7,96.4,percent,percent,
2019,2019,Manitoba,Both sexes,12 to 17 years,Suicidal thoughts (15 years and over),8.3,4.3,15.7,percent,percent,E
2019,2019,Manitoba,Both sexes,18 to 34 years,Consultation with a health professional about emotional or mental health,19.6,15.4,24.7,percent,percent,
2019,2019,Manitoba,Both sexes,18 to 34 years,"Positive mental health, flourishing",88.1,80.0,93.2,percent,percent,
2019,2019,Manitoba,Both sexes,18 to 34 years,Suicidal thoughts (15 years and over),21.9,17.0,27.7,percent,percent,
2019,2019,Manitoba,Both sexes,35 to 49 years,Consultation with a health professional about emotional or mental health,12.4,9.1,16.8,percent,percent,E
2019,2019,Manitoba,Both sexes,35 to 49 years,"Positive mental health, flourishing",83.8,70.7,91.8,percent,percent,
2019,2019,Manitoba,Both sexes,35 to 49 years,Suicidal thoughts (15 years and over),11.2,7.9,15.7,percent,percent,E
2019,2019,Manitoba,Both sexes,50 to 64 years,Consultation with a health professional about emotional or mental health,16.5,11.7,22.6,percent,percent,E
2019,2019,Manitoba,Both sexes,50 to 64 years,"Positive mental health, flourishing",78.9,68.6,86.4,percent,percent,
2019,2019,Manitoba,Both sexes,50 to 64 years,Suicidal thoughts (15 years and over),14.4,10.2,20.1,percent,percent,E
2019,2019,Manitoba,Both sexes,65 years and over,Consultation with a health professional about emotional or mental health,8.1,6.7,9.7,percent,percent,
2019,2019,Manitoba,Both sexes,65 years and over,"Positive mental health, flourishing",85.2,75.4,91.5,percent,percent,
2019,2019,Manitoba,Both sexes,65 years and over,Suicidal thoughts (15 years and over),8.2,6.7,10.0,percent,percent,
2019,2019,Manitoba,Both sexes,"Total, 12 years and over",Consultation with a health professional about emotional or mental health,14.5,12.4,16.8,percent,percent,
2019,2019,Manitoba,Both sexes,"Total, 12 years and over","Positive mental health, flourishing",84.7,79.7,88.7,percent,percent,
2019,2019,Manitoba,Both sexes,"Total, 12 years and over",Suicidal thoughts (15 years and over),14.5,12.4,17.0,percent,percent,
2019,2019,Manitoba,Females,12 to 17 years,Consultation with a health professional about emotional or mental health,12.8,6.9,22.5,percent,percent,E
2019,2019,Manitoba,Females,12 to 17 years,"Positive mental health, flourishing",88.2,71.1,95.8,percent,percent,
2019,2019,Manitoba,Females,18 to 34 years,Consultation with a health professional about emotional or mental health,29.1,22.2,37.2,percent,percent,
2019,2019,Manitoba,Females,18 to 34 years,"Positive mental health, flourishing",86.1,75.1,92.7,percent,percent,
2019,2019,Manitoba,Females,18 to 34 years,Suicidal thoughts (15 years and over),23.4,16.8,31.5,percent,percent,E
2019,2019,Manitoba,Females,35 to 49 years,Consultation with a health professional about emotional or mental health,18.3,12.6,25.8,percent,percent,E
2019,2019,Manitoba,Females,35 to 49 years,"Positive mental health, flourishing",90.8,77.5,96.6,percent,percent,
2019,2019,Manitoba,Females,35 to 49 years,Suicidal thoughts (15 years and over),13.2,8.4,20.1,percent,percent,E
2019,2019,Manitoba,Females,50 to 64 years,Consultation with a health professional about emotional or mental health,19.9,13.5,28.3,percent,percent,E
2019,2019,Manitoba,Females,50 to 64 years,"Positive mental health, flourishing",77.8,64.7,87.0,percent,percent,
2019,2019,Manitoba,Females,50 to 64 years,Suicidal thoughts (15 years and over),14.8,9.3,22.6,percent,percent,E
2019,2019,Manitoba,Females,65 years and over,Consultation with a health professional about emotional or mental health,10.1,8.0,12.7,percent,percent,
2019,2019,Manitoba,Females,65 years and over,"Positive mental health, flourishing",88.5,77.7,94.4,percent,percent,
2019,2019,Manitoba,Females,65 years and over,Suicidal thoughts (15 years and over),8.7,6.9,10.9,percent,percent,
2019,2019,Manitoba,Females,"Total, 12 years and over",Consultation with a health professional about emotional or mental health,19.7,16.5,23.3,percent,percent,
2019,2019,Manitoba,Females,"Total, 12 years and over","Positive mental health, flourishing",85.9,80.6,90.0,percent,percent,
2019,2019,Manitoba,Females,"Total, 12 years and over",Suicidal thoughts (15 years and over),15.7,12.8,19.1,percent,percent,
2019,2019,Manitoba,Males,12 to 17 years,"Positive mental health, flourishing",94.0,74.7,98.8,percent,percent,
2019,2019,Manitoba,Males,18 to 34 years,Consultation with a health professional about emotional or mental health,10.5,6.4,16.7,percent,percent,E
2019,2019,Manitoba,Males,18 to 34 years,"Positive mental health, flourishing",90.0,76.0,96.3,percent,percent,
2019,2019,Manitoba,Males,18 to 34 years,Suicidal thoughts (15 years and over),20.6,13.7,29.7,percent,percent,E
2019,2019,Manitoba,Males,35 to 49 years,Consultation with a health professional about emotional or mental health,6.1,3.4,10.6,percent,percent,E
2019,2019,Manitoba,Males,35 to 49 years,"Positive mental health, flourishing",76.6,52.9,90.5,percent,percent,
2019,2019,Manitoba,Males,35 to 49 years,Suicidal thoughts (15 years and over),9.1,5.4,14.8,percent,percent,E
2019,2019,Manitoba,Males,50 to 64 years,Consultation with a health professional about emotional or mental health,13.1,7.9,20.8,percent,percent,E
2019,2019,Manitoba,Males,50 to 64 years,"Positive mental health, flourishing",80.0,63.5,90.2,percent,percent,
2019,2019,Manitoba,Males,50 to 64 years,Suicidal thoughts (15 years and over),14.1,8.8,21.9,percent,percent,E
2019,2019,Manitoba,Males,65 years and over,Consultation with a health professional about emotional or mental health,5.7,4.1,7.9,percent,percent,E
2019,2019,Manitoba,Males,65 years and over,"Positive mental health, flourishing",81.0,62.1,91.8,percent,percent,
2019,2019,Manitoba,Males,65 years and over,Suicidal thoughts (15 years and over),7.6,5.4,10.7,percent,percent,E
2019,2019,Manitoba,Males,"Total, 12 years and over",Consultation with a health professional about emotional or mental health,9.1,7.1,11.6,percent,percent,
2019,2019,Manitoba,Males,"Total, 12 years and over","Positive mental health, flourishing",83.5,74.9,89.5,percent,percent,
2019,2019,Manitoba,Males,"Total, 12 years and over",Suicidal thoughts (15 years and over),13.3,10.4,16.9,percent,percent,
2019,2019,New Brunswick,Both sexes,12 to 17 years,Consultation with a health professional about emotional or mental health,17.4,11.4,25.7,percent,percent,E
2019,2019,New Brunswick,Both sexes,12 to 17 years,"Positive mental health, flourishing",89.2,72.5,96.3,percent,percent,
2019,2019,New Brunswick,Both sexes,18 to 34 years,Consultation with a health professional about emotional or mental health,29.3,23.2,36.4,percent,percent,
2019,2019,New Brunswick,Both sexes,18 to 34 years,"Positive mental health, flourishing",82.4,68.9,90.8,percent,percent,
2019,2019,New Brunswick,Both sexes,18 to 34 years,Suicidal thoughts (15 years and over),23.2,17.7,29.8,percent,percent,
2019,2019,New Brunswick,Both sexes,35 to 49 years,Consultation with a health professional about emotional or mental health,16.3,11.5,22.5,percent,percent,E
2019,2019,New Brunswick,Both sexes,35 to 49 years,"Positive mental health, flourishing",76.2,60.4,87.0,percent,percent,
2019,2019,New Brunswick,Both sexes,35 to 49 years,Suicidal thoughts (15 years and over),14.6,10.3,20.1,percent,percent,E
2019,2019,New Brunswick,Both sexes,50 to 64 years,Consultation with a health professional about emotional or mental health,10.8,7.8,14.7,percent,percent,E
2019,2019,New Brunswick,Both sexes,50 to 64 years,"Positive mental health, flourishing",82.6,69.6,90.8,percent,percent,
2019,2019,New Brunswick,Both sexes,50 to 64 years,Suicidal thoughts (15 years and over),15.7,11.6,20.9,percent,percent,
2019,2019,New Brunswick,Both sexes,65 years and over,Consultation with a health professional about emotional or mental health,6.8,5.6,8.2,percent,percent,
2019,2019,New Brunswick,Both sexes,65 years and over,"Positive mental health, flourishing",85.9,77.3,91.6,percent,percent,
2019,2019,New Brunswick,Both sexes,65 years and over,Suicidal thoughts (15 years and over),5.8,4.7,7.1,percent,percent,
2019,2019,New Brunswick,Both sexes,"Total, 12 years and over",Consultation with a health professional about emotional or mental health,15.6,13.6,17.9,percent,percent,
2019,2019,New Brunswick,Both sexes,"Total, 12 years and over","Positive mental health, flourishing",82.2,77.4,86.2,percent,percent,
2019,2019,New Brunswick,Both sexes,"Total, 12 years and over",Suicidal thoughts (15 years and over),14.6,12.5,17.0,percent,percent,
2019,2019,New Brunswick,Females,12 to 17 years,Consultation with a health professional about emotional or mental health,23.1,13.3,36.9,percent,percent,E
2019,2019,New Brunswick,Females,18 to 34 years,Consultation with a health professional about emotional or mental health,34.6,25.8,44.5,percent,percent,
2019,2019,New Brunswick,Females,18 to 34 years,"Positive mental health, flourishing",77.1,54.4,90.4,percent,percent,
2019,2019,New Brunswick,Females,18 to 34 years,Suicidal thoughts (15 years and over),23.2,15.9,32.5,percent,percent,E
2019,2019,New Brunswick,Females,35 to 49 years,Consultation with a health professional about emotional or mental health,20.0,13.0,29.4,percent,percent,E
2019,2019,New Brunswick,Females,35 to 49 years,"Positive mental health, flourishing",76.5,54.7,89.7,percent,percent,
2019,2019,New Brunswick,Females,35 to 49 years,Suicidal thoughts (15 years and over),15.0,9.8,22.4,percent,percent,E
2019,2019,New Brunswick,Females,50 to 64 years,Consultation with a health professional about emotional or mental health,9.0,6.0,13.2,percent,percent,E
2019,2019,New Brunswick,Females,50 to 64 years,"Positive mental health, flourishing",79.5,65.3,88.9,percent,percent,
2019,2019,New Brunswick,Females,50 to 64 years,Suicidal thoughts (15 years and over),17.2,11.0,25.9,percent,percent,E
2019,2019,New Brunswick,Females,65 years and over,Consultation with a health professional about emotional or mental health,9.2,7.3,11.5,percent,percent,
2019,2019,New Brunswick,Females,65 years and over,"Positive mental health, flourishing",88.2,79.3,93.6,percent,percent,
2019,2019,New Brunswick,Females,65 years and over,Suicidal thoughts (15 years and over),6.3,4.8,8.1,percent,percent,
2019,2019,New Brunswick,Females,"Total, 12 years and over",Consultation with a health professional about emotional or mental health,17.7,15.0,20.8,percent,percent,
2019,2019,New Brunswick,Females,"Total, 12 years and over","Positive mental health, flourishing",80.2,72.4,86.2,percent,percent,
2019,2019,New Brunswick,Females,"Total, 12 years and over",Suicidal thoughts (15 years and over),15.3,12.1,19.2,percent,percent,
2019,2019,New Brunswick,Males,12 to 17 years,"Positive mental health, flourishing",94.7,74.8,99.1,percent,percent,
2019,2019,New Brunswick,Males,18 to 34 years,Consultation with a health professional about emotional or mental health,24.1,15.6,35.4,percent,percent,E
2019,2019,New Brunswick,Males,18 to 34 years,"Positive mental health, flourishing",86.1,66.0,95.2,percent,percent,
2019,2019,New Brunswick,Males,18 to 34 years,Suicidal thoughts (15 years and over),23.3,14.7,34.7,percent,percent,E
2019,2019,New Brunswick,Males,35 to 49 years,Consultation with a health professional about emotional or mental health,12.4,6.9,21.3,percent,percent,E
2019,2019,New Brunswick,Males,35 to 49 years,"Positive mental health, flourishing",75.6,49.6,90.7,percent,percent,E
2019,2019,New Brunswick,Males,35 to 49 years,Suicidal thoughts (15 years and over),14.1,8.1,23.1,percent,percent,E
2019,2019,New Brunswick,Males,50 to 64 years,Consultation with a health professional about emotional or mental health,12.7,7.8,19.9,percent,percent,E
2019,2019,New Brunswick,Males,50 to 64 years,"Positive mental health, flourishing",85.7,60.7,95.9,percent,percent,
2019,2019,New Brunswick,Males,50 to 64 years,Suicidal thoughts (15 years and over),14.1,9.4,20.8,percent,percent,E
2019,2019,New Brunswick,Males,65 years and over,Consultation with a health professional about emotional or mental health,3.9,2.7,5.5,percent,percent,E
2019,2019,New Brunswick,Males,65 years and over,"Positive mental health, flourishing",83.5,69.1,91.9,percent,percent,
2019,2019,New Brunswick,Males,65 years and over,Suicidal thoughts (15 years and over),5.2,3.8,7.2,percent,percent,E
2019,2019,New Brunswick,Males,"Total, 12 years and over",Consultation with a health professional about emotional or mental health,13.3,10.4,16.9,percent,percent,
2019,2019,New Brunswick,Males,"Total, 12 years and over","Positive mental health, flourishing",84.3,76.3,89.9,percent,percent,
2019,2019,New Brunswick,Males,"Total, 12 years and over",Suicidal thoughts (15 years and over),13.9,11.0,17.4,percent,percent,
2019,2019,Newfoundland and Labrador,Both sexes,12 to 17 years,Consultation with a health professional about emotional or mental health,18.1,11.0,28.3,percent,percent,E
2019,2019,Newfoundland and Labrador,Both sexes,12 to 17 years,"Positive mental health, flourishing",83.0,61.1,93.8,percent,percent,
2019,2019,Newfoundland and Labrador,Both sexes,18 to 34 years,Consultation with a health professional about emotional or mental health,21.2,15.1,28.8,percent,percent,E
2019,2019,Newfoundland and Labrador,Both sexes,18 to 34 years,"Positive mental health, flourishing",87.1,68.3,95.5,percent,percent,
2019,2019,Newfoundland and Labrador,Both sexes,18 to 34 years,Suicidal thoughts (15 years and over),20.7,14.2,29.2,percent,percent,E
2019,2019,Newfoundland and Labrador,Both sexes,35 to 49 years,Consultation with a health professional about emotional or mental health,19.2,13.4,26.7,percent,percent,E
2019,2019,Newfoundland and Labrador,Both sexes,35 to 49 years,"Positive mental health, flourishing",89.5,75.6,95.9,percent,percent,
2019,2019,Newfoundland and Labrador,Both sexes,35 to 49 years,Suicidal thoughts (15 years and over),12.5,8.1,18.8,percent,percent,E
2019,2019,Newfoundland and Labrador,Both sexes,50 to 64 years,Consultation with a health professional about emotional or mental health,14.1,9.9,19.7,percent,percent,E
2019,2019,Newfoundland and Labrador,Both sexes,50 to 64 years,"Positive mental health, flourishing",84.6,73.4,91.6,percent,percent,
2019,2019,Newfoundland and Labrador,Both sexes,50 to 64 years,Suicidal thoughts (15 years and over),8.7,5.7,12.9,percent,percent,E
2019,2019,Newfoundland and Labrador,Both sexes,65 years and over,Consultation with a health professional about emotional or mental health,5.2,3.9,6.8,percent,percent,
2019,2019,Newfoundland and Labrador,Both sexes,65 years and over,"Positive mental health, flourishing",86.1,74.1,93.1,percent,percent,
2019,2019,Newfoundland and Labrador,Both sexes,65 years and over,Suicidal thoughts (15 years and over),3.3,2.3,4.7,percent,percent,E
2019,2019,Newfoundland and Labrador,Both sexes,"Total, 12 years and over",Consultation with a health professional about emotional or mental health,15.0,12.5,17.8,percent,percent,
2019,2019,Newfoundland and Labrador,Both sexes,"Total, 12 years and over","Positive mental health, flourishing",86.5,81.9,90.0,percent,percent,
2019,2019,Newfoundland and Labrador,Both sexes,"Total, 12 years and over",Suicidal thoughts (15 years and over),11.1,8.9,13.6,percent,percent,
2019,2019,Newfoundland and Labrador,Females,12 to 17 years,Consultation with a health professional about emotional or mental health,26.0,14.2,42.6,percent,percent,E
2019,2019,Newfoundland and Labrador,Females,18 to 34 years,Consultation with a health professional about emotional or mental health,24.9,15.5,37.5,percent,percent,E
2019,2019,Newfoundland and Labrador,Females,18 to 34 years,"Positive mental health, flourishing",93.0,75.7,98.3,percent,percent,
2019,2019,Newfoundland and Labrador,Females,35 to 49 years,Consultation with a health professional about emotional or mental health,25.3,16.3,37.1,percent,percent,E
2019,2019,Newfoundland and Labrador,Females,35 to 49 years,"Positive mental health, flourishing",82.0,60.6,93.1,percent,percent,
2019,2019,Newfoundland and Labrador,Females,35 to 49 years,Suicidal thoughts (15 years and over),15.4,8.2,27.0,percent,percent,E
2019,2019,Newfoundland and Labrador,Females,50 to 64 years,Consultation with a health professional about emotional or mental health,18.2,12.0,26.5,percent,percent,E
2019,2019,Newfoundland and Labrador,Females,50 to 64 years,"Positive mental health, flourishing",86.1,67.8,94.8,percent,percent,
2019,2019,Newfoundland and Labrador,Females,50 to 64 years,Suicidal thoughts (15 years and over),9.3,5.1,16.2,percent,percent,E
2019,2019,Newfoundland and Labrador,Females,65 years and over,Consultation with a health professional about emotional or mental health,6.5,4.8,8.8,percent,percent,E
2019,2019,Newfoundland and Labrador,Females,65 years and over,"Positive mental health, flourishing",81.8,65.8,91.3,percent,percent,
2019,2019,Newfoundland and Labrador,Females,65 years and over,Suicidal thoughts (15 years and over),2.7,1.6,4.5,percent,percent,E
2019,2019,Newfoundland and Labrador,Females,"Total, 12 years and over",Consultation with a health professional about emotional or mental health,18.8,15.0,23.4,percent,percent,
2019,2019,Newfoundland and Labrador,Females,"Total, 12 years and over","Positive mental health, flourishing",85.2,79.6,89.5,percent,percent,
2019,2019,Newfoundland and Labrador,Females,"Total, 12 years and over",Suicidal thoughts (15 years and over),9.0,6.4,12.5,percent,percent,E
2019,2019,Newfoundland and Labrador,Males,18 to 34 years,Consultation with a health professional about emotional or mental health,17.4,10.0,28.7,percent,percent,E
2019,2019,Newfoundland and Labrador,Males,18 to 34 years,"Positive mental health, flourishing",82.9,58.3,94.4,percent,percent,
2019,2019,Newfoundland and Labrador,Males,18 to 34 years,Suicidal thoughts (15 years and over),32.6,21.6,45.9,percent,percent,E
2019,2019,Newfoundland and Labrador,Males,35 to 49 years,Consultation with a health professional about emotional or mental health,12.4,6.9,21.3,percent,percent,E
2019,2019,Newfoundland and Labrador,Males,35 to 49 years,"Positive mental health, flourishing",94.6,77.2,98.9,percent,percent,
2019,2019,Newfoundland and Labrador,Males,35 to 49 years,Suicidal thoughts (15 years and over),9.3,5.4,15.7,percent,percent,E
2019,2019,Newfoundland and Labrador,Males,50 to 64 years,Consultation with a health professional about emotional or mental health,9.9,5.7,16.6,percent,percent,E
2019,2019,Newfoundland and Labrador,Males,50 to 64 years,"Positive mental health, flourishing",82.8,66.4,92.2,percent,percent,
2019,2019,Newfoundland and Labrador,Males,50 to 64 years,Suicidal thoughts (15 years and over),8.1,4.2,14.8,percent,percent,E
2019,2019,Newfoundland and Labrador,Males,65 years and over,Consultation with a health professional about emotional or mental health,3.5,2.1,5.8,percent,percent,E
2019,2019,Newfoundland and Labrador,Males,65 years and over,"Positive mental health, flourishing",92.1,75.1,97.8,percent,percent,
2019,2019,Newfoundland and Labrador,Males,65 years and over,Suicidal thoughts (15 years and over),4.0,2.4,6.6,percent,percent,E
2019,2019,Newfoundland and Labrador,Males,"Total, 12 years and over",Consultation with a health professional about emotional or mental health,10.8,8.0,14.3,percent,percent,
2019,2019,Newfoundland and Labrador,Males,"Total, 12 years and over","Positive mental health, flourishing",87.6,80.1,92.6,percent,percent,
2019,2019,Newfoundland and Labrador,Males,"Total, 12 years and over",Suicidal thoughts (15 years and over),13.3,10.2,17.2,percent,percent,
2019,2019,Nova Scotia,Both sexes,12 to 17 years,Consultation with a health professional about emotional or mental health,17.3,11.3,25.6,percent,percent,E
2019,2019,Nova Scotia,Both sexes,12 to 17 years,"Positive mental health, flourishing",91.8,76.9,97.4,percent,percent,
2019,2019,Nova Scotia,Both sexes,18 to 34 years,Consultation with a health professional about emotional or mental health,28.8,23.6,34.8,percent,percent,
2019,2019,Nova Scotia,Both sexes,18 to 34 years,"Positive mental health, flourishing",78.1,66.7,86.4,percent,percent,
2019,2019,Nova Scotia,Both sexes,18 to 34 years,Suicidal thoughts (15 years and over),18.9,14.0,25.0,percent,percent,
2019,2019,Nova Scotia,Both sexes,35 to 49 years,Consultation with a health professional about emotional or mental health,22.7,17.7,28.5,percent,percent,
2019,2019,Nova Scotia,Both sexes,35 to 49 years,"Positive mental health, flourishing",66.6,50.1,79.8,percent,percent,
2019,2019,Nova Scotia,Both sexes,35 to 49 years,Suicidal thoughts (15 years and over),17.2,12.9,22.5,percent,percent,
2019,2019,Nova Scotia,Both sexes,50 to 64 years,Consultation with a health professional about emotional or mental health,18.3,14.5,22.8,percent,percent,
2019,2019,Nova Scotia,Both sexes,50 to 64 years,"Positive mental health, flourishing",82.5,73.6,88.9,percent,percent,
2019,2019,Nova Scotia,Both sexes,50 to 64 years,Suicidal thoughts (15 years and over),13.3,9.9,17.8,percent,percent,E
2019,2019,Nova Scotia,Both sexes,65 years and over,Consultation with a health professional about emotional or mental health,8.6,7.2,10.3,percent,percent,
2019,2019,Nova Scotia,Both sexes,65 years and over,"Positive mental health, flourishing",83.5,75.2,89.4,percent,percent,
2019,2019,Nova Scotia,Both sexes,65 years and over,Suicidal thoughts (15 years and over),6.4,5.2,7.9,percent,percent,
2019,2019,Nova Scotia,Both sexes,"Total, 12 years and over",Consultation with a health professional about emotional or mental health,19.5,17.3,21.9,percent,percent,
2019,2019,Nova Scotia,Both sexes,"Total, 12 years and over","Positive mental health, flourishing",78.9,74.4,82.8,percent,percent,
2019,2019,Nova Scotia,Both sexes,"Total, 12 years and over",Suicidal thoughts (15 years and over),13.8,11.8,16.2,percent,percent,
2019,2019,Nova Scotia,Females,12 to 17 years,Consultation with a health professional about emotional or mental health,19.1,11.1,30.8,percent,percent,E
2019,2019,Nova Scotia,Females,18 to 34 years,Consultation with a health professional about emotional or mental health,41.0,32.8,49.6,percent,percent,
2019,2019,Nova Scotia,Females,18 to 34 years,"Positive mental health, flourishing",78.3,64.6,87.7,percent,percent,
2019,2019,Nova Scotia,Females,18 to 34 years,Suicidal thoughts (15 years and over),22.5,15.9,30.9,percent,percent,E
2019,2019,Nova Scotia,Females,35 to 49 years,Consultation with a health professional about emotional or mental health,31.3,23.6,40.1,percent,percent,
2019,2019,Nova Scotia,Females,35 to 49 years,"Positive mental health, flourishing",74.8,49.0,90.2,percent,percent,E
2019,2019,Nova Scotia,Females,35 to 49 years,Suicidal thoughts (15 years and over),19.9,13.9,27.6,percent,percent,E
2019,2019,Nova Scotia,Females,50 to 64 years,Consultation with a health professional about emotional or mental health,20.0,15.1,26.0,percent,percent,
2019,2019,Nova Scotia,Females,50 to 64 years,"Positive mental health, flourishing",85.1,74.9,91.6,percent,percent,
2019,2019,Nova Scotia,Females,50 to 64 years,Suicidal thoughts (15 years and over),10.8,7.4,15.5,percent,percent,E
2019,2019,Nova Scotia,Females,65 years and over,Consultation with a health professional about emotional or mental health,10.0,8.0,12.5,percent,percent,
2019,2019,Nova Scotia,Females,65 years and over,"Positive mental health, flourishing",86.1,76.6,92.1,percent,percent,
2019,2019,Nova Scotia,Females,65 years and over,Suicidal thoughts (15 years and over),6.6,5.0,8.7,percent,percent,
2019,2019,Nova Scotia,Females,"Total, 12 years and over",Consultation with a health professional about emotional or mental health,24.9,21.7,28.3,percent,percent,
2019,2019,Nova Scotia,Females,"Total, 12 years and over","Positive mental health, flourishing",81.6,76.1,86.0,percent,percent,
2019,2019,Nova Scotia,Females,"Total, 12 years and over",Suicidal thoughts (15 years and over),14.8,12.2,17.7,percent,percent,
2019,2019,Nova Scotia,Males,18 to 34 years,Consultation with a health professional about emotional or mental health,16.1,10.1,24.7,percent,percent,E
2019,2019,Nova Scotia,Males,18 to 34 years,"Positive mental health, flourishing",77.8,56.9,90.3,percent,percent,
2019,2019,Nova Scotia,Males,18 to 34 years,Suicidal thoughts (15 years and over),15.2,8.9,24.8,percent,percent,E
2019,2019,Nova Scotia,Males,35 to 49 years,Consultation with a health professional about emotional or mental health,13.2,7.9,21.2,percent,percent,E
2019,2019,Nova Scotia,Males,35 to 49 years,"Positive mental health, flourishing",58.0,38.9,75.0,percent,percent,E
2019,2019,Nova Scotia,Males,35 to 49 years,Suicidal thoughts (15 years and over),14.2,8.6,22.7,percent,percent,E
2019,2019,Nova Scotia,Males,50 to 64 years,Consultation with a health professional about emotional or mental health,16.5,11.5,23.1,percent,percent,E
2019,2019,Nova Scotia,Males,50 to 64 years,"Positive mental health, flourishing",79.3,63.9,89.2,percent,percent,
2019,2019,Nova Scotia,Males,50 to 64 years,Suicidal thoughts (15 years and over),16.1,10.7,23.5,percent,percent,E
2019,2019,Nova Scotia,Males,65 years and over,Consultation with a health professional about emotional or mental health,6.9,5.1,9.2,percent,percent,E
2019,2019,Nova Scotia,Males,65 years and over,"Positive mental health, flourishing",80.4,64.9,90.0,percent,percent,
2019,2019,Nova Scotia,Males,65 years and over,Suicidal thoughts (15 years and over),6.1,4.5,8.3,percent,percent,E
2019,2019,Nova Scotia,Males,"Total, 12 years and over",Consultation with a health professional about emotional or mental health,13.6,10.8,16.9,percent,percent,
2019,2019,Nova Scotia,Males,"Total, 12 years and over","Positive mental health, flourishing",75.6,68.3,81.7,percent,percent,
2019,2019,Nova Scotia,Males,"Total, 12 years and over",Suicidal thoughts (15 years and over),12.8,10.1,16.2,percent,percent,
2019,2019,Ontario,Both sexes,12 to 17 years,Consultation with a health professional about emotional or mental health,18.1,15.0,21.7,percent,percent,
2019,2019,Ontario,Both sexes,12 to 17 years,"Positive mental health, flourishing",88.2,82.4,92.3,percent,percent,
2019,2019,Ontario,Both sexes,12 to 17 years,Suicidal thoughts (15 years and over),14.3,10.2,19.6,percent,percent,E
2019,2019,Ontario,Both sexes,18 to 34 years,Consultation with a health professional about emotional or mental health,20.3,18.3,22.5,percent,percent,
2019,2019,Ontario,Both sexes,18 to 34 years,"Positive mental health, flourishing",81.3,76.4,85.3,percent,percent,
2019,2019,Ontario,Both sexes,18 to 34 years,Suicidal thoughts (15 years and over),16.6,14.8,18.7,percent,percent,
2019,2019,Ontario,Both sexes,35 to 49 years,Consultation with a health professional about emotional or mental health,18.2,16.3,20.2,percent,percent,
2019,2019,Ontario,Both sexes,35 to 49 years,"Positive mental health, flourishing",84.6,80.3,88.2,percent,percent,
2019,2019,Ontario,Both sexes,35 to 49 years,Suicidal thoughts (15 years and over),11.1,9.5,12.8,percent,percent,
2019,2019,Ontario,Both sexes,50 to 64 years,Consultation with a health professional about emotional or mental health,14.3,12.7,16.0,percent,percent,
2019,2019,Ontario,Both sexes,50 to 64 years,"Positive mental health, flourishing",84.7,80.3,88.3,percent,percent,
2019,2019,Ontario,Both sexes,50 to 64 years,Suicidal thoughts (15 years and over),10.2,8.9,11.7,percent,percent,
2019,2019,Ontario,Both sexes,65 years and over,Consultation with a health professional about emotional or mental health,7.8,6.8,8.8,percent,percent,
2019,2019,Ontario,Both sexes,65 years and over,"Positive mental health, flourishing",82.0,77.7,85.6,percent,percent,
2019,2019,Ontario,Both sexes,65 years and over,Suicidal thoughts (15 years and over),6.9,6.0,7.9,percent,percent,
2019,2019,Ontario,Both sexes,"Total, 12 years and over",Consultation with a health professional about emotional or mental health,15.9,15.0,16.8,percent,percent,
2019,2019,Ontario,Both sexes,"Total, 12 years and over","Positive mental health, flourishing",83.5,81.5,85.4,percent,percent,
2019,2019,Ontario,Both sexes,"Total, 12 years and over",Suicidal thoughts (15 years and over),11.8,11.0,12.6,percent,percent,
2019,2019,Ontario,Females,12 to 17 years,Consultation with a health professional about emotional or mental health,22.6,17.7,28.4,percent,percent,
2019,2019,Ontario,Females,12 to 17 years,"Positive mental health, flourishing",85.3,76.4,91.3,percent,percent,
2019,2019,Ontario,Females,12 to 17 years,Suicidal thoughts (15 years and over),20.8,14.1,29.7,percent,percent,E
2019,2019,Ontario,Females,18 to 34 years,Consultation with a health professional about emotional or mental health,27.2,24.4,30.3,percent,percent,
2019,2019,Ontario,Females,18 to 34 years,"Positive mental health, flourishing",81.0,73.4,86.9,percent,percent,
2019,2019,Ontario,Females,18 to 34 years,Suicidal thoughts (15 years and over),16.8,14.3,19.5,percent,percent,
2019,2019,Ontario,Females,35 to 49 years,Consultation with a health professional about emotional or mental health,22.5,19.8,25.4,percent,percent,
2019,2019,Ontario,Females,35 to 49 years,"Positive mental health, flourishing",86.6,80.0,91.2,percent,percent,
2019,2019,Ontario,Females,35 to 49 years,Suicidal thoughts (15 years and over),12.1,10.0,14.4,percent,percent,
2019,2019,Ontario,Females,50 to 64 years,Consultation with a health professional about emotional or mental health,16.9,14.6,19.4,percent,percent,
2019,2019,Ontario,Females,50 to 64 years,"Positive mental health, flourishing",84.5,78.0,89.4,percent,percent,
2019,2019,Ontario,Females,50 to 64 years,Suicidal thoughts (15 years and over),11.4,9.7,13.5,percent,percent,
2019,2019,Ontario,Females,65 years and over,Consultation with a health professional about emotional or mental health,9.6,8.2,11.2,percent,percent,
2019,2019,Ontario,Females,65 years and over,"Positive mental health, flourishing",81.7,75.4,86.6,percent,percent,
2019,2019,Ontario,Females,65 years and over,Suicidal thoughts (15 years and over),8.4,7.0,10.0,percent,percent,
2019,2019,Ontario,Females,"Total, 12 years and over",Consultation with a health professional about emotional or mental health,19.9,18.6,21.2,percent,percent,
2019,2019,Ontario,Females,"Total, 12 years and over","Positive mental health, flourishing",83.6,80.6,86.2,percent,percent,
2019,2019,Ontario,Females,"Total, 12 years and over",Suicidal thoughts (15 years and over),12.8,11.8,13.9,percent,percent,
2019,2019,Ontario,Males,12 to 17 years,Consultation with a health professional about emotional or mental health,13.7,10.1,18.4,percent,percent,E
2019,2019,Ontario,Males,12 to 17 years,"Positive mental health, flourishing",90.9,82.1,95.6,percent,percent,
2019,2019,Ontario,Males,12 to 17 years,Suicidal thoughts (15 years and over),8.0,4.2,14.8,percent,percent,E
2019,2019,Ontario,Males,18 to 34 years,Consultation with a health professional about emotional or mental health,13.3,10.9,16.3,percent,percent,
2019,2019,Ontario,Males,18 to 34 years,"Positive mental health, flourishing",81.5,74.3,87.0,percent,percent,
2019,2019,Ontario,Males,18 to 34 years,Suicidal thoughts (15 years and over),16.5,13.6,19.9,percent,percent,
2019,2019,Ontario,Males,35 to 49 years,Consultation with a health professional about emotional or mental health,13.7,11.3,16.4,percent,percent,
2019,2019,Ontario,Males,35 to 49 years,"Positive mental health, flourishing",82.6,75.3,88.1,percent,percent,
2019,2019,Ontario,Males,35 to 49 years,Suicidal thoughts (15 years and over),10.0,7.9,12.7,percent,percent,
2019,2019,Ontario,Males,50 to 64 years,Consultation with a health professional about emotional or mental health,11.6,9.4,14.1,percent,percent,
2019,2019,Ontario,Males,50 to 64 years,"Positive mental health, flourishing",85.0,78.6,89.7,percent,percent,
2019,2019,Ontario,Males,50 to 64 years,Suicidal thoughts (15 years and over),9.0,7.2,11.2,percent,percent,
2019,2019,Ontario,Males,65 years and over,Consultation with a health professional about emotional or mental health,5.6,4.5,7.0,percent,percent,
2019,2019,Ontario,Males,65 years and over,"Positive mental health, flourishing",82.3,76.1,87.2,percent,percent,
2019,2019,Ontario,Males,65 years and over,Suicidal thoughts (15 years and over),5.1,4.1,6.3,percent,percent,
2019,2019,Ontario,Males,"Total, 12 years and over",Consultation with a health professional about emotional or mental health,11.7,10.6,12.9,percent,percent,
2019,2019,Ontario,Males,"Total, 12 years and over","Positive mental health, flourishing",83.5,80.7,85.9,percent,percent,
2019,2019,Ontario,Males,"Total, 12 years and over",Suicidal thoughts (15 years and over),10.7,9.5,12.0,percent,percent,
2019,2019,Prince Edward Island,Both sexes,12 to 17 years,Consultation with a health professional about emotional or mental health,16.0,9.4,25.7,percent,percent,E
2019,2019,Prince Edward Island,Both sexes,12 to 17 years,"Positive mental health, flourishing",65.4,44.8,81.5,percent,percent,E
2019,2019,Prince Edward Island,Both sexes,18 to 34 years,Consultation with a health professional about emotional or mental health,34.1,25.9,43.3,percent,percent,
2019,2019,Prince Edward Island,Both sexes,18 to 34 years,"Positive mental health, flourishing",86.0,65.1,95.3,percent,percent,
2019,2019,Prince Edward Island,Both sexes,18 to 34 years,Suicidal thoughts (15 years and over),21.9,15.4,30.3,percent,percent,E
2019,2019,Prince Edward Island,Both sexes,35 to 49 years,Consultation with a health professional about emotional or mental health,21.5,15.2,29.6,percent,percent,E
2019,2019,Prince Edward Island,Both sexes,35 to 49 years,"Positive mental health, flourishing",81.8,65.4,91.4,percent,percent,
2019,2019,Prince Edward Island,Both sexes,35 to 49 years,Suicidal thoughts (15 years and over),6.9,3.7,12.5,percent,percent,E
2019,2019,Prince Edward Island,Both sexes,50 to 64 years,Consultation with a health professional about emotional or mental health,15.5,10.1,23.2,percent,percent,E
2019,2019,Prince Edward Island,Both sexes,50 to 64 years,"Positive mental health, flourishing",79.0,62.9,89.3,percent,percent,
2019,2019,Prince Edward Island,Both sexes,50 to 64 years,Suicidal thoughts (15 years and over),7.3,4.0,12.9,percent,percent,E
2019,2019,Prince Edward Island,Both sexes,65 years and over,Consultation with a health professional about emotional or mental health,8.0,6.4,9.9,percent,percent,
2019,2019,Prince Edward Island,Both sexes,65 years and over,"Positive mental health, flourishing",91.4,80.4,96.5,percent,percent,
2019,2019,Prince Edward Island,Both sexes,65 years and over,Suicidal thoughts (15 years and over),5.9,4.6,7.4,percent,percent,
2019,2019,Prince Edward Island,Both sexes,"Total, 12 years and over",Consultation with a health professional about emotional or mental health,19.9,16.9,23.2,percent,percent,
2019,2019,Prince Edward Island,Both sexes,"Total, 12 years and over","Positive mental health, flourishing",82.0,74.9,87.5,percent,percent,
2019,2019,Prince Edward Island,Both sexes,"Total, 12 years and over",Suicidal thoughts (15 years and over),11.1,8.8,14.0,percent,percent,
2019,2019,Prince Edward Island,Females,18 to 34 years,Consultation with a health professional about emotional or mental health,50.6,36.3,64.7,percent,percent,
2019,2019,Prince Edward Island,Females,18 to 34 years,Suicidal thoughts (15 years and over),28.3,17.9,41.6,percent,percent,E
2019,2019,Prince Edward Island,Females,35 to 49 years,Consultation with a health professional about emotional or mental health,28.6,19.5,39.8,percent,percent,E
2019,2019,Prince Edward Island,Females,35 to 49 years,"Positive mental health, flourishing",77.1,54.7,90.4,percent,percent,
2019,2019,Prince Edward Island,Females,35 to 49 years,Suicidal thoughts (15 years and over),9.8,5.0,18.2,percent,percent,E
2019,2019,Prince Edward Island,Females,50 to 64 years,Consultation with a health professional about emotional or mental health,23.1,13.9,36.0,percent,percent,E
2019,2019,Prince Edward Island,Females,50 to 64 years,"Positive mental health, flourishing",85.3,59.7,95.8,percent,percent,
2019,2019,Prince Edward Island,Females,65 years and over,Consultation with a health professional about emotional or mental health,9.4,7.3,12.1,percent,percent,
2019,2019,Prince Edward Island,Females,65 years and over,"Positive mental health, flourishing",86.9,68.4,95.3,percent,percent,
2019,2019,Prince Edward Island,Females,65 years and over,Suicidal thoughts (15 years and over),6.2,4.5,8.5,percent,percent,E
2019,2019,Prince Edward Island,Females,"Total, 12 years and over",Consultation with a health professional about emotional or mental health,27.8,23.0,33.0,percent,percent,
2019,2019,Prince Edward Island,Females,"Total, 12 years and over","Positive mental health, flourishing",80.3,70.2,87.6,percent,percent,
2019,2019,Prince Edward Island,Females,"Total, 12 years and over",Suicidal thoughts (15 years and over),14.2,10.7,18.5,percent,percent,
2019,2019,Prince Edward Island,Males,18 to 34 years,Consultation with a health professional about emotional or mental health,18.6,10.3,31.3,percent,percent,E
2019,2019,Prince Edward Island,Males,18 to 34 years,Suicidal thoughts (15 years and over),16.0,8.6,27.6,percent,percent,E
2019,2019,Prince Edward Island,Males,50 to 64 years,"Positive mental health, flourishing",75.9,53.5,89.6,percent,percent,
2019,2019,Prince Edward Island,Males,65 years and over,Consultation with a health professional about emotional or mental health,6.2,4.3,8.8,percent,percent,E
2019,2019,Prince Edward Island,Males,65 years and over,"Positive mental health, flourishing",95.8,83.1,99.1,percent,percent,
2019,2019,Prince Edward Island,Males,65 years and over,Suicidal thoughts (15 years and over),5.4,3.9,7.5,percent,percent,E
2019,2019,Prince Edward Island,Males,"Total, 12 years and over",Consultation with a health professional about emotional or mental health,11.6,8.1,16.3,percent,percent,E
2019,2019,Prince Edward Island,Males,"Total, 12 years and over","Positive mental health, flourishing",83.5,73.0,90.5,percent,percent,
2019,2019,Prince Edward Island,Males,"Total, 12 years and over",Suicidal thoughts (15 years and over),7.9,5.2,12.0,percent,percent,E
2019,2019,Quebec,Both sexes,12 to 17 years,Consultation with a health professional about emotional or mental health,13.7,11.0,17.0,percent,percent,
2019,2019,Quebec,Both sexes,12 to 17 years,"Positive mental health, flourishing",82.8,76.0,88.0,percent,percent,
2019,2019,Quebec,Both sexes,12 to 17 years,Suicidal thoughts (15 years and over),7.4,5.1,10.5,percent,percent,E
2019,2019,Quebec,Both sexes,18 to 34 years,Consultation with a health professional about emotional or mental health,18.9,16.7,21.2,percent,percent,
2019,2019,Quebec,Both sexes,18 to 34 years,"Positive mental health, flourishing",83.0,78.6,86.7,percent,percent,
2019,2019,Quebec,Both sexes,18 to 34 years,Suicidal thoughts (15 years and over),15.1,13.0,17.5,percent,percent,
2019,2019,Quebec,Both sexes,35 to 49 years,Consultation with a health professional about emotional or mental health,17.8,15.8,19.9,percent,percent,
2019,2019,Quebec,Both sexes,35 to 49 years,"Positive mental health, flourishing",80.3,75.0,84.7,percent,percent,
2019,2019,Quebec,Both sexes,35 to 49 years,Suicidal thoughts (15 years and over),12.7,11.1,14.6,percent,percent,
2019,2019,Quebec,Both sexes,50 to 64 years,Consultation with a health professional about emotional or mental health,11.8,10.2,13.7,percent,percent,
2019,2019,Quebec,Both sexes,50 to 64 years,"Positive mental health, flourishing",77.3,72.1,81.8,percent,percent,
2019,2019,Quebec,Both sexes,50 to 64 years,Suicidal thoughts (15 years and over),14.3,12.7,16.0,percent,percent,
2019,2019,Quebec,Both sexes,65 years and over,Consultation with a health professional about emotional or mental health,4.9,4.1,5.9,percent,percent,
2019,2019,Quebec,Both sexes,65 years and over,"Positive mental health, flourishing",79.0,75.1,82.5,percent,percent,
2019,2019,Quebec,Both sexes,65 years and over,Suicidal thoughts (15 years and over),7.9,7.0,9.0,percent,percent,
2019,2019,Quebec,Both sexes,"Total, 12 years and over",Consultation with a health professional about emotional or mental health,13.6,12.7,14.5,percent,percent,
2019,2019,Quebec,Both sexes,"Total, 12 years and over","Positive mental health, flourishing",80.1,77.8,82.2,percent,percent,
2019,2019,Quebec,Both sexes,"Total, 12 years and over",Suicidal thoughts (15 years and over),12.5,11.6,13.4,percent,percent,
2019,2019,Quebec,Females,12 to 17 years,Consultation with a health professional about emotional or mental health,21.4,16.6,27.2,percent,percent,
2019,2019,Quebec,Females,12 to 17 years,"Positive mental health, flourishing",77.3,66.4,85.4,percent,percent,
2019,2019,Quebec,Females,12 to 17 years,Suicidal thoughts (15 years and over),12.6,8.4,18.5,percent,percent,E
2019,2019,Quebec,Females,18 to 34 years,Consultation with a health professional about emotional or mental health,26.4,22.8,30.3,percent,percent,
2019,2019,Quebec,Females,18 to 34 years,"Positive mental health, flourishing",80.1,73.6,85.3,percent,percent,
2019,2019,Quebec,Females,18 to 34 years,Suicidal thoughts (15 years and over),16.0,12.9,19.7,percent,percent,
2019,2019,Quebec,Females,35 to 49 years,Consultation with a health professional about emotional or mental health,23.1,19.9,26.7,percent,percent,
2019,2019,Quebec,Females,35 to 49 years,"Positive mental health, flourishing",83.1,75.8,88.5,percent,percent,
2019,2019,Quebec,Females,35 to 49 years,Suicidal thoughts (15 years and over),14.7,12.2,17.6,percent,percent,
2019,2019,Quebec,Females,50 to 64 years,Consultation with a health professional about emotional or mental health,15.9,13.4,18.8,percent,percent,
2019,2019,Quebec,Females,50 to 64 years,"Positive mental health, flourishing",73.7,65.7,80.4,percent,percent,
2019,2019,Quebec,Females,50 to 64 years,Suicidal thoughts (15 years and over),15.0,12.8,17.6,percent,percent,
2019,2019,Quebec,Females,65 years and over,Consultation with a health professional about emotional or mental health,6.4,5.2,7.8,percent,percent,
2019,2019,Quebec,Females,65 years and over,"Positive mental health, flourishing",76.6,71.1,81.4,percent,percent,
2019,2019,Quebec,Females,65 years and over,Suicidal thoughts (15 years and over),9.2,7.8,10.7,percent,percent,
2019,2019,Quebec,Females,"Total, 12 years and over",Consultation with a health professional about emotional or mental health,18.2,16.9,19.7,percent,percent,
2019,2019,Quebec,Females,"Total, 12 years and over","Positive mental health, flourishing",78.2,74.9,81.3,percent,percent,
2019,2019,Quebec,Females,"Total, 12 years and over",Suicidal thoughts (15 years and over),13.8,12.5,15.1,percent,percent,
2019,2019,Quebec,Males,12 to 17 years,Consultation with a health professional about emotional or mental health,6.3,4.3,9.3,percent,percent,E
2019,2019,Quebec,Males,12 to 17 years,"Positive mental health, flourishing",88.1,79.5,93.4,percent,percent,
2019,2019,Quebec,Males,18 to 34 years,Consultation with a health professional about emotional or mental health,11.5,9.2,14.3,percent,percent,
2019,2019,Quebec,Males,18 to 34 years,"Positive mental health, flourishing",85.8,79.8,90.3,percent,percent,
2019,2019,Quebec,Males,18 to 34 years,Suicidal thoughts (15 years and over),14.2,11.5,17.4,percent,percent,
2019,2019,Quebec,Males,35 to 49 years,Consultation with a health professional about emotional or mental health,12.5,10.2,15.2,percent,percent,
2019,2019,Quebec,Males,35 to 49 years,"Positive mental health, flourishing",77.5,69.7,83.7,percent,percent,
2019,2019,Quebec,Males,35 to 49 years,Suicidal thoughts (15 years and over),10.7,8.6,13.4,percent,percent,
2019,2019,Quebec,Males,50 to 64 years,Consultation with a health professional about emotional or mental health,7.8,6.0,10.1,percent,percent,
2019,2019,Quebec,Males,50 to 64 years,"Positive mental health, flourishing",80.9,74.2,86.1,percent,percent,
2019,2019,Quebec,Males,50 to 64 years,Suicidal thoughts (15 years and over),13.5,11.4,16.0,percent,percent,
2019,2019,Quebec,Males,65 years and over,Consultation with a health professional about emotional or mental health,3.2,2.2,4.6,percent,percent,E
2019,2019,Quebec,Males,65 years and over,"Positive mental health, flourishing",81.9,76.9,86.0,percent,percent,
2019,2019,Quebec,Males,65 years and over,Suicidal thoughts (15 years and over),6.5,5.2,8.1,percent,percent,
2019,2019,Quebec,Males,"Total, 12 years and over",Consultation with a health professional about emotional or mental health,8.8,7.8,9.9,percent,percent,
2019,2019,Quebec,Males,"Total, 12 years and over","Positive mental health, flourishing",82.0,79.0,84.7,percent,percent,
2019,2019,Quebec,Males,"Total, 12 years and over",Suicidal thoughts (15 years and over),11.2,10.0,12.5,percent,percent,
2019,2019,Saskatchewan,Both sexes,12 to 17 years,Consultation with a health professional about emotional or mental health,18.0,12.4,25.3,percent,percent,E
2019,2019,Saskatchewan,Both sexes,12 to 17 years,"Positive mental health, flourishing",95.0,83.8,98.6,percent,percent,
2019,2019,Saskatchewan,Both sexes,18 to 34 years,Consultation with a health professional about emotional or mental health,21.7,16.4,28.1,percent,percent,
2019,2019,Saskatchewan,Both sexes,18 to 34 years,"Positive mental health, flourishing",78.3,66.8,86.7,percent,percent,
2019,2019,Saskatchewan,Both sexes,18 to 34 years,Suicidal thoughts (15 years and over),16.6,11.8,23.0,percent,percent,E
2019,2019,Saskatchewan,Both sexes,35 to 49 years,Consultation with a health professional about emotional or mental health,25.7,20.0,32.4,percent,percent,
2019,2019,Saskatchewan,Both sexes,35 to 49 years,"Positive mental health, flourishing",85.4,75.0,92.0,percent,percent,
2019,2019,Saskatchewan,Both sexes,35 to 49 years,Suicidal thoughts (15 years and over),12.8,8.5,18.6,percent,percent,E
2019,2019,Saskatchewan,Both sexes,50 to 64 years,Consultation with a health professional about emotional or mental health,10.8,7.1,15.9,percent,percent,E
2019,2019,Saskatchewan,Both sexes,50 to 64 years,"Positive mental health, flourishing",85.6,76.1,91.8,percent,percent,
2019,2019,Saskatchewan,Both sexes,50 to 64 years,Suicidal thoughts (15 years and over),14.7,10.2,20.7,percent,percent,E
2019,2019,Saskatchewan,Both sexes,65 years and over,Consultation with a health professional about emotional or mental health,7.2,5.7,9.1,percent,percent,
2019,2019,Saskatchewan,Both sexes,65 years and over,"Positive mental health, flourishing",85.3,74.2,92.1,percent,percent,
2019,2019,Saskatchewan,Both sexes,65 years and over,Suicidal thoughts (15 years and over),6.7,5.2,8.7,percent,percent,
2019,2019,Saskatchewan,Both sexes,"Total, 12 years and over",Consultation with a health professional about emotional or mental health,17.3,14.7,20.2,percent,percent,
2019,2019,Saskatchewan,Both sexes,"Total, 12 years and over","Positive mental health, flourishing",84.2,79.3,88.1,percent,percent,
2019,2019,Saskatchewan,Both sexes,"Total, 12 years and over",Suicidal thoughts (15 years and over),13.0,10.7,15.7,percent,percent,
2019,2019,Saskatchewan,Females,12 to 17 years,Consultation with a health professional about emotional or mental health,13.4,7.1,23.7,percent,percent,E
2019,2019,Saskatchewan,Females,18 to 34 years,Consultation with a health professional about emotional or mental health,26.7,19.5,35.4,percent,percent,E
2019,2019,Saskatchewan,Females,18 to 34 years,"Positive mental health, flourishing",91.9,76.0,97.6,percent,percent,
2019,2019,Saskatchewan,Females,18 to 34 years,Suicidal thoughts (15 years and over),16.7,11.0,24.5,percent,percent,E
2019,2019,Saskatchewan,Females,35 to 49 years,Consultation with a health professional about emotional or mental health,33.3,24.4,43.6,percent,percent,
2019,2019,Saskatchewan,Females,35 to 49 years,"Positive mental health, flourishing",79.7,63.0,90.0,percent,percent,
2019,2019,Saskatchewan,Females,35 to 49 years,Suicidal thoughts (15 years and over),13.8,7.8,23.2,percent,percent,E
2019,2019,Saskatchewan,Females,50 to 64 years,Consultation with a health professional about emotional or mental health,10.7,6.2,17.9,percent,percent,E
2019,2019,Saskatchewan,Females,50 to 64 years,"Positive mental health, flourishing",78.3,62.2,88.8,percent,percent,
2019,2019,Saskatchewan,Females,50 to 64 years,Suicidal thoughts (15 years and over),11.1,6.5,18.1,percent,percent,E
2019,2019,Saskatchewan,Females,65 years and over,Consultation with a health professional about emotional or mental health,9.6,7.1,12.8,percent,percent,E
2019,2019,Saskatchewan,Females,65 years and over,"Positive mental health, flourishing",90.2,75.8,96.5,percent,percent,
2019,2019,Saskatchewan,Females,65 years and over,Suicidal thoughts (15 years and over),8.9,6.4,12.3,percent,percent,E
2019,2019,Saskatchewan,Females,"Total, 12 years and over",Consultation with a health professional about emotional or mental health,20.2,16.7,24.3,percent,percent,
2019,2019,Saskatchewan,Females,"Total, 12 years and over","Positive mental health, flourishing",86.0,79.6,90.6,percent,percent,
2019,2019,Saskatchewan,Females,"Total, 12 years and over",Suicidal thoughts (15 years and over),13.0,10.2,16.4,percent,percent,
2019,2019,Saskatchewan,Males,12 to 17 years,Consultation with a health professional about emotional or mental health,22.4,14.3,33.5,percent,percent,E
2019,2019,Saskatchewan,Males,18 to 34 years,Consultation with a health professional about emotional or mental health,17.0,10.8,25.9,percent,percent,E
2019,2019,Saskatchewan,Males,18 to 34 years,"Positive mental health, flourishing",65.7,47.4,80.2,percent,percent,
2019,2019,Saskatchewan,Males,18 to 34 years,Suicidal thoughts (15 years and over),16.6,9.8,26.7,percent,percent,E
2019,2019,Saskatchewan,Males,35 to 49 years,Consultation with a health professional about emotional or mental health,18.5,11.7,27.9,percent,percent,E
2019,2019,Saskatchewan,Males,35 to 49 years,"Positive mental health, flourishing",91.0,75.6,97.1,percent,percent,
2019,2019,Saskatchewan,Males,35 to 49 years,Suicidal thoughts (15 years and over),11.8,6.9,19.5,percent,percent,E
2019,2019,Saskatchewan,Males,50 to 64 years,Consultation with a health professional about emotional or mental health,10.8,6.1,18.4,percent,percent,E
2019,2019,Saskatchewan,Males,50 to 64 years,"Positive mental health, flourishing",92.8,80.3,97.6,percent,percent,
2019,2019,Saskatchewan,Males,50 to 64 years,Suicidal thoughts (15 years and over),18.3,11.0,28.8,percent,percent,E
2019,2019,Saskatchewan,Males,65 years and over,Consultation with a health professional about emotional or mental health,4.4,2.9,6.6,percent,percent,E
2019,2019,Saskatchewan,Males,65 years and over,"Positive mental health, flourishing",79.5,63.0,89.8,percent,percent,
2019,2019,Saskatchewan,Males,65 years and over,Suicidal thoughts (15 years and over),4.1,2.7,6.1,percent,percent,E
2019,2019,Saskatchewan,Males,"Total, 12 years and over",Consultation with a health professional about emotional or mental health,14.4,11.3,18.1,percent,percent,
2019,2019,Saskatchewan,Males,"Total, 12 years and over","Positive mental health, flourishing",82.5,75.2,88.0,percent,percent,
2019,2019,Saskatchewan,Males,"Total, 12 years and over",Suicidal thoughts (15 years and over),13.0,9.7,17.3,percent,percent,
