ref_date_raw,start_year,geo,sex,age_group,indicator,value,uom,metric_type,quality_flag,ref_date,dguid,characteristic,uom_id,scalar_factor,scalar_id,vector,coordinate,symbol,terminated,decimals
2019/2020,2019,Newfoundland and Labrador,Both sexes,"Total, 18 years and over","Perceived mental health, very good or excellent",68.6,percent,percent,,2019/2020,2021A000210,Percent,239,units,0,v1806947204,2.1.1.3.4,,,1
2021/2022,2021,Newfoundland and Labrador,Both sexes,"Total, 18 years and over","Perceived mental health, very good or excellent",58.3,percent,percent,,2021/2022,2021A000210,Percent,239,units,0,v1806947204,2.1.1.3.4,,,1
2023/2024,2023,Newfoundland and Labrador,Both sexes,"Total, 18 years and over","Perceived mental health, very good or excellent",53.5,percent,percent,,2023/2024,2021A000210,Percent,239,units,0,v1806947204,2.1.1.3.4,,,1
2019/2020,2019,Newfoundland and Labrador,Both sexes,"Total, 18 years and over","Perceived mental health, fair or poor",8.0,percent,percent,,2019/2020,2021A000210,Percent,239,units,0,v1806947211,2.1.1.4.4,,,1
2021/2022,2021,Newfoundland and Labrador,Both sexes,"Total, 18 years and over","Perceived mental health, fair or poor",13.2,percent,percent,,2021/2022,2021A000210,Percent,239,units,0,v1806947211,2.1.1.4.4,,,1
2023/2024,2023,Newfoundland and Labrador,Both sexes,"Total, 18 years and over","Perceived mental health, fair or poor",16.5,percent,percent,,2023/2024,2021A000210,Percent,239,units,0,v1806947211,2.1.1.4.4,,,1
2019/2020,2019,Newfoundland and Labrador,Both sexes,"Total, 18 years and over","Perceived life stress, most days quite a bit or extremely stressful",13.7,percent,percent,,2019/2020,2021A000210,Percent,239,units,0,v1806947218,2.1.1.5.4,,,1
2021/2022,2021,Newfoundland and Labrador,Both sexes,"Total, 18 years and over","Perceived life stress, most days quite a bit or extremely stressful",17.0,percent,percent,,2021/2022,2021A000210,Percent,239,units,0,v1806947218,2.1.1.5.4,,,1
2023/2024,2023,Newfoundland and Labrador,Both sexes,"Total, 18 years and over","Perceived life stress, most days quite a bit or extremely stressful",17.2,percent,percent,,2023/2024,2021A000210,Percent,239,units,0,v1806947218,2.1.1.5.4,,,1
2019/2020,2019,Newfoundland and Labrador,Both sexes,"Total, 18 years and over",Mood disorder,10.1,percent,percent,,2019/2020,2021A000210,Percent,239,units,0,v1806947260,2.1.1.11.4,,,1
2021/2022,2021,Newfoundland and Labrador,Both sexes,"Total, 18 years and over",Mood disorder,12.7,percent,percent,,2021/2022,2021A000210,Percent,239,units,0,v1806947260,2.1.1.11.4,,,1
2023/2024,2023,Newfoundland and Labrador,Both sexes,"Total, 18 years and over",Mood disorder,15.2,percent,percent,,2023/2024,2021A000210,Percent,239,units,0,v1806947260,2.1.1.11.4,,,1
2019/2020,2019,Newfoundland and Labrador,Both sexes,"Total, 18 years and over",Anxiety disorder,11.8,percent,percent,,2019/2020,2021A000210,Percent,239,units,0,v1806947267,2.1.1.12.4,,,1
2021/2022,2021,Newfoundland and Labrador,Both sexes,"Total, 18 years and over",Anxiety disorder,16.4,percent,percent,,2021/2022,2021A000210,Percent,239,units,0,v1806947267,2.1.1.12.4,,,1
2023/2024,2023,Newfoundland and Labrador,Both sexes,"Total, 18 years and over",Anxiety disorder,,percent,percent,..,2023/2024,2021A000210,Percent,239,units,0,v1806947267,2.1.1.12.4,,,1
2019/2020,2019,Newfoundland and Labrador,Both sexes,"Total, 18 years and over","Cannabis use, past 12 months",23.2,percent,percent,,2019/2020,2021A000210,Percent,239,units,0,v1806947288,2.1.1.15.4,,,1
2021/2022,2021,Newfoundland and Labrador,Both sexes,"Total, 18 years and over","Cannabis use, past 12 months",24.7,percent,percent,,2021/2022,2021A000210,Percent,239,units,0,v1806947288,2.1.1.15.4,,,1
2023/2024,2023,Newfoundland and Labrador,Both sexes,"Total, 18 years and over","Cannabis use, past 12 months",23.8,percent,percent,,2023/2024,2021A000210,Percent,239,units,0,v1806947288,2.1.1.15.4,,,1
2019/2020,2019,Newfoundland and Labrador,Both sexes,"Total, 18 years and over",Heavy drinking,23.6,percent,percent,,2019/2020,2021A000210,Percent,239,units,0,v1806947316,2.1.1.19.4,,,1
2021/2022,2021,Newfoundland and Labrador,Both sexes,"Total, 18 years and over",Heavy drinking,25.1,percent,percent,,2021/2022,2021A000210,Percent,239,units,0,v1806947316,2.1.1.19.4,,,1
2023/2024,2023,Newfoundland and Labrador,Both sexes,"Total, 18 years and over",Heavy drinking,22.9,percent,percent,,2023/2024,2021A000210,Percent,239,units,0,v1806947316,2.1.1.19.4,,,1
2019/2020,2019,Newfoundland and Labrador,Both sexes,"Total, 18 years and over","Sense of belonging to local community, somewhat strong or very strong",79.3,percent,percent,,2019/2020,2021A000210,Percent,239,units,0,v1806947344,2.1.1.23.4,,,1
2021/2022,2021,Newfoundland and Labrador,Both sexes,"Total, 18 years and over","Sense of belonging to local community, somewhat strong or very strong",76.6,percent,percent,,2021/2022,2021A000210,Percent,239,units,0,v1806947344,2.1.1.23.4,,,1
2023/2024,2023,Newfoundland and Labrador,Both sexes,"Total, 18 years and over","Sense of belonging to local community, somewhat strong or very strong",72.7,percent,percent,,2023/2024,2021A000210,Percent,239,units,0,v1806947344,2.1.1.23.4,,,1
2019/2020,2019,Newfoundland and Labrador,Males,"Total, 18 years and over","Perceived mental health, very good or excellent",70.2,percent,percent,,2019/2020,2021A000210,Percent,239,units,0,v1806947379,2.1.2.3.4,,,1
2021/2022,2021,Newfoundland and Labrador,Males,"Total, 18 years and over","Perceived mental health, very good or excellent",59.6,percent,percent,,2021/2022,2021A000210,Percent,239,units,0,v1806947379,2.1.2.3.4,,,1
2023/2024,2023,Newfoundland and Labrador,Males,"Total, 18 years and over","Perceived mental health, very good or excellent",55.8,percent,percent,,2023/2024,2021A000210,Percent,239,units,0,v1806947379,2.1.2.3.4,,,1
2019/2020,2019,Newfoundland and Labrador,Males,"Total, 18 years and over","Perceived mental health, fair or poor",8.0,percent,percent,,2019/2020,2021A000210,Percent,239,units,0,v1806947386,2.1.2.4.4,,,1
2021/2022,2021,Newfoundland and Labrador,Males,"Total, 18 years and over","Perceived mental health, fair or poor",12.3,percent,percent,,2021/2022,2021A000210,Percent,239,units,0,v1806947386,2.1.2.4.4,,,1
2023/2024,2023,Newfoundland and Labrador,Males,"Total, 18 years and over","Perceived mental health, fair or poor",14.8,percent,percent,,2023/2024,2021A000210,Percent,239,units,0,v1806947386,2.1.2.4.4,,,1
2019/2020,2019,Newfoundland and Labrador,Males,"Total, 18 years and over","Perceived life stress, most days quite a bit or extremely stressful",14.3,percent,percent,,2019/2020,2021A000210,Percent,239,units,0,v1806947393,2.1.2.5.4,,,1
2021/2022,2021,Newfoundland and Labrador,Males,"Total, 18 years and over","Perceived life stress, most days quite a bit or extremely stressful",15.8,percent,percent,,2021/2022,2021A000210,Percent,239,units,0,v1806947393,2.1.2.5.4,,,1
2023/2024,2023,Newfoundland and Labrador,Males,"Total, 18 years and over","Perceived life stress, most days quite a bit or extremely stressful",15.7,percent,percent,,2023/2024,2021A000210,Percent,239,units,0,v1806947393,2.1.2.5.4,,,1
2019/2020,2019,Newfoundland and Labrador,Males,"Total, 18 years and over",Mood disorder,8.7,percent,percent,,2019/2020,2021A000210,Percent,239,units,0,v1806947435,2.1.2.11.4,,,1
2021/2022,2021,Newfoundland and Labrador,Males,"Total, 18 years and over",Mood disorder,10.1,percent,percent,,2021/2022,2021A000210,Percent,239,units,0,v1806947435,2.1.2.11.4,,,1
2023/2024,2023,Newfoundland and Labrador,Males,"Total, 18 years and over",Mood disorder,12.8,percent,percent,,2023/2024,2021A000210,Percent,239,units,0,v1806947435,2.1.2.11.4,,,1
2019/2020,2019,Newfoundland and Labrador,Males,"Total, 18 years and over",Anxiety disorder,9.9,percent,percent,,2019/2020,2021A000210,Percent,239,units,0,v1806947442,2.1.2.12.4,,,1
2021/2022,2021,Newfoundland and Labrador,Males,"Total, 18 years and over",Anxiety disorder,13.3,percent,percent,,2021/2022,2021A000210,Percent,239,units,0,v1806947442,2.1.2.12.4,,,1
2023/2024,2023,Newfoundland and Labrador,Males,"Total, 18 years and over",Anxiety disorder,,percent,percent,..,2023/2024,2021A000210,Percent,239,units,0,v1806947442,2.1.2.12.4,,,1
2019/2020,2019,Newfoundland and Labrador,Males,"Total, 18 years and over","Cannabis use, past 12 months",27.5,percent,percent,,2019/2020,2021A000210,Percent,239,units,0,v1806947463,2.1.2.15.4,,,1
2021/2022,2021,Newfoundland and Labrador,Males,"Total, 18 years and over","Cannabis use, past 12 months",27.3,percent,percent,,2021/2022,2021A000210,Percent,239,units,0,v1806947463,2.1.2.15.4,,,1
2023/2024,2023,Newfoundland and Labrador,Males,"Total, 18 years and over","Cannabis use, past 12 months",26.5,percent,percent,,2023/2024,2021A000210,Percent,239,units,0,v1806947463,2.1.2.15.4,,,1
2019/2020,2019,Newfoundland and Labrador,Males,"Total, 18 years and over",Heavy drinking,30.3,percent,percent,,2019/2020,2021A000210,Percent,239,units,0,v1806947491,2.1.2.19.4,,,1
2021/2022,2021,Newfoundland and Labrador,Males,"Total, 18 years and over",Heavy drinking,32.5,percent,percent,,2021/2022,2021A000210,Percent,239,units,0,v1806947491,2.1.2.19.4,,,1
2023/2024,2023,Newfoundland and Labrador,Males,"Total, 18 years and over",Heavy drinking,29.7,percent,percent,,2023/2024,2021A000210,Percent,239,units,0,v1806947491,2.1.2.19.4,,,1
2019/2020,2019,Newfoundland and Labrador,Males,"Total, 18 years and over","Sense of belonging to local community, somewhat strong or very strong",78.0,percent,percent,,2019/2020,2021A000210,Percent,239,units,0,v1806947505,2.1.2.23.4,,,1
2021/2022,2021,Newfoundland and Labrador,Males,"Total, 18 years and over","Sense of belonging to local community, somewhat strong or very strong",77.2,percent,percent,,2021/2022,2021A000210,Percent,239,units,0,v1806947505,2.1.2.23.4,,,1
2023/2024,2023,Newfoundland and Labrador,Males,"Total, 18 years and over","Sense of belonging to local community, somewhat strong or very strong",74.0,percent,percent,,2023/2024,2021A000210,Percent,239,units,0,v1806947505,2.1.2.23.4,,,1
2019/2020,2019,Newfoundland and Labrador,Females,"Total, 18 years and over","Perceived mental health, very good or excellent",67.1,percent,percent,,2019/2020,2021A000210,Percent,239,units,0,v1806947540,2.1.3.3.4,,,1
2021/2022,2021,Newfoundland and Labrador,Females,"Total, 18 years and over","Perceived mental health, very good or excellent",57.0,percent,percent,,2021/2022,2021A000210,Percent,239,units,0,v1806947540,2.1.3.3.4,,,1
2023/2024,2023,Newfoundland and Labrador,Females,"Total, 18 years and over","Perceived mental health, very good or excellent",51.3,percent,percent,,2023/2024,2021A000210,Percent,239,units,0,v1806947540,2.1.3.3.4,,,1
2019/2020,2019,Newfoundland and Labrador,Females,"Total, 18 years and over","Perceived mental health, fair or poor",8.0,percent,percent,,2019/2020,2021A000210,Percent,239,units,0,v1806947547,2.1.3.4.4,,,1
2021/2022,2021,Newfoundland and Labrador,Females,"Total, 18 years and over","Perceived mental health, fair or poor",14.0,percent,percent,,2021/2022,2021A000210,Percent,239,units,0,v1806947547,2.1.3.4.4,,,1
2023/2024,2023,Newfoundland and Labrador,Females,"Total, 18 years and over","Perceived mental health, fair or poor",18.1,percent,percent,,2023/2024,2021A000210,Percent,239,units,0,v1806947547,2.1.3.4.4,,,1
2019/2020,2019,Newfoundland and Labrador,Females,"Total, 18 years and over","Perceived life stress, most days quite a bit or extremely stressful",13.1,percent,percent,,2019/2020,2021A000210,Percent,239,units,0,v1806947554,2.1.3.5.4,,,1
2021/2022,2021,Newfoundland and Labrador,Females,"Total, 18 years and over","Perceived life stress, most days quite a bit or extremely stressful",18.2,percent,percent,,2021/2022,2021A000210,Percent,239,units,0,v1806947554,2.1.3.5.4,,,1
2023/2024,2023,Newfoundland and Labrador,Females,"Total, 18 years and over","Perceived life stress, most days quite a bit or extremely stressful",18.7,percent,percent,,2023/2024,2021A000210,Percent,239,units,0,v1806947554,2.1.3.5.4,,,1
2019/2020,2019,Newfoundland and Labrador,Females,"Total, 18 years and over",Mood disorder,11.5,percent,percent,,2019/2020,2021A000210,Percent,239,units,0,v1806947596,2.1.3.11.4,,,1
2021/2022,2021,Newfoundland and Labrador,Females,"Total, 18 years and over",Mood disorder,15.1,percent,percent,,2021/2022,2021A000210,Percent,239,units,0,v1806947596,2.1.3.11.4,,,1
2023/2024,2023,Newfoundland and Labrador,Females,"Total, 18 years and over",Mood disorder,17.5,percent,percent,,2023/2024,2021A000210,Percent,239,units,0,v1806947596,2.1.3.11.4,,,1
2019/2020,2019,Newfoundland and Labrador,Females,"Total, 18 years and over",Anxiety disorder,13.6,percent,percent,,2019/2020,2021A000210,Percent,239,units,0,v1806947603,2.1.3.12.4,,,1
2021/2022,2021,Newfoundland and Labrador,Females,"Total, 18 years and over",Anxiety disorder,19.3,percent,percent,,2021/2022,2021A000210,Percent,239,units,0,v1806947603,2.1.3.12.4,,,1
2023/2024,2023,Newfoundland and Labrador,Females,"Total, 18 years and over",Anxiety disorder,,percent,percent,..,2023/2024,2021A000210,Percent,239,units,0,v1806947603,2.1.3.12.4,,,1
2019/2020,2019,Newfoundland and Labrador,Females,"Total, 18 years and over","Cannabis use, past 12 months",19.3,percent,percent,,2019/2020,2021A000210,Percent,239,units,0,v1806947624,2.1.3.15.4,,,1
2021/2022,2021,Newfoundland and Labrador,Females,"Total, 18 years and over","Cannabis use, past 12 months",22.3,percent,percent,,2021/2022,2021A000210,Percent,239,units,0,v1806947624,2.1.3.15.4,,,1
2023/2024,2023,Newfoundland and Labrador,Females,"Total, 18 years and over","Cannabis use, past 12 months",21.3,percent,percent,,2023/2024,2021A000210,Percent,239,units,0,v1806947624,2.1.3.15.4,,,1
2019/2020,2019,Newfoundland and Labrador,Females,"Total, 18 years and over",Heavy drinking,17.2,percent,percent,,2019/2020,2021A000210,Percent,239,units,0,v1806947652,2.1.3.19.4,,,1
2021/2022,2021,Newfoundland and Labrador,Females,"Total, 18 years and over",Heavy drinking,18.1,percent,percent,,2021/2022,2021A000210,Percent,239,units,0,v1806947652,2.1.3.19.4,,,1
2023/2024,2023,Newfoundland and Labrador,Females,"Total, 18 years and over",Heavy drinking,16.5,percent,percent,,2023/2024,2021A000210,Percent,239,units,0,v1806947652,2.1.3.19.4,,,1
2019/2020,2019,Newfoundland and Labrador,Females,"Total, 18 years and over","Sense of belonging to local community, somewhat strong or very strong",80.6,percent,percent,,2019/2020,2021A000210,Percent,239,units,0,v1806947680,2.1.3.23.4,,,1
2021/2022,2021,Newfoundland and Labrador,Females,"Total, 18 years and over","Sense of belonging to local community, somewhat strong or very strong",76.2,percent,percent,,2021/2022,2021A000210,Percent,239,units,0,v1806947680,2.1.3.23.4,,,1
2023/2024,2023,Newfoundland and Labrador,Females,"Total, 18 years and over","Sense of belonging to local community, somewhat strong or very strong",71.6,percent,percent,,2023/2024,2021A000210,Percent,239,units,0,v1806947680,2.1.3.23.4,,,1
2019/2020,2019,Prince Edward Island,Both sexes,"Total, 18 years and over","Perceived mental health, very good or excellent",63.3,percent,percent,,2019/2020,2021A000211,Percent,239,units,0,v1806964359,8.1.1.3.4,,,1
2021/2022,2021,Prince Edward Island,Both sexes,"Total, 18 years and over","Perceived mental health, very good or excellent",55.8,percent,percent,,2021/2022,2021A000211,Percent,239,units,0,v1806964359,8.1.1.3.4,,,1
2023/2024,2023,Prince Edward Island,Both sexes,"Total, 18 years and over","Perceived mental health, very good or excellent",49.7,percent,percent,,2023/2024,2021A000211,Percent,239,units,0,v1806964359,8.1.1.3.4,,,1
2019/2020,2019,Prince Edward Island,Both sexes,"Total, 18 years and over","Perceived mental health, fair or poor",10.4,percent,percent,,2019/2020,2021A000211,Percent,239,units,0,v1806964366,8.1.1.4.4,,,1
2021/2022,2021,Prince Edward Island,Both sexes,"Total, 18 years and over","Perceived mental health, fair or poor",14.6,percent,percent,,2021/2022,2021A000211,Percent,239,units,0,v1806964366,8.1.1.4.4,,,1
2023/2024,2023,Prince Edward Island,Both sexes,"Total, 18 years and over","Perceived mental health, fair or poor",17.2,percent,percent,,2023/2024,2021A000211,Percent,239,units,0,v1806964366,8.1.1.4.4,,,1
2019/2020,2019,Prince Edward Island,Both sexes,"Total, 18 years and over","Perceived life stress, most days quite a bit or extremely stressful",19.2,percent,percent,,2019/2020,2021A000211,Percent,239,units,0,v1806964373,8.1.1.5.4,,,1
2021/2022,2021,Prince Edward Island,Both sexes,"Total, 18 years and over","Perceived life stress, most days quite a bit or extremely stressful",19.6,percent,percent,,2021/2022,2021A000211,Percent,239,units,0,v1806964373,8.1.1.5.4,,,1
2023/2024,2023,Prince Edward Island,Both sexes,"Total, 18 years and over","Perceived life stress, most days quite a bit or extremely stressful",19.0,percent,percent,,2023/2024,2021A000211,Percent,239,units,0,v1806964373,8.1.1.5.4,,,1
2019/2020,2019,Prince Edward Island,Both sexes,"Total, 18 years and over",Mood disorder,12.2,percent,percent,,2019/2020,2021A000211,Percent,239,units,0,v1806964415,8.1.1.11.4,,,1
2021/2022,2021,Prince Edward Island,Both sexes,"Total, 18 years and over",Mood disorder,10.7,percent,percent,,2021/2022,2021A000211,Percent,239,units,0,v1806964415,8.1.1.11.4,,,1
2023/2024,2023,Prince Edward Island,Both sexes,"Total, 18 years and over",Mood disorder,13.7,percent,percent,,2023/2024,2021A000211,Percent,239,units,0,v1806964415,8.1.1.11.4,,,1
2019/2020,2019,Prince Edward Island,Both sexes,"Total, 18 years and over",Anxiety disorder,12.4,percent,percent,,2019/2020,2021A000211,Percent,239,units,0,v1806964422,8.1.1.12.4,,,1
2021/2022,2021,Prince Edward Island,Both sexes,"Total, 18 years and over",Anxiety disorder,12.9,percent,percent,,2021/2022,2021A000211,Percent,239,units,0,v1806964422,8.1.1.12.4,,,1
2023/2024,2023,Prince Edward Island,Both sexes,"Total, 18 years and over",Anxiety disorder,,percent,percent,..,2023/2024,2021A000211,Percent,239,units,0,v1806964422,8.1.1.12.4,,,1
2019/2020,2019,Prince Edward Island,Both sexes,"Total, 18 years and over","Cannabis use, past 12 months",26.0,percent,percent,,2019/2020,2021A000211,Percent,239,units,0,v1806964443,8.1.1.15.4,,,1
2021/2022,2021,Prince Edward Island,Both sexes,"Total, 18 years and over","Cannabis use, past 12 months",31.0,percent,percent,,2021/2022,2021A000211,Percent,239,units,0,v1806964443,8.1.1.15.4,,,1
2023/2024,2023,Prince Edward Island,Both sexes,"Total, 18 years and over","Cannabis use, past 12 months",24.1,percent,percent,,2023/2024,2021A000211,Percent,239,units,0,v1806964443,8.1.1.15.4,,,1
2019/2020,2019,Prince Edward Island,Both sexes,"Total, 18 years and over",Heavy drinking,21.3,percent,percent,,2019/2020,2021A000211,Percent,239,units,0,v1806964471,8.1.1.19.4,,,1
2021/2022,2021,Prince Edward Island,Both sexes,"Total, 18 years and over",Heavy drinking,22.7,percent,percent,,2021/2022,2021A000211,Percent,239,units,0,v1806964471,8.1.1.19.4,,,1
2023/2024,2023,Prince Edward Island,Both sexes,"Total, 18 years and over",Heavy drinking,22.5,percent,percent,,2023/2024,2021A000211,Percent,239,units,0,v1806964471,8.1.1.19.4,,,1
2019/2020,2019,Prince Edward Island,Both sexes,"Total, 18 years and over","Sense of belonging to local community, somewhat strong or very strong",75.4,percent,percent,,2019/2020,2021A000211,Percent,239,units,0,v1806964499,8.1.1.23.4,,,1
2021/2022,2021,Prince Edward Island,Both sexes,"Total, 18 years and over","Sense of belonging to local community, somewhat strong or very strong",72.7,percent,percent,,2021/2022,2021A000211,Percent,239,units,0,v1806964499,8.1.1.23.4,,,1
2023/2024,2023,Prince Edward Island,Both sexes,"Total, 18 years and over","Sense of belonging to local community, somewhat strong or very strong",67.4,percent,percent,,2023/2024,2021A000211,Percent,239,units,0,v1806964499,8.1.1.23.4,,,1
2019/2020,2019,Prince Edward Island,Males,"Total, 18 years and over","Perceived mental health, very good or excellent",68.0,percent,percent,,2019/2020,2021A000211,Percent,239,units,0,v1806964534,8.1.2.3.4,,,1
2021/2022,2021,Prince Edward Island,Males,"Total, 18 years and over","Perceived mental health, very good or excellent",56.2,percent,percent,,2021/2022,2021A000211,Percent,239,units,0,v1806964534,8.1.2.3.4,,,1
2023/2024,2023,Prince Edward Island,Males,"Total, 18 years and over","Perceived mental health, very good or excellent",53.7,percent,percent,,2023/2024,2021A000211,Percent,239,units,0,v1806964534,8.1.2.3.4,,,1
2019/2020,2019,Prince Edward Island,Males,"Total, 18 years and over","Perceived mental health, fair or poor",9.3,percent,percent,,2019/2020,2021A000211,Percent,239,units,0,v1806964541,8.1.2.4.4,,,1
2021/2022,2021,Prince Edward Island,Males,"Total, 18 years and over","Perceived mental health, fair or poor",11.8,percent,percent,,2021/2022,2021A000211,Percent,239,units,0,v1806964541,8.1.2.4.4,,,1
2023/2024,2023,Prince Edward Island,Males,"Total, 18 years and over","Perceived mental health, fair or poor",16.9,percent,percent,,2023/2024,2021A000211,Percent,239,units,0,v1806964541,8.1.2.4.4,,,1
2019/2020,2019,Prince Edward Island,Males,"Total, 18 years and over","Perceived life stress, most days quite a bit or extremely stressful",17.2,percent,percent,,2019/2020,2021A000211,Percent,239,units,0,v1806964548,8.1.2.5.4,,,1
2021/2022,2021,Prince Edward Island,Males,"Total, 18 years and over","Perceived life stress, most days quite a bit or extremely stressful",18.1,percent,percent,,2021/2022,2021A000211,Percent,239,units,0,v1806964548,8.1.2.5.4,,,1
2023/2024,2023,Prince Edward Island,Males,"Total, 18 years and over","Perceived life stress, most days quite a bit or extremely stressful",15.9,percent,percent,,2023/2024,2021A000211,Percent,239,units,0,v1806964548,8.1.2.5.4,,,1
2019/2020,2019,Prince Edward Island,Males,"Total, 18 years and over",Mood disorder,6.8,percent,percent,,2019/2020,2021A000211,Percent,239,units,0,v1806964590,8.1.2.11.4,,,1
2021/2022,2021,Prince Edward Island,Males,"Total, 18 years and over",Mood disorder,7.5,percent,percent,,2021/2022,2021A000211,Percent,239,units,0,v1806964590,8.1.2.11.4,,,1
2023/2024,2023,Prince Edward Island,Males,"Total, 18 years and over",Mood disorder,10.7,percent,percent,,2023/2024,2021A000211,Percent,239,units,0,v1806964590,8.1.2.11.4,,,1
2019/2020,2019,Prince Edward Island,Males,"Total, 18 years and over",Anxiety disorder,10.3,percent,percent,,2019/2020,2021A000211,Percent,239,units,0,v1806964597,8.1.2.12.4,,,1
2021/2022,2021,Prince Edward Island,Males,"Total, 18 years and over",Anxiety disorder,9.4,percent,percent,,2021/2022,2021A000211,Percent,239,units,0,v1806964597,8.1.2.12.4,,,1
2023/2024,2023,Prince Edward Island,Males,"Total, 18 years and over",Anxiety disorder,,percent,percent,..,2023/2024,2021A000211,Percent,239,units,0,v1806964597,8.1.2.12.4,,,1
2019/2020,2019,Prince Edward Island,Males,"Total, 18 years and over","Cannabis use, past 12 months",32.0,percent,percent,,2019/2020,2021A000211,Percent,239,units,0,v1806964618,8.1.2.15.4,,,1
2021/2022,2021,Prince Edward Island,Males,"Total, 18 years and over","Cannabis use, past 12 months",38.9,percent,percent,,2021/2022,2021A000211,Percent,239,units,0,v1806964618,8.1.2.15.4,,,1
2023/2024,2023,Prince Edward Island,Males,"Total, 18 years and over","Cannabis use, past 12 months",30.9,percent,percent,,2023/2024,2021A000211,Percent,239,units,0,v1806964618,8.1.2.15.4,,,1
2019/2020,2019,Prince Edward Island,Males,"Total, 18 years and over",Heavy drinking,29.9,percent,percent,,2019/2020,2021A000211,Percent,239,units,0,v1806964646,8.1.2.19.4,,,1
2021/2022,2021,Prince Edward Island,Males,"Total, 18 years and over",Heavy drinking,27.1,percent,percent,,2021/2022,2021A000211,Percent,239,units,0,v1806964646,8.1.2.19.4,,,1
2023/2024,2023,Prince Edward Island,Males,"Total, 18 years and over",Heavy drinking,25.6,percent,percent,,2023/2024,2021A000211,Percent,239,units,0,v1806964646,8.1.2.19.4,,,1
2019/2020,2019,Prince Edward Island,Males,"Total, 18 years and over","Sense of belonging to local community, somewhat strong or very strong",79.2,percent,percent,,2019/2020,2021A000211,Percent,239,units,0,v1806964660,8.1.2.23.4,,,1
2021/2022,2021,Prince Edward Island,Males,"Total, 18 years and over","Sense of belonging to local community, somewhat strong or very strong",75.9,percent,percent,,2021/2022,2021A000211,Percent,239,units,0,v1806964660,8.1.2.23.4,,,1
2023/2024,2023,Prince Edward Island,Males,"Total, 18 years and over","Sense of belonging to local community, somewhat strong or very strong",69.0,percent,percent,,2023/2024,2021A000211,Percent,239,units,0,v1806964660,8.1.2.23.4,,,1
2019/2020,2019,Prince Edward Island,Females,"Total, 18 years and over","Perceived mental health, very good or excellent",58.8,percent,percent,,2019/2020,2021A000211,Percent,239,units,0,v1806964695,8.1.3.3.4,,,1
2021/2022,2021,Prince Edward Island,Females,"Total, 18 years and over","Perceived mental health, very good or excellent",55.5,percent,percent,,2021/2022,2021A000211,Percent,239,units,0,v1806964695,8.1.3.3.4,,,1
2023/2024,2023,Prince Edward Island,Females,"Total, 18 years and over","Perceived mental health, very good or excellent",46.0,percent,percent,,2023/2024,2021A000211,Percent,239,units,0,v1806964695,8.1.3.3.4,,,1
2019/2020,2019,Prince Edward Island,Females,"Total, 18 years and over","Perceived mental health, fair or poor",11.4,percent,percent,,2019/2020,2021A000211,Percent,239,units,0,v1806964702,8.1.3.4.4,,,1
2021/2022,2021,Prince Edward Island,Females,"Total, 18 years and over","Perceived mental health, fair or poor",17.3,percent,percent,,2021/2022,2021A000211,Percent,239,units,0,v1806964702,8.1.3.4.4,,,1
2023/2024,2023,Prince Edward Island,Females,"Total, 18 years and over","Perceived mental health, fair or poor",17.4,percent,percent,,2023/2024,2021A000211,Percent,239,units,0,v1806964702,8.1.3.4.4,,,1
2019/2020,2019,Prince Edward Island,Females,"Total, 18 years and over","Perceived life stress, most days quite a bit or extremely stressful",21.0,percent,percent,,2019/2020,2021A000211,Percent,239,units,0,v1806964709,8.1.3.5.4,,,1
2021/2022,2021,Prince Edward Island,Females,"Total, 18 years and over","Perceived life stress, most days quite a bit or extremely stressful",21.1,percent,percent,,2021/2022,2021A000211,Percent,239,units,0,v1806964709,8.1.3.5.4,,,1
2023/2024,2023,Prince Edward Island,Females,"Total, 18 years and over","Perceived life stress, most days quite a bit or extremely stressful",22.1,percent,percent,,2023/2024,2021A000211,Percent,239,units,0,v1806964709,8.1.3.5.4,,,1
2019/2020,2019,Prince Edward Island,Females,"Total, 18 years and over",Mood disorder,17.3,percent,percent,,2019/2020,2021A000211,Percent,239,units,0,v1806964751,8.1.3.11.4,,,1
2021/2022,2021,Prince Edward Island,Females,"Total, 18 years and over",Mood disorder,13.8,percent,percent,,2021/2022,2021A000211,Percent,239,units,0,v1806964751,8.1.3.11.4,,,1
2023/2024,2023,Prince Edward Island,Females,"Total, 18 years and over",Mood disorder,16.6,percent,percent,,2023/2024,2021A000211,Percent,239,units,0,v1806964751,8.1.3.11.4,,,1
2019/2020,2019,Prince Edward Island,Females,"Total, 18 years and over",Anxiety disorder,14.3,percent,percent,,2019/2020,2021A000211,Percent,239,units,0,v1806964758,8.1.3.12.4,,,1
2021/2022,2021,Prince Edward Island,Females,"Total, 18 years and over",Anxiety disorder,16.2,percent,percent,,2021/2022,2021A000211,Percent,239,units,0,v1806964758,8.1.3.12.4,,,1
2023/2024,2023,Prince Edward Island,Females,"Total, 18 years and over",Anxiety disorder,,percent,percent,..,2023/2024,2021A000211,Percent,239,units,0,v1806964758,8.1.3.12.4,,,1
2019/2020,2019,Prince Edward Island,Females,"Total, 18 years and over","Cannabis use, past 12 months",20.3,percent,percent,,2019/2020,2021A000211,Percent,239,units,0,v1806964779,8.1.3.15.4,,,1
2021/2022,2021,Prince Edward Island,Females,"Total, 18 years and over","Cannabis use, past 12 months",23.5,percent,percent,,2021/2022,2021A000211,Percent,239,units,0,v1806964779,8.1.3.15.4,,,1
2023/2024,2023,Prince Edward Island,Females,"Total, 18 years and over","Cannabis use, past 12 months",17.6,percent,percent,,2023/2024,2021A000211,Percent,239,units,0,v1806964779,8.1.3.15.4,,,1
2019/2020,2019,Prince Edward Island,Females,"Total, 18 years and over",Heavy drinking,13.0,percent,percent,,2019/2020,2021A000211,Percent,239,units,0,v1806964807,8.1.3.19.4,,,1
2021/2022,2021,Prince Edward Island,Females,"Total, 18 years and over",Heavy drinking,18.5,percent,percent,,2021/2022,2021A000211,Percent,239,units,0,v1806964807,8.1.3.19.4,,,1
2023/2024,2023,Prince Edward Island,Females,"Total, 18 years and over",Heavy drinking,19.4,percent,percent,,2023/2024,2021A000211,Percent,239,units,0,v1806964807,8.1.3.19.4,,,1
2019/2020,2019,Prince Edward Island,Females,"Total, 18 years and over","Sense of belonging to local community, somewhat strong or very strong",71.7,percent,percent,,2019/2020,2021A000211,Percent,239,units,0,v1806964835,8.1.3.23.4,,,1
2021/2022,2021,Prince Edward Island,Females,"Total, 18 years and over","Sense of belonging to local community, somewhat strong or very strong",69.7,percent,percent,,2021/2022,2021A000211,Percent,239,units,0,v1806964835,8.1.3.23.4,,,1
2023/2024,2023,Prince Edward Island,Females,"Total, 18 years and over","Sense of belonging to local community, somewhat strong or very strong",65.9,percent,percent,,2023/2024,2021A000211,Percent,239,units,0,v1806964835,8.1.3.23.4,,,1
2019/2020,2019,Nova Scotia,Both sexes,"Total, 18 years and over","Perceived mental health, very good or excellent",64.5,percent,percent,,2019/2020,2021A000212,Percent,239,units,0,v1806969469,10.1.1.3.4,,,1
2021/2022,2021,Nova Scotia,Both sexes,"Total, 18 years and over","Perceived mental health, very good or excellent",54.5,percent,percent,,2021/2022,2021A000212,Percent,239,units,0,v1806969469,10.1.1.3.4,,,1
2023/2024,2023,Nova Scotia,Both sexes,"Total, 18 years and over","Perceived mental health, very good or excellent",47.8,percent,percent,,2023/2024,2021A000212,Percent,239,units,0,v1806969469,10.1.1.3.4,,,1
2019/2020,2019,Nova Scotia,Both sexes,"Total, 18 years and over","Perceived mental health, fair or poor",12.9,percent,percent,,2019/2020,2021A000212,Percent,239,units,0,v1806969476,10.1.1.4.4,,,1
2021/2022,2021,Nova Scotia,Both sexes,"Total, 18 years and over","Perceived mental health, fair or poor",14.7,percent,percent,,2021/2022,2021A000212,Percent,239,units,0,v1806969476,10.1.1.4.4,,,1
2023/2024,2023,Nova Scotia,Both sexes,"Total, 18 years and over","Perceived mental health, fair or poor",19.7,percent,percent,,2023/2024,2021A000212,Percent,239,units,0,v1806969476,10.1.1.4.4,,,1
2019/2020,2019,Nova Scotia,Both sexes,"Total, 18 years and over","Perceived life stress, most days quite a bit or extremely stressful",19.0,percent,percent,,2019/2020,2021A000212,Percent,239,units,0,v1806969483,10.1.1.5.4,,,1
2021/2022,2021,Nova Scotia,Both sexes,"Total, 18 years and over","Perceived life stress, most days quite a bit or extremely stressful",20.6,percent,percent,,2021/2022,2021A000212,Percent,239,units,0,v1806969483,10.1.1.5.4,,,1
2023/2024,2023,Nova Scotia,Both sexes,"Total, 18 years and over","Perceived life stress, most days quite a bit or extremely stressful",23.2,percent,percent,,2023/2024,2021A000212,Percent,239,units,0,v1806969483,10.1.1.5.4,,,1
2019/2020,2019,Nova Scotia,Both sexes,"Total, 18 years and over",Mood disorder,15.2,percent,percent,,2019/2020,2021A000212,Percent,239,units,0,v1806969525,10.1.1.11.4,,,1
2021/2022,2021,Nova Scotia,Both sexes,"Total, 18 years and over",Mood disorder,13.5,percent,percent,,2021/2022,2021A000212,Percent,239,units,0,v1806969525,10.1.1.11.4,,,1
2023/2024,2023,Nova Scotia,Both sexes,"Total, 18 years and over",Mood disorder,17.6,percent,percent,,2023/2024,2021A000212,Percent,239,units,0,v1806969525,10.1.1.11.4,,,1
2019/2020,2019,Nova Scotia,Both sexes,"Total, 18 years and over",Anxiety disorder,15.3,percent,percent,,2019/2020,2021A000212,Percent,239,units,0,v1806969532,10.1.1.12.4,,,1
2021/2022,2021,Nova Scotia,Both sexes,"Total, 18 years and over",Anxiety disorder,16.2,percent,percent,,2021/2022,2021A000212,Percent,239,units,0,v1806969532,10.1.1.12.4,,,1
2023/2024,2023,Nova Scotia,Both sexes,"Total, 18 years and over",Anxiety disorder,21.7,percent,percent,,2023/2024,2021A000212,Percent,239,units,0,v1806969532,10.1.1.12.4,,,1
2019/2020,2019,Nova Scotia,Both sexes,"Total, 18 years and over","Cannabis use, past 12 months",30.0,percent,percent,,2019/2020,2021A000212,Percent,239,units,0,v1806969553,10.1.1.15.4,,,1
2021/2022,2021,Nova Scotia,Both sexes,"Total, 18 years and over","Cannabis use, past 12 months",31.4,percent,percent,,2021/2022,2021A000212,Percent,239,units,0,v1806969553,10.1.1.15.4,,,1
2023/2024,2023,Nova Scotia,Both sexes,"Total, 18 years and over","Cannabis use, past 12 months",31.2,percent,percent,,2023/2024,2021A000212,Percent,239,units,0,v1806969553,10.1.1.15.4,,,1
2019/2020,2019,Nova Scotia,Both sexes,"Total, 18 years and over",Heavy drinking,21.6,percent,percent,,2019/2020,2021A000212,Percent,239,units,0,v1806969581,10.1.1.19.4,,,1
2021/2022,2021,Nova Scotia,Both sexes,"Total, 18 years and over",Heavy drinking,21.8,percent,percent,,2021/2022,2021A000212,Percent,239,units,0,v1806969581,10.1.1.19.4,,,1
2023/2024,2023,Nova Scotia,Both sexes,"Total, 18 years and over",Heavy drinking,22.2,percent,percent,,2023/2024,2021A000212,Percent,239,units,0,v1806969581,10.1.1.19.4,,,1
2019/2020,2019,Nova Scotia,Both sexes,"Total, 18 years and over","Sense of belonging to local community, somewhat strong or very strong",75.7,percent,percent,,2019/2020,2021A000212,Percent,239,units,0,v1806969609,10.1.1.23.4,,,1
2021/2022,2021,Nova Scotia,Both sexes,"Total, 18 years and over","Sense of belonging to local community, somewhat strong or very strong",71.6,percent,percent,,2021/2022,2021A000212,Percent,239,units,0,v1806969609,10.1.1.23.4,,,1
2023/2024,2023,Nova Scotia,Both sexes,"Total, 18 years and over","Sense of belonging to local community, somewhat strong or very strong",62.8,percent,percent,,2023/2024,2021A000212,Percent,239,units,0,v1806969609,10.1.1.23.4,,,1
2019/2020,2019,Nova Scotia,Males,"Total, 18 years and over","Perceived mental health, very good or excellent",69.4,percent,percent,,2019/2020,2021A000212,Percent,239,units,0,v1806969644,10.1.2.3.4,,,1
2021/2022,2021,Nova Scotia,Males,"Total, 18 years and over","Perceived mental health, very good or excellent",58.1,percent,percent,,2021/2022,2021A000212,Percent,239,units,0,v1806969644,10.1.2.3.4,,,1
2023/2024,2023,Nova Scotia,Males,"Total, 18 years and over","Perceived mental health, very good or excellent",50.0,percent,percent,,2023/2024,2021A000212,Percent,239,units,0,v1806969644,10.1.2.3.4,,,1
2019/2020,2019,Nova Scotia,Males,"Total, 18 years and over","Perceived mental health, fair or poor",11.0,percent,percent,,2019/2020,2021A000212,Percent,239,units,0,v1806969651,10.1.2.4.4,,,1
2021/2022,2021,Nova Scotia,Males,"Total, 18 years and over","Perceived mental health, fair or poor",12.9,percent,percent,,2021/2022,2021A000212,Percent,239,units,0,v1806969651,10.1.2.4.4,,,1
2023/2024,2023,Nova Scotia,Males,"Total, 18 years and over","Perceived mental health, fair or poor",18.4,percent,percent,,2023/2024,2021A000212,Percent,239,units,0,v1806969651,10.1.2.4.4,,,1
2019/2020,2019,Nova Scotia,Males,"Total, 18 years and over","Perceived life stress, most days quite a bit or extremely stressful",16.8,percent,percent,,2019/2020,2021A000212,Percent,239,units,0,v1806969658,10.1.2.5.4,,,1
2021/2022,2021,Nova Scotia,Males,"Total, 18 years and over","Perceived life stress, most days quite a bit or extremely stressful",18.1,percent,percent,,2021/2022,2021A000212,Percent,239,units,0,v1806969658,10.1.2.5.4,,,1
2023/2024,2023,Nova Scotia,Males,"Total, 18 years and over","Perceived life stress, most days quite a bit or extremely stressful",20.3,percent,percent,,2023/2024,2021A000212,Percent,239,units,0,v1806969658,10.1.2.5.4,,,1
2019/2020,2019,Nova Scotia,Males,"Total, 18 years and over",Mood disorder,10.5,percent,percent,,2019/2020,2021A000212,Percent,239,units,0,v1806969700,10.1.2.11.4,,,1
2021/2022,2021,Nova Scotia,Males,"Total, 18 years and over",Mood disorder,9.6,percent,percent,,2021/2022,2021A000212,Percent,239,units,0,v1806969700,10.1.2.11.4,,,1
2023/2024,2023,Nova Scotia,Males,"Total, 18 years and over",Mood disorder,14.6,percent,percent,,2023/2024,2021A000212,Percent,239,units,0,v1806969700,10.1.2.11.4,,,1
2019/2020,2019,Nova Scotia,Males,"Total, 18 years and over",Anxiety disorder,10.9,percent,percent,,2019/2020,2021A000212,Percent,239,units,0,v1806969707,10.1.2.12.4,,,1
2021/2022,2021,Nova Scotia,Males,"Total, 18 years and over",Anxiety disorder,11.7,percent,percent,,2021/2022,2021A000212,Percent,239,units,0,v1806969707,10.1.2.12.4,,,1
2023/2024,2023,Nova Scotia,Males,"Total, 18 years and over",Anxiety disorder,17.1,percent,percent,,2023/2024,2021A000212,Percent,239,units,0,v1806969707,10.1.2.12.4,,,1
2019/2020,2019,Nova Scotia,Males,"Total, 18 years and over","Cannabis use, past 12 months",34.4,percent,percent,,2019/2020,2021A000212,Percent,239,units,0,v1806969728,10.1.2.15.4,,,1
2021/2022,2021,Nova Scotia,Males,"Total, 18 years and over","Cannabis use, past 12 months",36.1,percent,percent,,2021/2022,2021A000212,Percent,239,units,0,v1806969728,10.1.2.15.4,,,1
2023/2024,2023,Nova Scotia,Males,"Total, 18 years and over","Cannabis use, past 12 months",36.0,percent,percent,,2023/2024,2021A000212,Percent,239,units,0,v1806969728,10.1.2.15.4,,,1
2019/2020,2019,Nova Scotia,Males,"Total, 18 years and over",Heavy drinking,25.2,percent,percent,,2019/2020,2021A000212,Percent,239,units,0,v1806969756,10.1.2.19.4,,,1
2021/2022,2021,Nova Scotia,Males,"Total, 18 years and over",Heavy drinking,27.5,percent,percent,,2021/2022,2021A000212,Percent,239,units,0,v1806969756,10.1.2.19.4,,,1
2023/2024,2023,Nova Scotia,Males,"Total, 18 years and over",Heavy drinking,27.4,percent,percent,,2023/2024,2021A000212,Percent,239,units,0,v1806969756,10.1.2.19.4,,,1
2019/2020,2019,Nova Scotia,Males,"Total, 18 years and over","Sense of belonging to local community, somewhat strong or very strong",76.0,percent,percent,,2019/2020,2021A000212,Percent,239,units,0,v1806969770,10.1.2.23.4,,,1
2021/2022,2021,Nova Scotia,Males,"Total, 18 years and over","Sense of belonging to local community, somewhat strong or very strong",72.2,percent,percent,,2021/2022,2021A000212,Percent,239,units,0,v1806969770,10.1.2.23.4,,,1
2023/2024,2023,Nova Scotia,Males,"Total, 18 years and over","Sense of belonging to local community, somewhat strong or very strong",62.2,percent,percent,,2023/2024,2021A000212,Percent,239,units,0,v1806969770,10.1.2.23.4,,,1
2019/2020,2019,Nova Scotia,Females,"Total, 18 years and over","Perceived mental health, very good or excellent",60.1,percent,percent,,2019/2020,2021A000212,Percent,239,units,0,v1806969805,10.1.3.3.4,,,1
2021/2022,2021,Nova Scotia,Females,"Total, 18 years and over","Perceived mental health, very good or excellent",51.1,percent,percent,,2021/2022,2021A000212,Percent,239,units,0,v1806969805,10.1.3.3.4,,,1
2023/2024,2023,Nova Scotia,Females,"Total, 18 years and over","Perceived mental health, very good or excellent",45.8,percent,percent,,2023/2024,2021A000212,Percent,239,units,0,v1806969805,10.1.3.3.4,,,1
2019/2020,2019,Nova Scotia,Females,"Total, 18 years and over","Perceived mental health, fair or poor",14.6,percent,percent,,2019/2020,2021A000212,Percent,239,units,0,v1806969812,10.1.3.4.4,,,1
2021/2022,2021,Nova Scotia,Females,"Total, 18 years and over","Perceived mental health, fair or poor",16.3,percent,percent,,2021/2022,2021A000212,Percent,239,units,0,v1806969812,10.1.3.4.4,,,1
2023/2024,2023,Nova Scotia,Females,"Total, 18 years and over","Perceived mental health, fair or poor",20.9,percent,percent,,2023/2024,2021A000212,Percent,239,units,0,v1806969812,10.1.3.4.4,,,1
2019/2020,2019,Nova Scotia,Females,"Total, 18 years and over","Perceived life stress, most days quite a bit or extremely stressful",21.0,percent,percent,,2019/2020,2021A000212,Percent,239,units,0,v1806969819,10.1.3.5.4,,,1
2021/2022,2021,Nova Scotia,Females,"Total, 18 years and over","Perceived life stress, most days quite a bit or extremely stressful",22.9,percent,percent,,2021/2022,2021A000212,Percent,239,units,0,v1806969819,10.1.3.5.4,,,1
2023/2024,2023,Nova Scotia,Females,"Total, 18 years and over","Perceived life stress, most days quite a bit or extremely stressful",25.9,percent,percent,,2023/2024,2021A000212,Percent,239,units,0,v1806969819,10.1.3.5.4,,,1
2019/2020,2019,Nova Scotia,Females,"Total, 18 years and over",Mood disorder,19.6,percent,percent,,2019/2020,2021A000212,Percent,239,units,0,v1806969861,10.1.3.11.4,,,1
2021/2022,2021,Nova Scotia,Females,"Total, 18 years and over",Mood disorder,17.1,percent,percent,,2021/2022,2021A000212,Percent,239,units,0,v1806969861,10.1.3.11.4,,,1
2023/2024,2023,Nova Scotia,Females,"Total, 18 years and over",Mood disorder,20.4,percent,percent,,2023/2024,2021A000212,Percent,239,units,0,v1806969861,10.1.3.11.4,,,1
2019/2020,2019,Nova Scotia,Females,"Total, 18 years and over",Anxiety disorder,19.5,percent,percent,,2019/2020,2021A000212,Percent,239,units,0,v1806969868,10.1.3.12.4,,,1
2021/2022,2021,Nova Scotia,Females,"Total, 18 years and over",Anxiety disorder,20.4,percent,percent,,2021/2022,2021A000212,Percent,239,units,0,v1806969868,10.1.3.12.4,,,1
2023/2024,2023,Nova Scotia,Females,"Total, 18 years and over",Anxiety disorder,26.0,percent,percent,,2023/2024,2021A000212,Percent,239,units,0,v1806969868,10.1.3.12.4,,,1
2019/2020,2019,Nova Scotia,Females,"Total, 18 years and over","Cannabis use, past 12 months",26.0,percent,percent,,2019/2020,2021A000212,Percent,239,units,0,v1806969889,10.1.3.15.4,,,1
2021/2022,2021,Nova Scotia,Females,"Total, 18 years and over","Cannabis use, past 12 months",27.2,percent,percent,,2021/2022,2021A000212,Percent,239,units,0,v1806969889,10.1.3.15.4,,,1
2023/2024,2023,Nova Scotia,Females,"Total, 18 years and over","Cannabis use, past 12 months",26.7,percent,percent,,2023/2024,2021A000212,Percent,239,units,0,v1806969889,10.1.3.15.4,,,1
2019/2020,2019,Nova Scotia,Females,"Total, 18 years and over",Heavy drinking,18.3,percent,percent,,2019/2020,2021A000212,Percent,239,units,0,v1806969917,10.1.3.19.4,,,1
2021/2022,2021,Nova Scotia,Females,"Total, 18 years and over",Heavy drinking,16.5,percent,percent,,2021/2022,2021A000212,Percent,239,units,0,v1806969917,10.1.3.19.4,,,1
2023/2024,2023,Nova Scotia,Females,"Total, 18 years and over",Heavy drinking,17.3,percent,percent,,2023/2024,2021A000212,Percent,239,units,0,v1806969917,10.1.3.19.4,,,1
2019/2020,2019,Nova Scotia,Females,"Total, 18 years and over","Sense of belonging to local community, somewhat strong or very strong",75.4,percent,percent,,2019/2020,2021A000212,Percent,239,units,0,v1806969945,10.1.3.23.4,,,1
2021/2022,2021,Nova Scotia,Females,"Total, 18 years and over","Sense of belonging to local community, somewhat strong or very strong",71.2,percent,percent,,2021/2022,2021A000212,Percent,239,units,0,v1806969945,10.1.3.23.4,,,1
2023/2024,2023,Nova Scotia,Females,"Total, 18 years and over","Sense of belonging to local community, somewhat strong or very strong",63.3,percent,percent,,2023/2024,2021A000212,Percent,239,units,0,v1806969945,10.1.3.23.4,,,1
2019/2020,2019,New Brunswick,Both sexes,"Total, 18 years and over","Perceived mental health, very good or excellent",61.1,percent,percent,,2019/2020,2021A000213,Percent,239,units,0,v1806983704,15.1.1.3.4,,,1
2021/2022,2021,New Brunswick,Both sexes,"Total, 18 years and over","Perceived mental health, very good or excellent",53.9,percent,percent,,2021/2022,2021A000213,Percent,239,units,0,v1806983704,15.1.1.3.4,,,1
2023/2024,2023,New Brunswick,Both sexes,"Total, 18 years and over","Perceived mental health, very good or excellent",49.2,percent,percent,,2023/2024,2021A000213,Percent,239,units,0,v1806983704,15.1.1.3.4,,,1
2019/2020,2019,New Brunswick,Both sexes,"Total, 18 years and over","Perceived mental health, fair or poor",10.8,percent,percent,,2019/2020,2021A000213,Percent,239,units,0,v1806983711,15.1.1.4.4,,,1
2021/2022,2021,New Brunswick,Both sexes,"Total, 18 years and over","Perceived mental health, fair or poor",14.8,percent,percent,,2021/2022,2021A000213,Percent,239,units,0,v1806983711,15.1.1.4.4,,,1
2023/2024,2023,New Brunswick,Both sexes,"Total, 18 years and over","Perceived mental health, fair or poor",17.4,percent,percent,,2023/2024,2021A000213,Percent,239,units,0,v1806983711,15.1.1.4.4,,,1
2019/2020,2019,New Brunswick,Both sexes,"Total, 18 years and over","Perceived life stress, most days quite a bit or extremely stressful",19.1,percent,percent,,2019/2020,2021A000213,Percent,239,units,0,v1806983718,15.1.1.5.4,,,1
2021/2022,2021,New Brunswick,Both sexes,"Total, 18 years and over","Perceived life stress, most days quite a bit or extremely stressful",20.4,percent,percent,,2021/2022,2021A000213,Percent,239,units,0,v1806983718,15.1.1.5.4,,,1
2023/2024,2023,New Brunswick,Both sexes,"Total, 18 years and over","Perceived life stress, most days quite a bit or extremely stressful",23.0,percent,percent,,2023/2024,2021A000213,Percent,239,units,0,v1806983718,15.1.1.5.4,,,1
2019/2020,2019,New Brunswick,Both sexes,"Total, 18 years and over",Mood disorder,12.0,percent,percent,,2019/2020,2021A000213,Percent,239,units,0,v1806983760,15.1.1.11.4,,,1
2021/2022,2021,New Brunswick,Both sexes,"Total, 18 years and over",Mood disorder,13.1,percent,percent,,2021/2022,2021A000213,Percent,239,units,0,v1806983760,15.1.1.11.4,,,1
2023/2024,2023,New Brunswick,Both sexes,"Total, 18 years and over",Mood disorder,15.7,percent,percent,,2023/2024,2021A000213,Percent,239,units,0,v1806983760,15.1.1.11.4,,,1
2019/2020,2019,New Brunswick,Both sexes,"Total, 18 years and over",Anxiety disorder,13.5,percent,percent,,2019/2020,2021A000213,Percent,239,units,0,v1806983767,15.1.1.12.4,,,1
2021/2022,2021,New Brunswick,Both sexes,"Total, 18 years and over",Anxiety disorder,15.8,percent,percent,,2021/2022,2021A000213,Percent,239,units,0,v1806983767,15.1.1.12.4,,,1
2023/2024,2023,New Brunswick,Both sexes,"Total, 18 years and over",Anxiety disorder,,percent,percent,..,2023/2024,2021A000213,Percent,239,units,0,v1806983767,15.1.1.12.4,,,1
2019/2020,2019,New Brunswick,Both sexes,"Total, 18 years and over","Cannabis use, past 12 months",24.6,percent,percent,,2019/2020,2021A000213,Percent,239,units,0,v1806983788,15.1.1.15.4,,,1
2021/2022,2021,New Brunswick,Both sexes,"Total, 18 years and over","Cannabis use, past 12 months",24.7,percent,percent,,2021/2022,2021A000213,Percent,239,units,0,v1806983788,15.1.1.15.4,,,1
2023/2024,2023,New Brunswick,Both sexes,"Total, 18 years and over","Cannabis use, past 12 months",25.2,percent,percent,,2023/2024,2021A000213,Percent,239,units,0,v1806983788,15.1.1.15.4,,,1
2019/2020,2019,New Brunswick,Both sexes,"Total, 18 years and over",Heavy drinking,19.7,percent,percent,,2019/2020,2021A000213,Percent,239,units,0,v1806983816,15.1.1.19.4,,,1
2021/2022,2021,New Brunswick,Both sexes,"Total, 18 years and over",Heavy drinking,21.1,percent,percent,,2021/2022,2021A000213,Percent,239,units,0,v1806983816,15.1.1.19.4,,,1
2023/2024,2023,New Brunswick,Both sexes,"Total, 18 years and over",Heavy drinking,21.1,percent,percent,,2023/2024,2021A000213,Percent,239,units,0,v1806983816,15.1.1.19.4,,,1
2019/2020,2019,New Brunswick,Both sexes,"Total, 18 years and over","Sense of belonging to local community, somewhat strong or very strong",72.5,percent,percent,,2019/2020,2021A000213,Percent,239,units,0,v1806983844,15.1.1.23.4,,,1
2021/2022,2021,New Brunswick,Both sexes,"Total, 18 years and over","Sense of belonging to local community, somewhat strong or very strong",72.5,percent,percent,,2021/2022,2021A000213,Percent,239,units,0,v1806983844,15.1.1.23.4,,,1
2023/2024,2023,New Brunswick,Both sexes,"Total, 18 years and over","Sense of belonging to local community, somewhat strong or very strong",63.0,percent,percent,,2023/2024,2021A000213,Percent,239,units,0,v1806983844,15.1.1.23.4,,,1
2019/2020,2019,New Brunswick,Males,"Total, 18 years and over","Perceived mental health, very good or excellent",64.4,percent,percent,,2019/2020,2021A000213,Percent,239,units,0,v1806983879,15.1.2.3.4,,,1
2021/2022,2021,New Brunswick,Males,"Total, 18 years and over","Perceived mental health, very good or excellent",58.0,percent,percent,,2021/2022,2021A000213,Percent,239,units,0,v1806983879,15.1.2.3.4,,,1
2023/2024,2023,New Brunswick,Males,"Total, 18 years and over","Perceived mental health, very good or excellent",49.7,percent,percent,,2023/2024,2021A000213,Percent,239,units,0,v1806983879,15.1.2.3.4,,,1
2019/2020,2019,New Brunswick,Males,"Total, 18 years and over","Perceived mental health, fair or poor",12.1,percent,percent,,2019/2020,2021A000213,Percent,239,units,0,v1806983886,15.1.2.4.4,,,1
2021/2022,2021,New Brunswick,Males,"Total, 18 years and over","Perceived mental health, fair or poor",12.4,percent,percent,,2021/2022,2021A000213,Percent,239,units,0,v1806983886,15.1.2.4.4,,,1
2023/2024,2023,New Brunswick,Males,"Total, 18 years and over","Perceived mental health, fair or poor",16.2,percent,percent,,2023/2024,2021A000213,Percent,239,units,0,v1806983886,15.1.2.4.4,,,1
2019/2020,2019,New Brunswick,Males,"Total, 18 years and over","Perceived life stress, most days quite a bit or extremely stressful",16.2,percent,percent,,2019/2020,2021A000213,Percent,239,units,0,v1806983893,15.1.2.5.4,,,1
2021/2022,2021,New Brunswick,Males,"Total, 18 years and over","Perceived life stress, most days quite a bit or extremely stressful",18.0,percent,percent,,2021/2022,2021A000213,Percent,239,units,0,v1806983893,15.1.2.5.4,,,1
2023/2024,2023,New Brunswick,Males,"Total, 18 years and over","Perceived life stress, most days quite a bit or extremely stressful",22.3,percent,percent,,2023/2024,2021A000213,Percent,239,units,0,v1806983893,15.1.2.5.4,,,1
2019/2020,2019,New Brunswick,Males,"Total, 18 years and over",Mood disorder,10.1,percent,percent,,2019/2020,2021A000213,Percent,239,units,0,v1806983935,15.1.2.11.4,,,1
2021/2022,2021,New Brunswick,Males,"Total, 18 years and over",Mood disorder,10.4,percent,percent,,2021/2022,2021A000213,Percent,239,units,0,v1806983935,15.1.2.11.4,,,1
2023/2024,2023,New Brunswick,Males,"Total, 18 years and over",Mood disorder,12.3,percent,percent,,2023/2024,2021A000213,Percent,239,units,0,v1806983935,15.1.2.11.4,,,1
2019/2020,2019,New Brunswick,Males,"Total, 18 years and over",Anxiety disorder,11.9,percent,percent,,2019/2020,2021A000213,Percent,239,units,0,v1806983942,15.1.2.12.4,,,1
2021/2022,2021,New Brunswick,Males,"Total, 18 years and over",Anxiety disorder,11.9,percent,percent,,2021/2022,2021A000213,Percent,239,units,0,v1806983942,15.1.2.12.4,,,1
2023/2024,2023,New Brunswick,Males,"Total, 18 years and over",Anxiety disorder,,percent,percent,..,2023/2024,2021A000213,Percent,239,units,0,v1806983942,15.1.2.12.4,,,1
2019/2020,2019,New Brunswick,Males,"Total, 18 years and over","Cannabis use, past 12 months",30.6,percent,percent,,2019/2020,2021A000213,Percent,239,units,0,v1806983963,15.1.2.15.4,,,1
2021/2022,2021,New Brunswick,Males,"Total, 18 years and over","Cannabis use, past 12 months",28.6,percent,percent,,2021/2022,2021A000213,Percent,239,units,0,v1806983963,15.1.2.15.4,,,1
2023/2024,2023,New Brunswick,Males,"Total, 18 years and over","Cannabis use, past 12 months",27.7,percent,percent,,2023/2024,2021A000213,Percent,239,units,0,v1806983963,15.1.2.15.4,,,1
2019/2020,2019,New Brunswick,Males,"Total, 18 years and over",Heavy drinking,26.8,percent,percent,,2019/2020,2021A000213,Percent,239,units,0,v1806983991,15.1.2.19.4,,,1
2021/2022,2021,New Brunswick,Males,"Total, 18 years and over",Heavy drinking,25.7,percent,percent,,2021/2022,2021A000213,Percent,239,units,0,v1806983991,15.1.2.19.4,,,1
2023/2024,2023,New Brunswick,Males,"Total, 18 years and over",Heavy drinking,26.7,percent,percent,,2023/2024,2021A000213,Percent,239,units,0,v1806983991,15.1.2.19.4,,,1
2019/2020,2019,New Brunswick,Males,"Total, 18 years and over","Sense of belonging to local community, somewhat strong or very strong",71.8,percent,percent,,2019/2020,2021A000213,Percent,239,units,0,v1806984005,15.1.2.23.4,,,1
2021/2022,2021,New Brunswick,Males,"Total, 18 years and over","Sense of belonging to local community, somewhat strong or very strong",72.9,percent,percent,,2021/2022,2021A000213,Percent,239,units,0,v1806984005,15.1.2.23.4,,,1
2023/2024,2023,New Brunswick,Males,"Total, 18 years and over","Sense of belonging to local community, somewhat strong or very strong",61.1,percent,percent,,2023/2024,2021A000213,Percent,239,units,0,v1806984005,15.1.2.23.4,,,1
2019/2020,2019,New Brunswick,Females,"Total, 18 years and over","Perceived mental health, very good or excellent",58.0,percent,percent,,2019/2020,2021A000213,Percent,239,units,0,v1806984040,15.1.3.3.4,,,1
2021/2022,2021,New Brunswick,Females,"Total, 18 years and over","Perceived mental health, very good or excellent",50.0,percent,percent,,2021/2022,2021A000213,Percent,239,units,0,v1806984040,15.1.3.3.4,,,1
2023/2024,2023,New Brunswick,Females,"Total, 18 years and over","Perceived mental health, very good or excellent",48.8,percent,percent,,2023/2024,2021A000213,Percent,239,units,0,v1806984040,15.1.3.3.4,,,1
2019/2020,2019,New Brunswick,Females,"Total, 18 years and over","Perceived mental health, fair or poor",9.6,percent,percent,,2019/2020,2021A000213,Percent,239,units,0,v1806984047,15.1.3.4.4,,,1
2021/2022,2021,New Brunswick,Females,"Total, 18 years and over","Perceived mental health, fair or poor",17.1,percent,percent,,2021/2022,2021A000213,Percent,239,units,0,v1806984047,15.1.3.4.4,,,1
2023/2024,2023,New Brunswick,Females,"Total, 18 years and over","Perceived mental health, fair or poor",18.4,percent,percent,,2023/2024,2021A000213,Percent,239,units,0,v1806984047,15.1.3.4.4,,,1
2019/2020,2019,New Brunswick,Females,"Total, 18 years and over","Perceived life stress, most days quite a bit or extremely stressful",21.9,percent,percent,,2019/2020,2021A000213,Percent,239,units,0,v1806984054,15.1.3.5.4,,,1
2021/2022,2021,New Brunswick,Females,"Total, 18 years and over","Perceived life stress, most days quite a bit or extremely stressful",22.7,percent,percent,,2021/2022,2021A000213,Percent,239,units,0,v1806984054,15.1.3.5.4,,,1
2023/2024,2023,New Brunswick,Females,"Total, 18 years and over","Perceived life stress, most days quite a bit or extremely stressful",23.7,percent,percent,,2023/2024,2021A000213,Percent,239,units,0,v1806984054,15.1.3.5.4,,,1
2019/2020,2019,New Brunswick,Females,"Total, 18 years and over",Mood disorder,13.8,percent,percent,,2019/2020,2021A000213,Percent,239,units,0,v1806984096,15.1.3.11.4,,,1
2021/2022,2021,New Brunswick,Females,"Total, 18 years and over",Mood disorder,15.7,percent,percent,,2021/2022,2021A000213,Percent,239,units,0,v1806984096,15.1.3.11.4,,,1
2023/2024,2023,New Brunswick,Females,"Total, 18 years and over",Mood disorder,18.9,percent,percent,,2023/2024,2021A000213,Percent,239,units,0,v1806984096,15.1.3.11.4,,,1
2019/2020,2019,New Brunswick,Females,"Total, 18 years and over",Anxiety disorder,15.2,percent,percent,,2019/2020,2021A000213,Percent,239,units,0,v1806984103,15.1.3.12.4,,,1
2021/2022,2021,New Brunswick,Females,"Total, 18 years and over",Anxiety disorder,19.6,percent,percent,,2021/2022,2021A000213,Percent,239,units,0,v1806984103,15.1.3.12.4,,,1
2023/2024,2023,New Brunswick,Females,"Total, 18 years and over",Anxiety disorder,,percent,percent,..,2023/2024,2021A000213,Percent,239,units,0,v1806984103,15.1.3.12.4,,,1
2019/2020,2019,New Brunswick,Females,"Total, 18 years and over","Cannabis use, past 12 months",19.1,percent,percent,,2019/2020,2021A000213,Percent,239,units,0,v1806984124,15.1.3.15.4,,,1
2021/2022,2021,New Brunswick,Females,"Total, 18 years and over","Cannabis use, past 12 months",21.1,percent,percent,,2021/2022,2021A000213,Percent,239,units,0,v1806984124,15.1.3.15.4,,,1
2023/2024,2023,New Brunswick,Females,"Total, 18 years and over","Cannabis use, past 12 months",22.8,percent,percent,,2023/2024,2021A000213,Percent,239,units,0,v1806984124,15.1.3.15.4,,,1
2019/2020,2019,New Brunswick,Females,"Total, 18 years and over",Heavy drinking,12.9,percent,percent,,2019/2020,2021A000213,Percent,239,units,0,v1806984152,15.1.3.19.4,,,1
2021/2022,2021,New Brunswick,Females,"Total, 18 years and over",Heavy drinking,16.8,percent,percent,,2021/2022,2021A000213,Percent,239,units,0,v1806984152,15.1.3.19.4,,,1
2023/2024,2023,New Brunswick,Females,"Total, 18 years and over",Heavy drinking,15.8,percent,percent,,2023/2024,2021A000213,Percent,239,units,0,v1806984152,15.1.3.19.4,,,1
2019/2020,2019,New Brunswick,Females,"Total, 18 years and over","Sense of belonging to local community, somewhat strong or very strong",73.2,percent,percent,,2019/2020,2021A000213,Percent,239,units,0,v1806984180,15.1.3.23.4,,,1
2021/2022,2021,New Brunswick,Females,"Total, 18 years and over","Sense of belonging to local community, somewhat strong or very strong",72.2,percent,percent,,2021/2022,2021A000213,Percent,239,units,0,v1806984180,15.1.3.23.4,,,1
2023/2024,2023,New Brunswick,Females,"Total, 18 years and over","Sense of belonging to local community, somewhat strong or very strong",64.7,percent,percent,,2023/2024,2021A000213,Percent,239,units,0,v1806984180,15.1.3.23.4,,,1
2019/2020,2019,Quebec,Both sexes,"Total, 18 years and over","Perceived mental health, very good or excellent",71.4,percent,percent,,2019/2020,2021A000224,Percent,239,units,0,v1807006699,23.1.1.3.4,,,1
2021/2022,2021,Quebec,Both sexes,"Total, 18 years and over","Perceived mental health, very good or excellent",65.2,percent,percent,,2021/2022,2021A000224,Percent,239,units,0,v1807006699,23.1.1.3.4,,,1
2023/2024,2023,Quebec,Both sexes,"Total, 18 years and over","Perceived mental health, very good or excellent",63.6,percent,percent,,2023/2024,2021A000224,Percent,239,units,0,v1807006699,23.1.1.3.4,,,1
2019/2020,2019,Quebec,Both sexes,"Total, 18 years and over","Perceived mental health, fair or poor",6.0,percent,percent,,2019/2020,2021A000224,Percent,239,units,0,v1807006706,23.1.1.4.4,,,1
2021/2022,2021,Quebec,Both sexes,"Total, 18 years and over","Perceived mental health, fair or poor",8.3,percent,percent,,2021/2022,2021A000224,Percent,239,units,0,v1807006706,23.1.1.4.4,,,1
2023/2024,2023,Quebec,Both sexes,"Total, 18 years and over","Perceived mental health, fair or poor",8.8,percent,percent,,2023/2024,2021A000224,Percent,239,units,0,v1807006706,23.1.1.4.4,,,1
2019/2020,2019,Quebec,Both sexes,"Total, 18 years and over","Perceived life stress, most days quite a bit or extremely stressful",23.3,percent,percent,,2019/2020,2021A000224,Percent,239,units,0,v1807006713,23.1.1.5.4,,,1
2021/2022,2021,Quebec,Both sexes,"Total, 18 years and over","Perceived life stress, most days quite a bit or extremely stressful",21.4,percent,percent,,2021/2022,2021A000224,Percent,239,units,0,v1807006713,23.1.1.5.4,,,1
2023/2024,2023,Quebec,Both sexes,"Total, 18 years and over","Perceived life stress, most days quite a bit or extremely stressful",20.9,percent,percent,,2023/2024,2021A000224,Percent,239,units,0,v1807006713,23.1.1.5.4,,,1
2019/2020,2019,Quebec,Both sexes,"Total, 18 years and over",Mood disorder,6.2,percent,percent,,2019/2020,2021A000224,Percent,239,units,0,v1807006755,23.1.1.11.4,,,1
2021/2022,2021,Quebec,Both sexes,"Total, 18 years and over",Mood disorder,7.3,percent,percent,,2021/2022,2021A000224,Percent,239,units,0,v1807006755,23.1.1.11.4,,,1
2023/2024,2023,Quebec,Both sexes,"Total, 18 years and over",Mood disorder,9.6,percent,percent,,2023/2024,2021A000224,Percent,239,units,0,v1807006755,23.1.1.11.4,,,1
2019/2020,2019,Quebec,Both sexes,"Total, 18 years and over",Anxiety disorder,8.4,percent,percent,,2019/2020,2021A000224,Percent,239,units,0,v1807006762,23.1.1.12.4,,,1
2021/2022,2021,Quebec,Both sexes,"Total, 18 years and over",Anxiety disorder,11.2,percent,percent,,2021/2022,2021A000224,Percent,239,units,0,v1807006762,23.1.1.12.4,,,1
2023/2024,2023,Quebec,Both sexes,"Total, 18 years and over",Anxiety disorder,,percent,percent,..,2023/2024,2021A000224,Percent,239,units,0,v1807006762,23.1.1.12.4,,,1
2019/2020,2019,Quebec,Both sexes,"Total, 18 years and over","Cannabis use, past 12 months",16.8,percent,percent,,2019/2020,2021A000224,Percent,239,units,0,v1807006783,23.1.1.15.4,,,1
2021/2022,2021,Quebec,Both sexes,"Total, 18 years and over","Cannabis use, past 12 months",16.2,percent,percent,,2021/2022,2021A000224,Percent,239,units,0,v1807006783,23.1.1.15.4,,,1
2023/2024,2023,Quebec,Both sexes,"Total, 18 years and over","Cannabis use, past 12 months",15.6,percent,percent,,2023/2024,2021A000224,Percent,239,units,0,v1807006783,23.1.1.15.4,,,1
2019/2020,2019,Quebec,Both sexes,"Total, 18 years and over",Heavy drinking,19.8,percent,percent,,2019/2020,2021A000224,Percent,239,units,0,v1807006811,23.1.1.19.4,,,1
2021/2022,2021,Quebec,Both sexes,"Total, 18 years and over",Heavy drinking,19.7,percent,percent,,2021/2022,2021A000224,Percent,239,units,0,v1807006811,23.1.1.19.4,,,1
2023/2024,2023,Quebec,Both sexes,"Total, 18 years and over",Heavy drinking,22.1,percent,percent,,2023/2024,2021A000224,Percent,239,units,0,v1807006811,23.1.1.19.4,,,1
2019/2020,2019,Quebec,Both sexes,"Total, 18 years and over","Sense of belonging to local community, somewhat strong or very strong",62.9,percent,percent,,2019/2020,2021A000224,Percent,239,units,0,v1807006839,23.1.1.23.4,,,1
2021/2022,2021,Quebec,Both sexes,"Total, 18 years and over","Sense of belonging to local community, somewhat strong or very strong",61.6,percent,percent,,2021/2022,2021A000224,Percent,239,units,0,v1807006839,23.1.1.23.4,,,1
2023/2024,2023,Quebec,Both sexes,"Total, 18 years and over","Sense of belonging to local community, somewhat strong or very strong",56.6,percent,percent,,2023/2024,2021A000224,Percent,239,units,0,v1807006839,23.1.1.23.4,,,1
2019/2020,2019,Quebec,Males,"Total, 18 years and over","Perceived mental health, very good or excellent",75.1,percent,percent,,2019/2020,2021A000224,Percent,239,units,0,v1807006874,23.1.2.3.4,,,1
2021/2022,2021,Quebec,Males,"Total, 18 years and over","Perceived mental health, very good or excellent",68.0,percent,percent,,2021/2022,2021A000224,Percent,239,units,0,v1807006874,23.1.2.3.4,,,1
2023/2024,2023,Quebec,Males,"Total, 18 years and over","Perceived mental health, very good or excellent",66.8,percent,percent,,2023/2024,2021A000224,Percent,239,units,0,v1807006874,23.1.2.3.4,,,1
2019/2020,2019,Quebec,Males,"Total, 18 years and over","Perceived mental health, fair or poor",5.7,percent,percent,,2019/2020,2021A000224,Percent,239,units,0,v1807006881,23.1.2.4.4,,,1
2021/2022,2021,Quebec,Males,"Total, 18 years and over","Perceived mental health, fair or poor",8.1,percent,percent,,2021/2022,2021A000224,Percent,239,units,0,v1807006881,23.1.2.4.4,,,1
2023/2024,2023,Quebec,Males,"Total, 18 years and over","Perceived mental health, fair or poor",8.0,percent,percent,,2023/2024,2021A000224,Percent,239,units,0,v1807006881,23.1.2.4.4,,,1
2019/2020,2019,Quebec,Males,"Total, 18 years and over","Perceived life stress, most days quite a bit or extremely stressful",22.0,percent,percent,,2019/2020,2021A000224,Percent,239,units,0,v1807006888,23.1.2.5.4,,,1
2021/2022,2021,Quebec,Males,"Total, 18 years and over","Perceived life stress, most days quite a bit or extremely stressful",18.6,percent,percent,,2021/2022,2021A000224,Percent,239,units,0,v1807006888,23.1.2.5.4,,,1
2023/2024,2023,Quebec,Males,"Total, 18 years and over","Perceived life stress, most days quite a bit or extremely stressful",18.8,percent,percent,,2023/2024,2021A000224,Percent,239,units,0,v1807006888,23.1.2.5.4,,,1
2019/2020,2019,Quebec,Males,"Total, 18 years and over",Mood disorder,4.6,percent,percent,,2019/2020,2021A000224,Percent,239,units,0,v1807006930,23.1.2.11.4,,,1
2021/2022,2021,Quebec,Males,"Total, 18 years and over",Mood disorder,5.8,percent,percent,,2021/2022,2021A000224,Percent,239,units,0,v1807006930,23.1.2.11.4,,,1
2023/2024,2023,Quebec,Males,"Total, 18 years and over",Mood disorder,7.3,percent,percent,,2023/2024,2021A000224,Percent,239,units,0,v1807006930,23.1.2.11.4,,,1
2019/2020,2019,Quebec,Males,"Total, 18 years and over",Anxiety disorder,5.7,percent,percent,,2019/2020,2021A000224,Percent,239,units,0,v1807006937,23.1.2.12.4,,,1
2021/2022,2021,Quebec,Males,"Total, 18 years and over",Anxiety disorder,8.5,percent,percent,,2021/2022,2021A000224,Percent,239,units,0,v1807006937,23.1.2.12.4,,,1
2023/2024,2023,Quebec,Males,"Total, 18 years and over",Anxiety disorder,,percent,percent,..,2023/2024,2021A000224,Percent,239,units,0,v1807006937,23.1.2.12.4,,,1
2019/2020,2019,Quebec,Males,"Total, 18 years and over","Cannabis use, past 12 months",22.4,percent,percent,,2019/2020,2021A000224,Percent,239,units,0,v1807006958,23.1.2.15.4,,,1
2021/2022,2021,Quebec,Males,"Total, 18 years and over","Cannabis use, past 12 months",20.5,percent,percent,,2021/2022,2021A000224,Percent,239,units,0,v1807006958,23.1.2.15.4,,,1
2023/2024,2023,Quebec,Males,"Total, 18 years and over","Cannabis use, past 12 months",19.6,percent,percent,,2023/2024,2021A000224,Percent,239,units,0,v1807006958,23.1.2.15.4,,,1
2019/2020,2019,Quebec,Males,"Total, 18 years and over",Heavy drinking,23.9,percent,percent,,2019/2020,2021A000224,Percent,239,units,0,v1807006986,23.1.2.19.4,,,1
2021/2022,2021,Quebec,Males,"Total, 18 years and over",Heavy drinking,22.4,percent,percent,,2021/2022,2021A000224,Percent,239,units,0,v1807006986,23.1.2.19.4,,,1
2023/2024,2023,Quebec,Males,"Total, 18 years and over",Heavy drinking,25.3,percent,percent,,2023/2024,2021A000224,Percent,239,units,0,v1807006986,23.1.2.19.4,,,1
2019/2020,2019,Quebec,Males,"Total, 18 years and over","Sense of belonging to local community, somewhat strong or very strong",61.6,percent,percent,,2019/2020,2021A000224,Percent,239,units,0,v1807007000,23.1.2.23.4,,,1
2021/2022,2021,Quebec,Males,"Total, 18 years and over","Sense of belonging to local community, somewhat strong or very strong",61.3,percent,percent,,2021/2022,2021A000224,Percent,239,units,0,v1807007000,23.1.2.23.4,,,1
2023/2024,2023,Quebec,Males,"Total, 18 years and over","Sense of belonging to local community, somewhat strong or very strong",56.2,percent,percent,,2023/2024,2021A000224,Percent,239,units,0,v1807007000,23.1.2.23.4,,,1
2019/2020,2019,Quebec,Females,"Total, 18 years and over","Perceived mental health, very good or excellent",67.8,percent,percent,,2019/2020,2021A000224,Percent,239,units,0,v1807007035,23.1.3.3.4,,,1
2021/2022,2021,Quebec,Females,"Total, 18 years and over","Perceived mental health, very good or excellent",62.4,percent,percent,,2021/2022,2021A000224,Percent,239,units,0,v1807007035,23.1.3.3.4,,,1
2023/2024,2023,Quebec,Females,"Total, 18 years and over","Perceived mental health, very good or excellent",60.4,percent,percent,,2023/2024,2021A000224,Percent,239,units,0,v1807007035,23.1.3.3.4,,,1
2019/2020,2019,Quebec,Females,"Total, 18 years and over","Perceived mental health, fair or poor",6.3,percent,percent,,2019/2020,2021A000224,Percent,239,units,0,v1807007042,23.1.3.4.4,,,1
2021/2022,2021,Quebec,Females,"Total, 18 years and over","Perceived mental health, fair or poor",8.4,percent,percent,,2021/2022,2021A000224,Percent,239,units,0,v1807007042,23.1.3.4.4,,,1
2023/2024,2023,Quebec,Females,"Total, 18 years and over","Perceived mental health, fair or poor",9.7,percent,percent,,2023/2024,2021A000224,Percent,239,units,0,v1807007042,23.1.3.4.4,,,1
2019/2020,2019,Quebec,Females,"Total, 18 years and over","Perceived life stress, most days quite a bit or extremely stressful",24.6,percent,percent,,2019/2020,2021A000224,Percent,239,units,0,v1807007049,23.1.3.5.4,,,1
2021/2022,2021,Quebec,Females,"Total, 18 years and over","Perceived life stress, most days quite a bit or extremely stressful",24.2,percent,percent,,2021/2022,2021A000224,Percent,239,units,0,v1807007049,23.1.3.5.4,,,1
2023/2024,2023,Quebec,Females,"Total, 18 years and over","Perceived life stress, most days quite a bit or extremely stressful",23.0,percent,percent,,2023/2024,2021A000224,Percent,239,units,0,v1807007049,23.1.3.5.4,,,1
2019/2020,2019,Quebec,Females,"Total, 18 years and over",Mood disorder,7.8,percent,percent,,2019/2020,2021A000224,Percent,239,units,0,v1807007091,23.1.3.11.4,,,1
2021/2022,2021,Quebec,Females,"Total, 18 years and over",Mood disorder,8.7,percent,percent,,2021/2022,2021A000224,Percent,239,units,0,v1807007091,23.1.3.11.4,,,1
2023/2024,2023,Quebec,Females,"Total, 18 years and over",Mood disorder,11.9,percent,percent,,2023/2024,2021A000224,Percent,239,units,0,v1807007091,23.1.3.11.4,,,1
2019/2020,2019,Quebec,Females,"Total, 18 years and over",Anxiety disorder,11.1,percent,percent,,2019/2020,2021A000224,Percent,239,units,0,v1807007098,23.1.3.12.4,,,1
2021/2022,2021,Quebec,Females,"Total, 18 years and over",Anxiety disorder,13.8,percent,percent,,2021/2022,2021A000224,Percent,239,units,0,v1807007098,23.1.3.12.4,,,1
2023/2024,2023,Quebec,Females,"Total, 18 years and over",Anxiety disorder,,percent,percent,..,2023/2024,2021A000224,Percent,239,units,0,v1807007098,23.1.3.12.4,,,1
2019/2020,2019,Quebec,Females,"Total, 18 years and over","Cannabis use, past 12 months",11.4,percent,percent,,2019/2020,2021A000224,Percent,239,units,0,v1807007119,23.1.3.15.4,,,1
2021/2022,2021,Quebec,Females,"Total, 18 years and over","Cannabis use, past 12 months",11.9,percent,percent,,2021/2022,2021A000224,Percent,239,units,0,v1807007119,23.1.3.15.4,,,1
2023/2024,2023,Quebec,Females,"Total, 18 years and over","Cannabis use, past 12 months",11.7,percent,percent,,2023/2024,2021A000224,Percent,239,units,0,v1807007119,23.1.3.15.4,,,1
2019/2020,2019,Quebec,Females,"Total, 18 years and over",Heavy drinking,15.8,percent,percent,,2019/2020,2021A000224,Percent,239,units,0,v1807007147,23.1.3.19.4,,,1
2021/2022,2021,Quebec,Females,"Total, 18 years and over",Heavy drinking,17.1,percent,percent,,2021/2022,2021A000224,Percent,239,units,0,v1807007147,23.1.3.19.4,,,1
2023/2024,2023,Quebec,Females,"Total, 18 years and over",Heavy drinking,18.8,percent,percent,,2023/2024,2021A000224,Percent,239,units,0,v1807007147,23.1.3.19.4,,,1
2019/2020,2019,Quebec,Females,"Total, 18 years and over","Sense of belonging to local community, somewhat strong or very strong",64.3,percent,percent,,2019/2020,2021A000224,Percent,239,units,0,v1807007175,23.1.3.23.4,,,1
2021/2022,2021,Quebec,Females,"Total, 18 years and over","Sense of belonging to local community, somewhat strong or very strong",61.9,percent,percent,,2021/2022,2021A000224,Percent,239,units,0,v1807007175,23.1.3.23.4,,,1
2023/2024,2023,Quebec,Females,"Total, 18 years and over","Sense of belonging to local community, somewhat strong or very strong",57.1,percent,percent,,2023/2024,2021A000224,Percent,239,units,0,v1807007175,23.1.3.23.4,,,1
2019/2020,2019,Ontario,Both sexes,"Total, 18 years and over","Perceived mental health, very good or excellent",64.3,percent,percent,,2019/2020,2021A000235,Percent,239,units,0,v1807055974,40.1.1.3.4,,,1
2021/2022,2021,Ontario,Both sexes,"Total, 18 years and over","Perceived mental health, very good or excellent",54.3,percent,percent,,2021/2022,2021A000235,Percent,239,units,0,v1807055974,40.1.1.3.4,,,1
2023/2024,2023,Ontario,Both sexes,"Total, 18 years and over","Perceived mental health, very good or excellent",51.3,percent,percent,,2023/2024,2021A000235,Percent,239,units,0,v1807055974,40.1.1.3.4,,,1
2019/2020,2019,Ontario,Both sexes,"Total, 18 years and over","Perceived mental health, fair or poor",10.0,percent,percent,,2019/2020,2021A000235,Percent,239,units,0,v1807055981,40.1.1.4.4,,,1
2021/2022,2021,Ontario,Both sexes,"Total, 18 years and over","Perceived mental health, fair or poor",14.2,percent,percent,,2021/2022,2021A000235,Percent,239,units,0,v1807055981,40.1.1.4.4,,,1
2023/2024,2023,Ontario,Both sexes,"Total, 18 years and over","Perceived mental health, fair or poor",16.3,percent,percent,,2023/2024,2021A000235,Percent,239,units,0,v1807055981,40.1.1.4.4,,,1
2019/2020,2019,Ontario,Both sexes,"Total, 18 years and over","Perceived life stress, most days quite a bit or extremely stressful",21.4,percent,percent,,2019/2020,2021A000235,Percent,239,units,0,v1807055988,40.1.1.5.4,,,1
2021/2022,2021,Ontario,Both sexes,"Total, 18 years and over","Perceived life stress, most days quite a bit or extremely stressful",22.1,percent,percent,,2021/2022,2021A000235,Percent,239,units,0,v1807055988,40.1.1.5.4,,,1
2023/2024,2023,Ontario,Both sexes,"Total, 18 years and over","Perceived life stress, most days quite a bit or extremely stressful",23.5,percent,percent,,2023/2024,2021A000235,Percent,239,units,0,v1807055988,40.1.1.5.4,,,1
2019/2020,2019,Ontario,Both sexes,"Total, 18 years and over",Mood disorder,9.8,percent,percent,,2019/2020,2021A000235,Percent,239,units,0,v1807056030,40.1.1.11.4,,,1
2021/2022,2021,Ontario,Both sexes,"Total, 18 years and over",Mood disorder,11.6,percent,percent,,2021/2022,2021A000235,Percent,239,units,0,v1807056030,40.1.1.11.4,,,1
2023/2024,2023,Ontario,Both sexes,"Total, 18 years and over",Mood disorder,13.3,percent,percent,,2023/2024,2021A000235,Percent,239,units,0,v1807056030,40.1.1.11.4,,,1
2019/2020,2019,Ontario,Both sexes,"Total, 18 years and over",Anxiety disorder,10.0,percent,percent,,2019/2020,2021A000235,Percent,239,units,0,v1807056037,40.1.1.12.4,,,1
2021/2022,2021,Ontario,Both sexes,"Total, 18 years and over",Anxiety disorder,12.9,percent,percent,,2021/2022,2021A000235,Percent,239,units,0,v1807056037,40.1.1.12.4,,,1
2023/2024,2023,Ontario,Both sexes,"Total, 18 years and over",Anxiety disorder,,percent,percent,..,2023/2024,2021A000235,Percent,239,units,0,v1807056037,40.1.1.12.4,,,1
2019/2020,2019,Ontario,Both sexes,"Total, 18 years and over","Cannabis use, past 12 months",22.5,percent,percent,,2019/2020,2021A000235,Percent,239,units,0,v1807056058,40.1.1.15.4,,,1
2021/2022,2021,Ontario,Both sexes,"Total, 18 years and over","Cannabis use, past 12 months",24.4,percent,percent,,2021/2022,2021A000235,Percent,239,units,0,v1807056058,40.1.1.15.4,,,1
2023/2024,2023,Ontario,Both sexes,"Total, 18 years and over","Cannabis use, past 12 months",20.9,percent,percent,,2023/2024,2021A000235,Percent,239,units,0,v1807056058,40.1.1.15.4,,,1
2019/2020,2019,Ontario,Both sexes,"Total, 18 years and over",Heavy drinking,16.7,percent,percent,,2019/2020,2021A000235,Percent,239,units,0,v1807056086,40.1.1.19.4,,,1
2021/2022,2021,Ontario,Both sexes,"Total, 18 years and over",Heavy drinking,17.6,percent,percent,,2021/2022,2021A000235,Percent,239,units,0,v1807056086,40.1.1.19.4,,,1
2023/2024,2023,Ontario,Both sexes,"Total, 18 years and over",Heavy drinking,17.4,percent,percent,,2023/2024,2021A000235,Percent,239,units,0,v1807056086,40.1.1.19.4,,,1
2019/2020,2019,Ontario,Both sexes,"Total, 18 years and over","Sense of belonging to local community, somewhat strong or very strong",70.2,percent,percent,,2019/2020,2021A000235,Percent,239,units,0,v1807056114,40.1.1.23.4,,,1
2021/2022,2021,Ontario,Both sexes,"Total, 18 years and over","Sense of belonging to local community, somewhat strong or very strong",66.4,percent,percent,,2021/2022,2021A000235,Percent,239,units,0,v1807056114,40.1.1.23.4,,,1
2023/2024,2023,Ontario,Both sexes,"Total, 18 years and over","Sense of belonging to local community, somewhat strong or very strong",61.6,percent,percent,,2023/2024,2021A000235,Percent,239,units,0,v1807056114,40.1.1.23.4,,,1
2019/2020,2019,Ontario,Males,"Total, 18 years and over","Perceived mental health, very good or excellent",67.2,percent,percent,,2019/2020,2021A000235,Percent,239,units,0,v1807056149,40.1.2.3.4,,,1
2021/2022,2021,Ontario,Males,"Total, 18 years and over","Perceived mental health, very good or excellent",58.2,percent,percent,,2021/2022,2021A000235,Percent,239,units,0,v1807056149,40.1.2.3.4,,,1
2023/2024,2023,Ontario,Males,"Total, 18 years and over","Perceived mental health, very good or excellent",55.0,percent,percent,,2023/2024,2021A000235,Percent,239,units,0,v1807056149,40.1.2.3.4,,,1
2019/2020,2019,Ontario,Males,"Total, 18 years and over","Perceived mental health, fair or poor",9.4,percent,percent,,2019/2020,2021A000235,Percent,239,units,0,v1807056156,40.1.2.4.4,,,1
2021/2022,2021,Ontario,Males,"Total, 18 years and over","Perceived mental health, fair or poor",12.4,percent,percent,,2021/2022,2021A000235,Percent,239,units,0,v1807056156,40.1.2.4.4,,,1
2023/2024,2023,Ontario,Males,"Total, 18 years and over","Perceived mental health, fair or poor",14.7,percent,percent,,2023/2024,2021A000235,Percent,239,units,0,v1807056156,40.1.2.4.4,,,1
2019/2020,2019,Ontario,Males,"Total, 18 years and over","Perceived life stress, most days quite a bit or extremely stressful",20.2,percent,percent,,2019/2020,2021A000235,Percent,239,units,0,v1807056163,40.1.2.5.4,,,1
2021/2022,2021,Ontario,Males,"Total, 18 years and over","Perceived life stress, most days quite a bit or extremely stressful",20.3,percent,percent,,2021/2022,2021A000235,Percent,239,units,0,v1807056163,40.1.2.5.4,,,1
2023/2024,2023,Ontario,Males,"Total, 18 years and over","Perceived life stress, most days quite a bit or extremely stressful",21.0,percent,percent,,2023/2024,2021A000235,Percent,239,units,0,v1807056163,40.1.2.5.4,,,1
2019/2020,2019,Ontario,Males,"Total, 18 years and over",Mood disorder,7.9,percent,percent,,2019/2020,2021A000235,Percent,239,units,0,v1807056205,40.1.2.11.4,,,1
2021/2022,2021,Ontario,Males,"Total, 18 years and over",Mood disorder,8.8,percent,percent,,2021/2022,2021A000235,Percent,239,units,0,v1807056205,40.1.2.11.4,,,1
2023/2024,2023,Ontario,Males,"Total, 18 years and over",Mood disorder,10.3,percent,percent,,2023/2024,2021A000235,Percent,239,units,0,v1807056205,40.1.2.11.4,,,1
2019/2020,2019,Ontario,Males,"Total, 18 years and over",Anxiety disorder,7.5,percent,percent,,2019/2020,2021A000235,Percent,239,units,0,v1807056212,40.1.2.12.4,,,1
2021/2022,2021,Ontario,Males,"Total, 18 years and over",Anxiety disorder,8.7,percent,percent,,2021/2022,2021A000235,Percent,239,units,0,v1807056212,40.1.2.12.4,,,1
2023/2024,2023,Ontario,Males,"Total, 18 years and over",Anxiety disorder,,percent,percent,..,2023/2024,2021A000235,Percent,239,units,0,v1807056212,40.1.2.12.4,,,1
2019/2020,2019,Ontario,Males,"Total, 18 years and over","Cannabis use, past 12 months",26.3,percent,percent,,2019/2020,2021A000235,Percent,239,units,0,v1807056233,40.1.2.15.4,,,1
2021/2022,2021,Ontario,Males,"Total, 18 years and over","Cannabis use, past 12 months",27.6,percent,percent,,2021/2022,2021A000235,Percent,239,units,0,v1807056233,40.1.2.15.4,,,1
2023/2024,2023,Ontario,Males,"Total, 18 years and over","Cannabis use, past 12 months",23.6,percent,percent,,2023/2024,2021A000235,Percent,239,units,0,v1807056233,40.1.2.15.4,,,1
2019/2020,2019,Ontario,Males,"Total, 18 years and over",Heavy drinking,20.8,percent,percent,,2019/2020,2021A000235,Percent,239,units,0,v1807056261,40.1.2.19.4,,,1
2021/2022,2021,Ontario,Males,"Total, 18 years and over",Heavy drinking,20.8,percent,percent,,2021/2022,2021A000235,Percent,239,units,0,v1807056261,40.1.2.19.4,,,1
2023/2024,2023,Ontario,Males,"Total, 18 years and over",Heavy drinking,20.3,percent,percent,,2023/2024,2021A000235,Percent,239,units,0,v1807056261,40.1.2.19.4,,,1
2019/2020,2019,Ontario,Males,"Total, 18 years and over","Sense of belonging to local community, somewhat strong or very strong",68.5,percent,percent,,2019/2020,2021A000235,Percent,239,units,0,v1807056275,40.1.2.23.4,,,1
2021/2022,2021,Ontario,Males,"Total, 18 years and over","Sense of belonging to local community, somewhat strong or very strong",66.2,percent,percent,,2021/2022,2021A000235,Percent,239,units,0,v1807056275,40.1.2.23.4,,,1
2023/2024,2023,Ontario,Males,"Total, 18 years and over","Sense of belonging to local community, somewhat strong or very strong",61.9,percent,percent,,2023/2024,2021A000235,Percent,239,units,0,v1807056275,40.1.2.23.4,,,1
2019/2020,2019,Ontario,Females,"Total, 18 years and over","Perceived mental health, very good or excellent",61.5,percent,percent,,2019/2020,2021A000235,Percent,239,units,0,v1807056310,40.1.3.3.4,,,1
2021/2022,2021,Ontario,Females,"Total, 18 years and over","Perceived mental health, very good or excellent",50.6,percent,percent,,2021/2022,2021A000235,Percent,239,units,0,v1807056310,40.1.3.3.4,,,1
2023/2024,2023,Ontario,Females,"Total, 18 years and over","Perceived mental health, very good or excellent",47.8,percent,percent,,2023/2024,2021A000235,Percent,239,units,0,v1807056310,40.1.3.3.4,,,1
2019/2020,2019,Ontario,Females,"Total, 18 years and over","Perceived mental health, fair or poor",10.5,percent,percent,,2019/2020,2021A000235,Percent,239,units,0,v1807056317,40.1.3.4.4,,,1
2021/2022,2021,Ontario,Females,"Total, 18 years and over","Perceived mental health, fair or poor",15.8,percent,percent,,2021/2022,2021A000235,Percent,239,units,0,v1807056317,40.1.3.4.4,,,1
2023/2024,2023,Ontario,Females,"Total, 18 years and over","Perceived mental health, fair or poor",18.0,percent,percent,,2023/2024,2021A000235,Percent,239,units,0,v1807056317,40.1.3.4.4,,,1
2019/2020,2019,Ontario,Females,"Total, 18 years and over","Perceived life stress, most days quite a bit or extremely stressful",22.6,percent,percent,,2019/2020,2021A000235,Percent,239,units,0,v1807056324,40.1.3.5.4,,,1
2021/2022,2021,Ontario,Females,"Total, 18 years and over","Perceived life stress, most days quite a bit or extremely stressful",23.8,percent,percent,,2021/2022,2021A000235,Percent,239,units,0,v1807056324,40.1.3.5.4,,,1
2023/2024,2023,Ontario,Females,"Total, 18 years and over","Perceived life stress, most days quite a bit or extremely stressful",26.0,percent,percent,,2023/2024,2021A000235,Percent,239,units,0,v1807056324,40.1.3.5.4,,,1
2019/2020,2019,Ontario,Females,"Total, 18 years and over",Mood disorder,11.6,percent,percent,,2019/2020,2021A000235,Percent,239,units,0,v1807056366,40.1.3.11.4,,,1
2021/2022,2021,Ontario,Females,"Total, 18 years and over",Mood disorder,14.2,percent,percent,,2021/2022,2021A000235,Percent,239,units,0,v1807056366,40.1.3.11.4,,,1
2023/2024,2023,Ontario,Females,"Total, 18 years and over",Mood disorder,16.2,percent,percent,,2023/2024,2021A000235,Percent,239,units,0,v1807056366,40.1.3.11.4,,,1
2019/2020,2019,Ontario,Females,"Total, 18 years and over",Anxiety disorder,12.5,percent,percent,,2019/2020,2021A000235,Percent,239,units,0,v1807056373,40.1.3.12.4,,,1
2021/2022,2021,Ontario,Females,"Total, 18 years and over",Anxiety disorder,17.0,percent,percent,,2021/2022,2021A000235,Percent,239,units,0,v1807056373,40.1.3.12.4,,,1
2023/2024,2023,Ontario,Females,"Total, 18 years and over",Anxiety disorder,,percent,percent,..,2023/2024,2021A000235,Percent,239,units,0,v1807056373,40.1.3.12.4,,,1
2019/2020,2019,Ontario,Females,"Total, 18 years and over","Cannabis use, past 12 months",18.8,percent,percent,,2019/2020,2021A000235,Percent,239,units,0,v1807056394,40.1.3.15.4,,,1
2021/2022,2021,Ontario,Females,"Total, 18 years and over","Cannabis use, past 12 months",21.4,percent,percent,,2021/2022,2021A000235,Percent,239,units,0,v1807056394,40.1.3.15.4,,,1
2023/2024,2023,Ontario,Females,"Total, 18 years and over","Cannabis use, past 12 months",18.3,percent,percent,,2023/2024,2021A000235,Percent,239,units,0,v1807056394,40.1.3.15.4,,,1
2019/2020,2019,Ontario,Females,"Total, 18 years and over",Heavy drinking,12.8,percent,percent,,2019/2020,2021A000235,Percent,239,units,0,v1807056422,40.1.3.19.4,,,1
2021/2022,2021,Ontario,Females,"Total, 18 years and over",Heavy drinking,14.5,percent,percent,,2021/2022,2021A000235,Percent,239,units,0,v1807056422,40.1.3.19.4,,,1
2023/2024,2023,Ontario,Females,"Total, 18 years and over",Heavy drinking,14.5,percent,percent,,2023/2024,2021A000235,Percent,239,units,0,v1807056422,40.1.3.19.4,,,1
2019/2020,2019,Ontario,Females,"Total, 18 years and over","Sense of belonging to local community, somewhat strong or very strong",71.8,percent,percent,,2019/2020,2021A000235,Percent,239,units,0,v1807056450,40.1.3.23.4,,,1
2021/2022,2021,Ontario,Females,"Total, 18 years and over","Sense of belonging to local community, somewhat strong or very strong",66.5,percent,percent,,2021/2022,2021A000235,Percent,239,units,0,v1807056450,40.1.3.23.4,,,1
2023/2024,2023,Ontario,Females,"Total, 18 years and over","Sense of belonging to local community, somewhat strong or very strong",61.3,percent,percent,,2023/2024,2021A000235,Percent,239,units,0,v1807056450,40.1.3.23.4,,,1
2019/2020,2019,Manitoba,Both sexes,"Total, 18 years and over","Perceived mental health, very good or excellent",62.9,percent,percent,,2019/2020,2021A000246,Percent,239,units,0,v1807157809,75.1.1.3.4,,,1
2021/2022,2021,Manitoba,Both sexes,"Total, 18 years and over","Perceived mental health, very good or excellent",54.8,percent,percent,,2021/2022,2021A000246,Percent,239,units,0,v1807157809,75.1.1.3.4,,,1
2023/2024,2023,Manitoba,Both sexes,"Total, 18 years and over","Perceived mental health, very good or excellent",51.6,percent,percent,,2023/2024,2021A000246,Percent,239,units,0,v1807157809,75.1.1.3.4,,,1
2019/2020,2019,Manitoba,Both sexes,"Total, 18 years and over","Perceived mental health, fair or poor",8.9,percent,percent,,2019/2020,2021A000246,Percent,239,units,0,v1807157816,75.1.1.4.4,,,1
2021/2022,2021,Manitoba,Both sexes,"Total, 18 years and over","Perceived mental health, fair or poor",12.9,percent,percent,,2021/2022,2021A000246,Percent,239,units,0,v1807157816,75.1.1.4.4,,,1
2023/2024,2023,Manitoba,Both sexes,"Total, 18 years and over","Perceived mental health, fair or poor",16.3,percent,percent,,2023/2024,2021A000246,Percent,239,units,0,v1807157816,75.1.1.4.4,,,1
2019/2020,2019,Manitoba,Both sexes,"Total, 18 years and over","Perceived life stress, most days quite a bit or extremely stressful",21.1,percent,percent,,2019/2020,2021A000246,Percent,239,units,0,v1807157823,75.1.1.5.4,,,1
2021/2022,2021,Manitoba,Both sexes,"Total, 18 years and over","Perceived life stress, most days quite a bit or extremely stressful",20.4,percent,percent,,2021/2022,2021A000246,Percent,239,units,0,v1807157823,75.1.1.5.4,,,1
2023/2024,2023,Manitoba,Both sexes,"Total, 18 years and over","Perceived life stress, most days quite a bit or extremely stressful",20.4,percent,percent,,2023/2024,2021A000246,Percent,239,units,0,v1807157823,75.1.1.5.4,,,1
2019/2020,2019,Manitoba,Both sexes,"Total, 18 years and over",Mood disorder,10.2,percent,percent,,2019/2020,2021A000246,Percent,239,units,0,v1807157865,75.1.1.11.4,,,1
2021/2022,2021,Manitoba,Both sexes,"Total, 18 years and over",Mood disorder,10.8,percent,percent,,2021/2022,2021A000246,Percent,239,units,0,v1807157865,75.1.1.11.4,,,1
2023/2024,2023,Manitoba,Both sexes,"Total, 18 years and over",Mood disorder,14.6,percent,percent,,2023/2024,2021A000246,Percent,239,units,0,v1807157865,75.1.1.11.4,,,1
2019/2020,2019,Manitoba,Both sexes,"Total, 18 years and over",Anxiety disorder,9.7,percent,percent,,2019/2020,2021A000246,Percent,239,units,0,v1807157872,75.1.1.12.4,,,1
2021/2022,2021,Manitoba,Both sexes,"Total, 18 years and over",Anxiety disorder,11.8,percent,percent,,2021/2022,2021A000246,Percent,239,units,0,v1807157872,75.1.1.12.4,,,1
2023/2024,2023,Manitoba,Both sexes,"Total, 18 years and over",Anxiety disorder,16.4,percent,percent,,2023/2024,2021A000246,Percent,239,units,0,v1807157872,75.1.1.12.4,,,1
2019/2020,2019,Manitoba,Both sexes,"Total, 18 years and over","Cannabis use, past 12 months",22.5,percent,percent,,2019/2020,2021A000246,Percent,239,units,0,v1807157893,75.1.1.15.4,,,1
2021/2022,2021,Manitoba,Both sexes,"Total, 18 years and over","Cannabis use, past 12 months",23.5,percent,percent,,2021/2022,2021A000246,Percent,239,units,0,v1807157893,75.1.1.15.4,,,1
2023/2024,2023,Manitoba,Both sexes,"Total, 18 years and over","Cannabis use, past 12 months",23.3,percent,percent,,2023/2024,2021A000246,Percent,239,units,0,v1807157893,75.1.1.15.4,,,1
2019/2020,2019,Manitoba,Both sexes,"Total, 18 years and over",Heavy drinking,19.2,percent,percent,,2019/2020,2021A000246,Percent,239,units,0,v1807157921,75.1.1.19.4,,,1
2021/2022,2021,Manitoba,Both sexes,"Total, 18 years and over",Heavy drinking,19.3,percent,percent,,2021/2022,2021A000246,Percent,239,units,0,v1807157921,75.1.1.19.4,,,1
2023/2024,2023,Manitoba,Both sexes,"Total, 18 years and over",Heavy drinking,20.5,percent,percent,,2023/2024,2021A000246,Percent,239,units,0,v1807157921,75.1.1.19.4,,,1
2019/2020,2019,Manitoba,Both sexes,"Total, 18 years and over","Sense of belonging to local community, somewhat strong or very strong",71.8,percent,percent,,2019/2020,2021A000246,Percent,239,units,0,v1807157949,75.1.1.23.4,,,1
2021/2022,2021,Manitoba,Both sexes,"Total, 18 years and over","Sense of belonging to local community, somewhat strong or very strong",68.1,percent,percent,,2021/2022,2021A000246,Percent,239,units,0,v1807157949,75.1.1.23.4,,,1
2023/2024,2023,Manitoba,Both sexes,"Total, 18 years and over","Sense of belonging to local community, somewhat strong or very strong",64.5,percent,percent,,2023/2024,2021A000246,Percent,239,units,0,v1807157949,75.1.1.23.4,,,1
2019/2020,2019,Manitoba,Males,"Total, 18 years and over","Perceived mental health, very good or excellent",66.6,percent,percent,,2019/2020,2021A000246,Percent,239,units,0,v1807157984,75.1.2.3.4,,,1
2021/2022,2021,Manitoba,Males,"Total, 18 years and over","Perceived mental health, very good or excellent",58.4,percent,percent,,2021/2022,2021A000246,Percent,239,units,0,v1807157984,75.1.2.3.4,,,1
2023/2024,2023,Manitoba,Males,"Total, 18 years and over","Perceived mental health, very good or excellent",56.7,percent,percent,,2023/2024,2021A000246,Percent,239,units,0,v1807157984,75.1.2.3.4,,,1
2019/2020,2019,Manitoba,Males,"Total, 18 years and over","Perceived mental health, fair or poor",7.6,percent,percent,,2019/2020,2021A000246,Percent,239,units,0,v1807157991,75.1.2.4.4,,,1
2021/2022,2021,Manitoba,Males,"Total, 18 years and over","Perceived mental health, fair or poor",11.1,percent,percent,,2021/2022,2021A000246,Percent,239,units,0,v1807157991,75.1.2.4.4,,,1
2023/2024,2023,Manitoba,Males,"Total, 18 years and over","Perceived mental health, fair or poor",13.5,percent,percent,,2023/2024,2021A000246,Percent,239,units,0,v1807157991,75.1.2.4.4,,,1
2019/2020,2019,Manitoba,Males,"Total, 18 years and over","Perceived life stress, most days quite a bit or extremely stressful",18.9,percent,percent,,2019/2020,2021A000246,Percent,239,units,0,v1807157998,75.1.2.5.4,,,1
2021/2022,2021,Manitoba,Males,"Total, 18 years and over","Perceived life stress, most days quite a bit or extremely stressful",21.1,percent,percent,,2021/2022,2021A000246,Percent,239,units,0,v1807157998,75.1.2.5.4,,,1
2023/2024,2023,Manitoba,Males,"Total, 18 years and over","Perceived life stress, most days quite a bit or extremely stressful",18.9,percent,percent,,2023/2024,2021A000246,Percent,239,units,0,v1807157998,75.1.2.5.4,,,1
2019/2020,2019,Manitoba,Males,"Total, 18 years and over",Mood disorder,7.2,percent,percent,,2019/2020,2021A000246,Percent,239,units,0,v1807158040,75.1.2.11.4,,,1
2021/2022,2021,Manitoba,Males,"Total, 18 years and over",Mood disorder,7.9,percent,percent,,2021/2022,2021A000246,Percent,239,units,0,v1807158040,75.1.2.11.4,,,1
2023/2024,2023,Manitoba,Males,"Total, 18 years and over",Mood disorder,10.5,percent,percent,,2023/2024,2021A000246,Percent,239,units,0,v1807158040,75.1.2.11.4,,,1
2019/2020,2019,Manitoba,Males,"Total, 18 years and over",Anxiety disorder,6.3,percent,percent,,2019/2020,2021A000246,Percent,239,units,0,v1807158047,75.1.2.12.4,,,1
2021/2022,2021,Manitoba,Males,"Total, 18 years and over",Anxiety disorder,8.3,percent,percent,,2021/2022,2021A000246,Percent,239,units,0,v1807158047,75.1.2.12.4,,,1
2023/2024,2023,Manitoba,Males,"Total, 18 years and over",Anxiety disorder,10.0,percent,percent,,2023/2024,2021A000246,Percent,239,units,0,v1807158047,75.1.2.12.4,,,1
2019/2020,2019,Manitoba,Males,"Total, 18 years and over","Cannabis use, past 12 months",26.4,percent,percent,,2019/2020,2021A000246,Percent,239,units,0,v1807158068,75.1.2.15.4,,,1
2021/2022,2021,Manitoba,Males,"Total, 18 years and over","Cannabis use, past 12 months",26.7,percent,percent,,2021/2022,2021A000246,Percent,239,units,0,v1807158068,75.1.2.15.4,,,1
2023/2024,2023,Manitoba,Males,"Total, 18 years and over","Cannabis use, past 12 months",27.1,percent,percent,,2023/2024,2021A000246,Percent,239,units,0,v1807158068,75.1.2.15.4,,,1
2019/2020,2019,Manitoba,Males,"Total, 18 years and over",Heavy drinking,23.9,percent,percent,,2019/2020,2021A000246,Percent,239,units,0,v1807158096,75.1.2.19.4,,,1
2021/2022,2021,Manitoba,Males,"Total, 18 years and over",Heavy drinking,24.0,percent,percent,,2021/2022,2021A000246,Percent,239,units,0,v1807158096,75.1.2.19.4,,,1
2023/2024,2023,Manitoba,Males,"Total, 18 years and over",Heavy drinking,23.6,percent,percent,,2023/2024,2021A000246,Percent,239,units,0,v1807158096,75.1.2.19.4,,,1
2019/2020,2019,Manitoba,Males,"Total, 18 years and over","Sense of belonging to local community, somewhat strong or very strong",70.6,percent,percent,,2019/2020,2021A000246,Percent,239,units,0,v1807158110,75.1.2.23.4,,,1
2021/2022,2021,Manitoba,Males,"Total, 18 years and over","Sense of belonging to local community, somewhat strong or very strong",67.9,percent,percent,,2021/2022,2021A000246,Percent,239,units,0,v1807158110,75.1.2.23.4,,,1
2023/2024,2023,Manitoba,Males,"Total, 18 years and over","Sense of belonging to local community, somewhat strong or very strong",64.7,percent,percent,,2023/2024,2021A000246,Percent,239,units,0,v1807158110,75.1.2.23.4,,,1
2019/2020,2019,Manitoba,Females,"Total, 18 years and over","Perceived mental health, very good or excellent",59.4,percent,percent,,2019/2020,2021A000246,Percent,239,units,0,v1807158145,75.1.3.3.4,,,1
2021/2022,2021,Manitoba,Females,"Total, 18 years and over","Perceived mental health, very good or excellent",51.3,percent,percent,,2021/2022,2021A000246,Percent,239,units,0,v1807158145,75.1.3.3.4,,,1
2023/2024,2023,Manitoba,Females,"Total, 18 years and over","Perceived mental health, very good or excellent",46.5,percent,percent,,2023/2024,2021A000246,Percent,239,units,0,v1807158145,75.1.3.3.4,,,1
2019/2020,2019,Manitoba,Females,"Total, 18 years and over","Perceived mental health, fair or poor",10.1,percent,percent,,2019/2020,2021A000246,Percent,239,units,0,v1807158152,75.1.3.4.4,,,1
2021/2022,2021,Manitoba,Females,"Total, 18 years and over","Perceived mental health, fair or poor",14.7,percent,percent,,2021/2022,2021A000246,Percent,239,units,0,v1807158152,75.1.3.4.4,,,1
2023/2024,2023,Manitoba,Females,"Total, 18 years and over","Perceived mental health, fair or poor",19.1,percent,percent,,2023/2024,2021A000246,Percent,239,units,0,v1807158152,75.1.3.4.4,,,1
2019/2020,2019,Manitoba,Females,"Total, 18 years and over","Perceived life stress, most days quite a bit or extremely stressful",23.3,percent,percent,,2019/2020,2021A000246,Percent,239,units,0,v1807158159,75.1.3.5.4,,,1
2021/2022,2021,Manitoba,Females,"Total, 18 years and over","Perceived life stress, most days quite a bit or extremely stressful",19.6,percent,percent,,2021/2022,2021A000246,Percent,239,units,0,v1807158159,75.1.3.5.4,,,1
2023/2024,2023,Manitoba,Females,"Total, 18 years and over","Perceived life stress, most days quite a bit or extremely stressful",22.0,percent,percent,,2023/2024,2021A000246,Percent,239,units,0,v1807158159,75.1.3.5.4,,,1
2019/2020,2019,Manitoba,Females,"Total, 18 years and over",Mood disorder,13.1,percent,percent,,2019/2020,2021A000246,Percent,239,units,0,v1807158201,75.1.3.11.4,,,1
2021/2022,2021,Manitoba,Females,"Total, 18 years and over",Mood disorder,13.6,percent,percent,,2021/2022,2021A000246,Percent,239,units,0,v1807158201,75.1.3.11.4,,,1
2023/2024,2023,Manitoba,Females,"Total, 18 years and over",Mood disorder,18.7,percent,percent,,2023/2024,2021A000246,Percent,239,units,0,v1807158201,75.1.3.11.4,,,1
2019/2020,2019,Manitoba,Females,"Total, 18 years and over",Anxiety disorder,13.0,percent,percent,,2019/2020,2021A000246,Percent,239,units,0,v1807158208,75.1.3.12.4,,,1
2021/2022,2021,Manitoba,Females,"Total, 18 years and over",Anxiety disorder,15.3,percent,percent,,2021/2022,2021A000246,Percent,239,units,0,v1807158208,75.1.3.12.4,,,1
2023/2024,2023,Manitoba,Females,"Total, 18 years and over",Anxiety disorder,22.9,percent,percent,,2023/2024,2021A000246,Percent,239,units,0,v1807158208,75.1.3.12.4,,,1
2019/2020,2019,Manitoba,Females,"Total, 18 years and over","Cannabis use, past 12 months",18.7,percent,percent,,2019/2020,2021A000246,Percent,239,units,0,v1807158229,75.1.3.15.4,,,1
2021/2022,2021,Manitoba,Females,"Total, 18 years and over","Cannabis use, past 12 months",20.3,percent,percent,,2021/2022,2021A000246,Percent,239,units,0,v1807158229,75.1.3.15.4,,,1
2023/2024,2023,Manitoba,Females,"Total, 18 years and over","Cannabis use, past 12 months",19.6,percent,percent,,2023/2024,2021A000246,Percent,239,units,0,v1807158229,75.1.3.15.4,,,1
2019/2020,2019,Manitoba,Females,"Total, 18 years and over",Heavy drinking,14.7,percent,percent,,2019/2020,2021A000246,Percent,239,units,0,v1807158257,75.1.3.19.4,,,1
2021/2022,2021,Manitoba,Females,"Total, 18 years and over",Heavy drinking,14.7,percent,percent,,2021/2022,2021A000246,Percent,239,units,0,v1807158257,75.1.3.19.4,,,1
2023/2024,2023,Manitoba,Females,"Total, 18 years and over",Heavy drinking,17.5,percent,percent,,2023/2024,2021A000246,Percent,239,units,0,v1807158257,75.1.3.19.4,,,1
2019/2020,2019,Manitoba,Females,"Total, 18 years and over","Sense of belonging to local community, somewhat strong or very strong",72.9,percent,percent,,2019/2020,2021A000246,Percent,239,units,0,v1807158285,75.1.3.23.4,,,1
2021/2022,2021,Manitoba,Females,"Total, 18 years and over","Sense of belonging to local community, somewhat strong or very strong",68.3,percent,percent,,2021/2022,2021A000246,Percent,239,units,0,v1807158285,75.1.3.23.4,,,1
2023/2024,2023,Manitoba,Females,"Total, 18 years and over","Sense of belonging to local community, somewhat strong or very strong",64.4,percent,percent,,2023/2024,2021A000246,Percent,239,units,0,v1807158285,75.1.3.23.4,,,1
2019/2020,2019,Saskatchewan,Both sexes,"Total, 18 years and over","Perceived mental health, very good or excellent",61.4,percent,percent,,2019/2020,2021A000247,Percent,239,units,0,v1807174964,81.1.1.3.4,,,1
2021/2022,2021,Saskatchewan,Both sexes,"Total, 18 years and over","Perceived mental health, very good or excellent",52.6,percent,percent,,2021/2022,2021A000247,Percent,239,units,0,v1807174964,81.1.1.3.4,,,1
2023/2024,2023,Saskatchewan,Both sexes,"Total, 18 years and over","Perceived mental health, very good or excellent",50.3,percent,percent,,2023/2024,2021A000247,Percent,239,units,0,v1807174964,81.1.1.3.4,,,1
2019/2020,2019,Saskatchewan,Both sexes,"Total, 18 years and over","Perceived mental health, fair or poor",9.3,percent,percent,,2019/2020,2021A000247,Percent,239,units,0,v1807174971,81.1.1.4.4,,,1
2021/2022,2021,Saskatchewan,Both sexes,"Total, 18 years and over","Perceived mental health, fair or poor",14.7,percent,percent,,2021/2022,2021A000247,Percent,239,units,0,v1807174971,81.1.1.4.4,,,1
2023/2024,2023,Saskatchewan,Both sexes,"Total, 18 years and over","Perceived mental health, fair or poor",16.7,percent,percent,,2023/2024,2021A000247,Percent,239,units,0,v1807174971,81.1.1.4.4,,,1
2019/2020,2019,Saskatchewan,Both sexes,"Total, 18 years and over","Perceived life stress, most days quite a bit or extremely stressful",17.7,percent,percent,,2019/2020,2021A000247,Percent,239,units,0,v1807174978,81.1.1.5.4,,,1
2021/2022,2021,Saskatchewan,Both sexes,"Total, 18 years and over","Perceived life stress, most days quite a bit or extremely stressful",20.0,percent,percent,,2021/2022,2021A000247,Percent,239,units,0,v1807174978,81.1.1.5.4,,,1
2023/2024,2023,Saskatchewan,Both sexes,"Total, 18 years and over","Perceived life stress, most days quite a bit or extremely stressful",21.5,percent,percent,,2023/2024,2021A000247,Percent,239,units,0,v1807174978,81.1.1.5.4,,,1
2019/2020,2019,Saskatchewan,Both sexes,"Total, 18 years and over",Mood disorder,12.1,percent,percent,,2019/2020,2021A000247,Percent,239,units,0,v1807175020,81.1.1.11.4,,,1
2021/2022,2021,Saskatchewan,Both sexes,"Total, 18 years and over",Mood disorder,12.3,percent,percent,,2021/2022,2021A000247,Percent,239,units,0,v1807175020,81.1.1.11.4,,,1
2023/2024,2023,Saskatchewan,Both sexes,"Total, 18 years and over",Mood disorder,14.0,percent,percent,,2023/2024,2021A000247,Percent,239,units,0,v1807175020,81.1.1.11.4,,,1
2019/2020,2019,Saskatchewan,Both sexes,"Total, 18 years and over",Anxiety disorder,10.1,percent,percent,,2019/2020,2021A000247,Percent,239,units,0,v1807175027,81.1.1.12.4,,,1
2021/2022,2021,Saskatchewan,Both sexes,"Total, 18 years and over",Anxiety disorder,12.6,percent,percent,,2021/2022,2021A000247,Percent,239,units,0,v1807175027,81.1.1.12.4,,,1
2023/2024,2023,Saskatchewan,Both sexes,"Total, 18 years and over",Anxiety disorder,16.9,percent,percent,,2023/2024,2021A000247,Percent,239,units,0,v1807175027,81.1.1.12.4,,,1
2019/2020,2019,Saskatchewan,Both sexes,"Total, 18 years and over","Cannabis use, past 12 months",21.7,percent,percent,,2019/2020,2021A000247,Percent,239,units,0,v1807175048,81.1.1.15.4,,,1
2021/2022,2021,Saskatchewan,Both sexes,"Total, 18 years and over","Cannabis use, past 12 months",23.4,percent,percent,,2021/2022,2021A000247,Percent,239,units,0,v1807175048,81.1.1.15.4,,,1
2023/2024,2023,Saskatchewan,Both sexes,"Total, 18 years and over","Cannabis use, past 12 months",22.1,percent,percent,,2023/2024,2021A000247,Percent,239,units,0,v1807175048,81.1.1.15.4,,,1
2019/2020,2019,Saskatchewan,Both sexes,"Total, 18 years and over",Heavy drinking,20.6,percent,percent,,2019/2020,2021A000247,Percent,239,units,0,v1807175076,81.1.1.19.4,,,1
2021/2022,2021,Saskatchewan,Both sexes,"Total, 18 years and over",Heavy drinking,19.4,percent,percent,,2021/2022,2021A000247,Percent,239,units,0,v1807175076,81.1.1.19.4,,,1
2023/2024,2023,Saskatchewan,Both sexes,"Total, 18 years and over",Heavy drinking,19.5,percent,percent,,2023/2024,2021A000247,Percent,239,units,0,v1807175076,81.1.1.19.4,,,1
2019/2020,2019,Saskatchewan,Both sexes,"Total, 18 years and over","Sense of belonging to local community, somewhat strong or very strong",74.2,percent,percent,,2019/2020,2021A000247,Percent,239,units,0,v1807175104,81.1.1.23.4,,,1
2021/2022,2021,Saskatchewan,Both sexes,"Total, 18 years and over","Sense of belonging to local community, somewhat strong or very strong",71.9,percent,percent,,2021/2022,2021A000247,Percent,239,units,0,v1807175104,81.1.1.23.4,,,1
2023/2024,2023,Saskatchewan,Both sexes,"Total, 18 years and over","Sense of belonging to local community, somewhat strong or very strong",66.5,percent,percent,,2023/2024,2021A000247,Percent,239,units,0,v1807175104,81.1.1.23.4,,,1
2019/2020,2019,Saskatchewan,Males,"Total, 18 years and over","Perceived mental health, very good or excellent",62.4,percent,percent,,2019/2020,2021A000247,Percent,239,units,0,v1807175139,81.1.2.3.4,,,1
2021/2022,2021,Saskatchewan,Males,"Total, 18 years and over","Perceived mental health, very good or excellent",56.4,percent,percent,,2021/2022,2021A000247,Percent,239,units,0,v1807175139,81.1.2.3.4,,,1
2023/2024,2023,Saskatchewan,Males,"Total, 18 years and over","Perceived mental health, very good or excellent",54.5,percent,percent,,2023/2024,2021A000247,Percent,239,units,0,v1807175139,81.1.2.3.4,,,1
2019/2020,2019,Saskatchewan,Males,"Total, 18 years and over","Perceived mental health, fair or poor",7.7,percent,percent,,2019/2020,2021A000247,Percent,239,units,0,v1807175146,81.1.2.4.4,,,1
2021/2022,2021,Saskatchewan,Males,"Total, 18 years and over","Perceived mental health, fair or poor",12.9,percent,percent,,2021/2022,2021A000247,Percent,239,units,0,v1807175146,81.1.2.4.4,,,1
2023/2024,2023,Saskatchewan,Males,"Total, 18 years and over","Perceived mental health, fair or poor",15.4,percent,percent,,2023/2024,2021A000247,Percent,239,units,0,v1807175146,81.1.2.4.4,,,1
2019/2020,2019,Saskatchewan,Males,"Total, 18 years and over","Perceived life stress, most days quite a bit or extremely stressful",16.6,percent,percent,,2019/2020,2021A000247,Percent,239,units,0,v1807175153,81.1.2.5.4,,,1
2021/2022,2021,Saskatchewan,Males,"Total, 18 years and over","Perceived life stress, most days quite a bit or extremely stressful",19.7,percent,percent,,2021/2022,2021A000247,Percent,239,units,0,v1807175153,81.1.2.5.4,,,1
2023/2024,2023,Saskatchewan,Males,"Total, 18 years and over","Perceived life stress, most days quite a bit or extremely stressful",19.6,percent,percent,,2023/2024,2021A000247,Percent,239,units,0,v1807175153,81.1.2.5.4,,,1
2019/2020,2019,Saskatchewan,Males,"Total, 18 years and over",Mood disorder,10.8,percent,percent,,2019/2020,2021A000247,Percent,239,units,0,v1807175195,81.1.2.11.4,,,1
2021/2022,2021,Saskatchewan,Males,"Total, 18 years and over",Mood disorder,9.7,percent,percent,,2021/2022,2021A000247,Percent,239,units,0,v1807175195,81.1.2.11.4,,,1
2023/2024,2023,Saskatchewan,Males,"Total, 18 years and over",Mood disorder,12.2,percent,percent,,2023/2024,2021A000247,Percent,239,units,0,v1807175195,81.1.2.11.4,,,1
2019/2020,2019,Saskatchewan,Males,"Total, 18 years and over",Anxiety disorder,9.3,percent,percent,,2019/2020,2021A000247,Percent,239,units,0,v1807175202,81.1.2.12.4,,,1
2021/2022,2021,Saskatchewan,Males,"Total, 18 years and over",Anxiety disorder,9.0,percent,percent,,2021/2022,2021A000247,Percent,239,units,0,v1807175202,81.1.2.12.4,,,1
2023/2024,2023,Saskatchewan,Males,"Total, 18 years and over",Anxiety disorder,12.7,percent,percent,,2023/2024,2021A000247,Percent,239,units,0,v1807175202,81.1.2.12.4,,,1
2019/2020,2019,Saskatchewan,Males,"Total, 18 years and over","Cannabis use, past 12 months",25.7,percent,percent,,2019/2020,2021A000247,Percent,239,units,0,v1807175223,81.1.2.15.4,,,1
2021/2022,2021,Saskatchewan,Males,"Total, 18 years and over","Cannabis use, past 12 months",26.6,percent,percent,,2021/2022,2021A000247,Percent,239,units,0,v1807175223,81.1.2.15.4,,,1
2023/2024,2023,Saskatchewan,Males,"Total, 18 years and over","Cannabis use, past 12 months",26.0,percent,percent,,2023/2024,2021A000247,Percent,239,units,0,v1807175223,81.1.2.15.4,,,1
2019/2020,2019,Saskatchewan,Males,"Total, 18 years and over",Heavy drinking,27.0,percent,percent,,2019/2020,2021A000247,Percent,239,units,0,v1807175251,81.1.2.19.4,,,1
2021/2022,2021,Saskatchewan,Males,"Total, 18 years and over",Heavy drinking,22.5,percent,percent,,2021/2022,2021A000247,Percent,239,units,0,v1807175251,81.1.2.19.4,,,1
2023/2024,2023,Saskatchewan,Males,"Total, 18 years and over",Heavy drinking,23.5,percent,percent,,2023/2024,2021A000247,Percent,239,units,0,v1807175251,81.1.2.19.4,,,1
2019/2020,2019,Saskatchewan,Males,"Total, 18 years and over","Sense of belonging to local community, somewhat strong or very strong",73.9,percent,percent,,2019/2020,2021A000247,Percent,239,units,0,v1807175265,81.1.2.23.4,,,1
2021/2022,2021,Saskatchewan,Males,"Total, 18 years and over","Sense of belonging to local community, somewhat strong or very strong",73.0,percent,percent,,2021/2022,2021A000247,Percent,239,units,0,v1807175265,81.1.2.23.4,,,1
2023/2024,2023,Saskatchewan,Males,"Total, 18 years and over","Sense of belonging to local community, somewhat strong or very strong",65.9,percent,percent,,2023/2024,2021A000247,Percent,239,units,0,v1807175265,81.1.2.23.4,,,1
2019/2020,2019,Saskatchewan,Females,"Total, 18 years and over","Perceived mental health, very good or excellent",60.3,percent,percent,,2019/2020,2021A000247,Percent,239,units,0,v1807175300,81.1.3.3.4,,,1
2021/2022,2021,Saskatchewan,Females,"Total, 18 years and over","Perceived mental health, very good or excellent",48.7,percent,percent,,2021/2022,2021A000247,Percent,239,units,0,v1807175300,81.1.3.3.4,,,1
2023/2024,2023,Saskatchewan,Females,"Total, 18 years and over","Perceived mental health, very good or excellent",46.1,percent,percent,,2023/2024,2021A000247,Percent,239,units,0,v1807175300,81.1.3.3.4,,,1
2019/2020,2019,Saskatchewan,Females,"Total, 18 years and over","Perceived mental health, fair or poor",10.9,percent,percent,,2019/2020,2021A000247,Percent,239,units,0,v1807175307,81.1.3.4.4,,,1
2021/2022,2021,Saskatchewan,Females,"Total, 18 years and over","Perceived mental health, fair or poor",16.5,percent,percent,,2021/2022,2021A000247,Percent,239,units,0,v1807175307,81.1.3.4.4,,,1
2023/2024,2023,Saskatchewan,Females,"Total, 18 years and over","Perceived mental health, fair or poor",17.9,percent,percent,,2023/2024,2021A000247,Percent,239,units,0,v1807175307,81.1.3.4.4,,,1
2019/2020,2019,Saskatchewan,Females,"Total, 18 years and over","Perceived life stress, most days quite a bit or extremely stressful",18.8,percent,percent,,2019/2020,2021A000247,Percent,239,units,0,v1807175314,81.1.3.5.4,,,1
2021/2022,2021,Saskatchewan,Females,"Total, 18 years and over","Perceived life stress, most days quite a bit or extremely stressful",20.4,percent,percent,,2021/2022,2021A000247,Percent,239,units,0,v1807175314,81.1.3.5.4,,,1
2023/2024,2023,Saskatchewan,Females,"Total, 18 years and over","Perceived life stress, most days quite a bit or extremely stressful",23.5,percent,percent,,2023/2024,2021A000247,Percent,239,units,0,v1807175314,81.1.3.5.4,,,1
2019/2020,2019,Saskatchewan,Females,"Total, 18 years and over",Mood disorder,13.5,percent,percent,,2019/2020,2021A000247,Percent,239,units,0,v1807175356,81.1.3.11.4,,,1
2021/2022,2021,Saskatchewan,Females,"Total, 18 years and over",Mood disorder,14.9,percent,percent,,2021/2022,2021A000247,Percent,239,units,0,v1807175356,81.1.3.11.4,,,1
2023/2024,2023,Saskatchewan,Females,"Total, 18 years and over",Mood disorder,15.9,percent,percent,,2023/2024,2021A000247,Percent,239,units,0,v1807175356,81.1.3.11.4,,,1
2019/2020,2019,Saskatchewan,Females,"Total, 18 years and over",Anxiety disorder,11.0,percent,percent,,2019/2020,2021A000247,Percent,239,units,0,v1807175363,81.1.3.12.4,,,1
2021/2022,2021,Saskatchewan,Females,"Total, 18 years and over",Anxiety disorder,16.3,percent,percent,,2021/2022,2021A000247,Percent,239,units,0,v1807175363,81.1.3.12.4,,,1
2023/2024,2023,Saskatchewan,Females,"Total, 18 years and over",Anxiety disorder,21.1,percent,percent,,2023/2024,2021A000247,Percent,239,units,0,v1807175363,81.1.3.12.4,,,1
2019/2020,2019,Saskatchewan,Females,"Total, 18 years and over","Cannabis use, past 12 months",17.7,percent,percent,,2019/2020,2021A000247,Percent,239,units,0,v1807175384,81.1.3.15.4,,,1
2021/2022,2021,Saskatchewan,Females,"Total, 18 years and over","Cannabis use, past 12 months",20.1,percent,percent,,2021/2022,2021A000247,Percent,239,units,0,v1807175384,81.1.3.15.4,,,1
2023/2024,2023,Saskatchewan,Females,"Total, 18 years and over","Cannabis use, past 12 months",18.2,percent,percent,,2023/2024,2021A000247,Percent,239,units,0,v1807175384,81.1.3.15.4,,,1
2019/2020,2019,Saskatchewan,Females,"Total, 18 years and over",Heavy drinking,14.1,percent,percent,,2019/2020,2021A000247,Percent,239,units,0,v1807175412,81.1.3.19.4,,,1
2021/2022,2021,Saskatchewan,Females,"Total, 18 years and over",Heavy drinking,16.3,percent,percent,,2021/2022,2021A000247,Percent,239,units,0,v1807175412,81.1.3.19.4,,,1
2023/2024,2023,Saskatchewan,Females,"Total, 18 years and over",Heavy drinking,15.5,percent,percent,,2023/2024,2021A000247,Percent,239,units,0,v1807175412,81.1.3.19.4,,,1
2019/2020,2019,Saskatchewan,Females,"Total, 18 years and over","Sense of belonging to local community, somewhat strong or very strong",74.6,percent,percent,,2019/2020,2021A000247,Percent,239,units,0,v1807175440,81.1.3.23.4,,,1
2021/2022,2021,Saskatchewan,Females,"Total, 18 years and over","Sense of belonging to local community, somewhat strong or very strong",70.9,percent,percent,,2021/2022,2021A000247,Percent,239,units,0,v1807175440,81.1.3.23.4,,,1
2023/2024,2023,Saskatchewan,Females,"Total, 18 years and over","Sense of belonging to local community, somewhat strong or very strong",67.2,percent,percent,,2023/2024,2021A000247,Percent,239,units,0,v1807175440,81.1.3.23.4,,,1
2019/2020,2019,Alberta,Both sexes,"Total, 18 years and over","Perceived mental health, very good or excellent",65.6,percent,percent,,2019/2020,2021A000248,Percent,239,units,0,v1807197959,89.1.1.3.4,,,1
2021/2022,2021,Alberta,Both sexes,"Total, 18 years and over","Perceived mental health, very good or excellent",55.1,percent,percent,,2021/2022,2021A000248,Percent,239,units,0,v1807197959,89.1.1.3.4,,,1
2023/2024,2023,Alberta,Both sexes,"Total, 18 years and over","Perceived mental health, very good or excellent",52.4,percent,percent,,2023/2024,2021A000248,Percent,239,units,0,v1807197959,89.1.1.3.4,,,1
2019/2020,2019,Alberta,Both sexes,"Total, 18 years and over","Perceived mental health, fair or poor",9.8,percent,percent,,2019/2020,2021A000248,Percent,239,units,0,v1807197966,89.1.1.4.4,,,1
2021/2022,2021,Alberta,Both sexes,"Total, 18 years and over","Perceived mental health, fair or poor",14.4,percent,percent,,2021/2022,2021A000248,Percent,239,units,0,v1807197966,89.1.1.4.4,,,1
2023/2024,2023,Alberta,Both sexes,"Total, 18 years and over","Perceived mental health, fair or poor",17.2,percent,percent,,2023/2024,2021A000248,Percent,239,units,0,v1807197966,89.1.1.4.4,,,1
2019/2020,2019,Alberta,Both sexes,"Total, 18 years and over","Perceived life stress, most days quite a bit or extremely stressful",20.8,percent,percent,,2019/2020,2021A000248,Percent,239,units,0,v1807197973,89.1.1.5.4,,,1
2021/2022,2021,Alberta,Both sexes,"Total, 18 years and over","Perceived life stress, most days quite a bit or extremely stressful",22.0,percent,percent,,2021/2022,2021A000248,Percent,239,units,0,v1807197973,89.1.1.5.4,,,1
2023/2024,2023,Alberta,Both sexes,"Total, 18 years and over","Perceived life stress, most days quite a bit or extremely stressful",23.2,percent,percent,,2023/2024,2021A000248,Percent,239,units,0,v1807197973,89.1.1.5.4,,,1
2019/2020,2019,Alberta,Both sexes,"Total, 18 years and over",Mood disorder,10.7,percent,percent,,2019/2020,2021A000248,Percent,239,units,0,v1807198015,89.1.1.11.4,,,1
2021/2022,2021,Alberta,Both sexes,"Total, 18 years and over",Mood disorder,11.9,percent,percent,,2021/2022,2021A000248,Percent,239,units,0,v1807198015,89.1.1.11.4,,,1
2023/2024,2023,Alberta,Both sexes,"Total, 18 years and over",Mood disorder,14.8,percent,percent,,2023/2024,2021A000248,Percent,239,units,0,v1807198015,89.1.1.11.4,,,1
2019/2020,2019,Alberta,Both sexes,"Total, 18 years and over",Anxiety disorder,9.9,percent,percent,,2019/2020,2021A000248,Percent,239,units,0,v1807198022,89.1.1.12.4,,,1
2021/2022,2021,Alberta,Both sexes,"Total, 18 years and over",Anxiety disorder,12.8,percent,percent,,2021/2022,2021A000248,Percent,239,units,0,v1807198022,89.1.1.12.4,,,1
2023/2024,2023,Alberta,Both sexes,"Total, 18 years and over",Anxiety disorder,,percent,percent,..,2023/2024,2021A000248,Percent,239,units,0,v1807198022,89.1.1.12.4,,,1
2019/2020,2019,Alberta,Both sexes,"Total, 18 years and over","Cannabis use, past 12 months",25.7,percent,percent,,2019/2020,2021A000248,Percent,239,units,0,v1807198043,89.1.1.15.4,,,1
2021/2022,2021,Alberta,Both sexes,"Total, 18 years and over","Cannabis use, past 12 months",26.3,percent,percent,,2021/2022,2021A000248,Percent,239,units,0,v1807198043,89.1.1.15.4,,,1
2023/2024,2023,Alberta,Both sexes,"Total, 18 years and over","Cannabis use, past 12 months",22.9,percent,percent,,2023/2024,2021A000248,Percent,239,units,0,v1807198043,89.1.1.15.4,,,1
2019/2020,2019,Alberta,Both sexes,"Total, 18 years and over",Heavy drinking,20.2,percent,percent,,2019/2020,2021A000248,Percent,239,units,0,v1807198071,89.1.1.19.4,,,1
2021/2022,2021,Alberta,Both sexes,"Total, 18 years and over",Heavy drinking,19.8,percent,percent,,2021/2022,2021A000248,Percent,239,units,0,v1807198071,89.1.1.19.4,,,1
2023/2024,2023,Alberta,Both sexes,"Total, 18 years and over",Heavy drinking,19.0,percent,percent,,2023/2024,2021A000248,Percent,239,units,0,v1807198071,89.1.1.19.4,,,1
2019/2020,2019,Alberta,Both sexes,"Total, 18 years and over","Sense of belonging to local community, somewhat strong or very strong",68.1,percent,percent,,2019/2020,2021A000248,Percent,239,units,0,v1807198099,89.1.1.23.4,,,1
2021/2022,2021,Alberta,Both sexes,"Total, 18 years and over","Sense of belonging to local community, somewhat strong or very strong",64.7,percent,percent,,2021/2022,2021A000248,Percent,239,units,0,v1807198099,89.1.1.23.4,,,1
2023/2024,2023,Alberta,Both sexes,"Total, 18 years and over","Sense of belonging to local community, somewhat strong or very strong",60.4,percent,percent,,2023/2024,2021A000248,Percent,239,units,0,v1807198099,89.1.1.23.4,,,1
2019/2020,2019,Alberta,Males,"Total, 18 years and over","Perceived mental health, very good or excellent",67.7,percent,percent,,2019/2020,2021A000248,Percent,239,units,0,v1807198134,89.1.2.3.4,,,1
2021/2022,2021,Alberta,Males,"Total, 18 years and over","Perceived mental health, very good or excellent",60.0,percent,percent,,2021/2022,2021A000248,Percent,239,units,0,v1807198134,89.1.2.3.4,,,1
2023/2024,2023,Alberta,Males,"Total, 18 years and over","Perceived mental health, very good or excellent",56.8,percent,percent,,2023/2024,2021A000248,Percent,239,units,0,v1807198134,89.1.2.3.4,,,1
2019/2020,2019,Alberta,Males,"Total, 18 years and over","Perceived mental health, fair or poor",8.8,percent,percent,,2019/2020,2021A000248,Percent,239,units,0,v1807198141,89.1.2.4.4,,,1
2021/2022,2021,Alberta,Males,"Total, 18 years and over","Perceived mental health, fair or poor",12.5,percent,percent,,2021/2022,2021A000248,Percent,239,units,0,v1807198141,89.1.2.4.4,,,1
2023/2024,2023,Alberta,Males,"Total, 18 years and over","Perceived mental health, fair or poor",14.4,percent,percent,,2023/2024,2021A000248,Percent,239,units,0,v1807198141,89.1.2.4.4,,,1
2019/2020,2019,Alberta,Males,"Total, 18 years and over","Perceived life stress, most days quite a bit or extremely stressful",19.1,percent,percent,,2019/2020,2021A000248,Percent,239,units,0,v1807198148,89.1.2.5.4,,,1
2021/2022,2021,Alberta,Males,"Total, 18 years and over","Perceived life stress, most days quite a bit or extremely stressful",20.4,percent,percent,,2021/2022,2021A000248,Percent,239,units,0,v1807198148,89.1.2.5.4,,,1
2023/2024,2023,Alberta,Males,"Total, 18 years and over","Perceived life stress, most days quite a bit or extremely stressful",21.2,percent,percent,,2023/2024,2021A000248,Percent,239,units,0,v1807198148,89.1.2.5.4,,,1
2019/2020,2019,Alberta,Males,"Total, 18 years and over",Mood disorder,7.9,percent,percent,,2019/2020,2021A000248,Percent,239,units,0,v1807198190,89.1.2.11.4,,,1
2021/2022,2021,Alberta,Males,"Total, 18 years and over",Mood disorder,8.7,percent,percent,,2021/2022,2021A000248,Percent,239,units,0,v1807198190,89.1.2.11.4,,,1
2023/2024,2023,Alberta,Males,"Total, 18 years and over",Mood disorder,10.8,percent,percent,,2023/2024,2021A000248,Percent,239,units,0,v1807198190,89.1.2.11.4,,,1
2019/2020,2019,Alberta,Males,"Total, 18 years and over",Anxiety disorder,7.1,percent,percent,,2019/2020,2021A000248,Percent,239,units,0,v1807198197,89.1.2.12.4,,,1
2021/2022,2021,Alberta,Males,"Total, 18 years and over",Anxiety disorder,8.5,percent,percent,,2021/2022,2021A000248,Percent,239,units,0,v1807198197,89.1.2.12.4,,,1
2023/2024,2023,Alberta,Males,"Total, 18 years and over",Anxiety disorder,,percent,percent,..,2023/2024,2021A000248,Percent,239,units,0,v1807198197,89.1.2.12.4,,,1
2019/2020,2019,Alberta,Males,"Total, 18 years and over","Cannabis use, past 12 months",29.3,percent,percent,,2019/2020,2021A000248,Percent,239,units,0,v1807198218,89.1.2.15.4,,,1
2021/2022,2021,Alberta,Males,"Total, 18 years and over","Cannabis use, past 12 months",28.9,percent,percent,,2021/2022,2021A000248,Percent,239,units,0,v1807198218,89.1.2.15.4,,,1
2023/2024,2023,Alberta,Males,"Total, 18 years and over","Cannabis use, past 12 months",23.7,percent,percent,,2023/2024,2021A000248,Percent,239,units,0,v1807198218,89.1.2.15.4,,,1
2019/2020,2019,Alberta,Males,"Total, 18 years and over",Heavy drinking,24.6,percent,percent,,2019/2020,2021A000248,Percent,239,units,0,v1807198246,89.1.2.19.4,,,1
2021/2022,2021,Alberta,Males,"Total, 18 years and over",Heavy drinking,24.4,percent,percent,,2021/2022,2021A000248,Percent,239,units,0,v1807198246,89.1.2.19.4,,,1
2023/2024,2023,Alberta,Males,"Total, 18 years and over",Heavy drinking,22.4,percent,percent,,2023/2024,2021A000248,Percent,239,units,0,v1807198246,89.1.2.19.4,,,1
2019/2020,2019,Alberta,Males,"Total, 18 years and over","Sense of belonging to local community, somewhat strong or very strong",66.8,percent,percent,,2019/2020,2021A000248,Percent,239,units,0,v1807198260,89.1.2.23.4,,,1
2021/2022,2021,Alberta,Males,"Total, 18 years and over","Sense of belonging to local community, somewhat strong or very strong",64.1,percent,percent,,2021/2022,2021A000248,Percent,239,units,0,v1807198260,89.1.2.23.4,,,1
2023/2024,2023,Alberta,Males,"Total, 18 years and over","Sense of belonging to local community, somewhat strong or very strong",60.7,percent,percent,,2023/2024,2021A000248,Percent,239,units,0,v1807198260,89.1.2.23.4,,,1
2019/2020,2019,Alberta,Females,"Total, 18 years and over","Perceived mental health, very good or excellent",63.5,percent,percent,,2019/2020,2021A000248,Percent,239,units,0,v1807198295,89.1.3.3.4,,,1
2021/2022,2021,Alberta,Females,"Total, 18 years and over","Perceived mental health, very good or excellent",50.2,percent,percent,,2021/2022,2021A000248,Percent,239,units,0,v1807198295,89.1.3.3.4,,,1
2023/2024,2023,Alberta,Females,"Total, 18 years and over","Perceived mental health, very good or excellent",48.1,percent,percent,,2023/2024,2021A000248,Percent,239,units,0,v1807198295,89.1.3.3.4,,,1
2019/2020,2019,Alberta,Females,"Total, 18 years and over","Perceived mental health, fair or poor",10.9,percent,percent,,2019/2020,2021A000248,Percent,239,units,0,v1807198302,89.1.3.4.4,,,1
2021/2022,2021,Alberta,Females,"Total, 18 years and over","Perceived mental health, fair or poor",16.2,percent,percent,,2021/2022,2021A000248,Percent,239,units,0,v1807198302,89.1.3.4.4,,,1
2023/2024,2023,Alberta,Females,"Total, 18 years and over","Perceived mental health, fair or poor",19.9,percent,percent,,2023/2024,2021A000248,Percent,239,units,0,v1807198302,89.1.3.4.4,,,1
2019/2020,2019,Alberta,Females,"Total, 18 years and over","Perceived life stress, most days quite a bit or extremely stressful",22.6,percent,percent,,2019/2020,2021A000248,Percent,239,units,0,v1807198309,89.1.3.5.4,,,1
2021/2022,2021,Alberta,Females,"Total, 18 years and over","Perceived life stress, most days quite a bit or extremely stressful",23.6,percent,percent,,2021/2022,2021A000248,Percent,239,units,0,v1807198309,89.1.3.5.4,,,1
2023/2024,2023,Alberta,Females,"Total, 18 years and over","Perceived life stress, most days quite a bit or extremely stressful",25.2,percent,percent,,2023/2024,2021A000248,Percent,239,units,0,v1807198309,89.1.3.5.4,,,1
2019/2020,2019,Alberta,Females,"Total, 18 years and over",Mood disorder,13.6,percent,percent,,2019/2020,2021A000248,Percent,239,units,0,v1807198351,89.1.3.11.4,,,1
2021/2022,2021,Alberta,Females,"Total, 18 years and over",Mood disorder,15.1,percent,percent,,2021/2022,2021A000248,Percent,239,units,0,v1807198351,89.1.3.11.4,,,1
2023/2024,2023,Alberta,Females,"Total, 18 years and over",Mood disorder,18.8,percent,percent,,2023/2024,2021A000248,Percent,239,units,0,v1807198351,89.1.3.11.4,,,1
2019/2020,2019,Alberta,Females,"Total, 18 years and over",Anxiety disorder,12.7,percent,percent,,2019/2020,2021A000248,Percent,239,units,0,v1807198358,89.1.3.12.4,,,1
2021/2022,2021,Alberta,Females,"Total, 18 years and over",Anxiety disorder,17.2,percent,percent,,2021/2022,2021A000248,Percent,239,units,0,v1807198358,89.1.3.12.4,,,1
2023/2024,2023,Alberta,Females,"Total, 18 years and over",Anxiety disorder,,percent,percent,..,2023/2024,2021A000248,Percent,239,units,0,v1807198358,89.1.3.12.4,,,1
2019/2020,2019,Alberta,Females,"Total, 18 years and over","Cannabis use, past 12 months",22.1,percent,percent,,2019/2020,2021A000248,Percent,239,units,0,v1807198379,89.1.3.15.4,,,1
2021/2022,2021,Alberta,Females,"Total, 18 years and over","Cannabis use, past 12 months",23.6,percent,percent,,2021/2022,2021A000248,Percent,239,units,0,v1807198379,89.1.3.15.4,,,1
2023/2024,2023,Alberta,Females,"Total, 18 years and over","Cannabis use, past 12 months",22.1,percent,percent,,2023/2024,2021A000248,Percent,239,units,0,v1807198379,89.1.3.15.4,,,1
2019/2020,2019,Alberta,Females,"Total, 18 years and over",Heavy drinking,15.8,percent,percent,,2019/2020,2021A000248,Percent,239,units,0,v1807198407,89.1.3.19.4,,,1
2021/2022,2021,Alberta,Females,"Total, 18 years and over",Heavy drinking,15.1,percent,percent,,2021/2022,2021A000248,Percent,239,units,0,v1807198407,89.1.3.19.4,,,1
2023/2024,2023,Alberta,Females,"Total, 18 years and over",Heavy drinking,15.6,percent,percent,,2023/2024,2021A000248,Percent,239,units,0,v1807198407,89.1.3.19.4,,,1
2019/2020,2019,Alberta,Females,"Total, 18 years and over","Sense of belonging to local community, somewhat strong or very strong",69.4,percent,percent,,2019/2020,2021A000248,Percent,239,units,0,v1807198435,89.1.3.23.4,,,1
2021/2022,2021,Alberta,Females,"Total, 18 years and over","Sense of belonging to local community, somewhat strong or very strong",65.3,percent,percent,,2021/2022,2021A000248,Percent,239,units,0,v1807198435,89.1.3.23.4,,,1
2023/2024,2023,Alberta,Females,"Total, 18 years and over","Sense of belonging to local community, somewhat strong or very strong",60.2,percent,percent,,2023/2024,2021A000248,Percent,239,units,0,v1807198435,89.1.3.23.4,,,1
2019/2020,2019,British Columbia,Both sexes,"Total, 18 years and over","Perceived mental health, very good or excellent",62.4,percent,percent,,2019/2020,2021A000259,Percent,239,units,0,v1807215114,95.1.1.3.4,,,1
2021/2022,2021,British Columbia,Both sexes,"Total, 18 years and over","Perceived mental health, very good or excellent",53.0,percent,percent,,2021/2022,2021A000259,Percent,239,units,0,v1807215114,95.1.1.3.4,,,1
2023/2024,2023,British Columbia,Both sexes,"Total, 18 years and over","Perceived mental health, very good or excellent",49.1,percent,percent,,2023/2024,2021A000259,Percent,239,units,0,v1807215114,95.1.1.3.4,,,1
2019/2020,2019,British Columbia,Both sexes,"Total, 18 years and over","Perceived mental health, fair or poor",9.8,percent,percent,,2019/2020,2021A000259,Percent,239,units,0,v1807215121,95.1.1.4.4,,,1
2021/2022,2021,British Columbia,Both sexes,"Total, 18 years and over","Perceived mental health, fair or poor",16.0,percent,percent,,2021/2022,2021A000259,Percent,239,units,0,v1807215121,95.1.1.4.4,,,1
2023/2024,2023,British Columbia,Both sexes,"Total, 18 years and over","Perceived mental health, fair or poor",17.7,percent,percent,,2023/2024,2021A000259,Percent,239,units,0,v1807215121,95.1.1.4.4,,,1
2019/2020,2019,British Columbia,Both sexes,"Total, 18 years and over","Perceived life stress, most days quite a bit or extremely stressful",21.2,percent,percent,,2019/2020,2021A000259,Percent,239,units,0,v1807215128,95.1.1.5.4,,,1
2021/2022,2021,British Columbia,Both sexes,"Total, 18 years and over","Perceived life stress, most days quite a bit or extremely stressful",21.3,percent,percent,,2021/2022,2021A000259,Percent,239,units,0,v1807215128,95.1.1.5.4,,,1
2023/2024,2023,British Columbia,Both sexes,"Total, 18 years and over","Perceived life stress, most days quite a bit or extremely stressful",23.6,percent,percent,,2023/2024,2021A000259,Percent,239,units,0,v1807215128,95.1.1.5.4,,,1
2019/2020,2019,British Columbia,Both sexes,"Total, 18 years and over",Mood disorder,9.9,percent,percent,,2019/2020,2021A000259,Percent,239,units,0,v1807215170,95.1.1.11.4,,,1
2021/2022,2021,British Columbia,Both sexes,"Total, 18 years and over",Mood disorder,12.4,percent,percent,,2021/2022,2021A000259,Percent,239,units,0,v1807215170,95.1.1.11.4,,,1
2023/2024,2023,British Columbia,Both sexes,"Total, 18 years and over",Mood disorder,14.4,percent,percent,,2023/2024,2021A000259,Percent,239,units,0,v1807215170,95.1.1.11.4,,,1
2019/2020,2019,British Columbia,Both sexes,"Total, 18 years and over",Anxiety disorder,9.4,percent,percent,,2019/2020,2021A000259,Percent,239,units,0,v1807215177,95.1.1.12.4,,,1
2021/2022,2021,British Columbia,Both sexes,"Total, 18 years and over",Anxiety disorder,12.3,percent,percent,,2021/2022,2021A000259,Percent,239,units,0,v1807215177,95.1.1.12.4,,,1
2023/2024,2023,British Columbia,Both sexes,"Total, 18 years and over",Anxiety disorder,,percent,percent,..,2023/2024,2021A000259,Percent,239,units,0,v1807215177,95.1.1.12.4,,,1
2019/2020,2019,British Columbia,Both sexes,"Total, 18 years and over","Cannabis use, past 12 months",24.0,percent,percent,,2019/2020,2021A000259,Percent,239,units,0,v1807215198,95.1.1.15.4,,,1
2021/2022,2021,British Columbia,Both sexes,"Total, 18 years and over","Cannabis use, past 12 months",26.2,percent,percent,,2021/2022,2021A000259,Percent,239,units,0,v1807215198,95.1.1.15.4,,,1
2023/2024,2023,British Columbia,Both sexes,"Total, 18 years and over","Cannabis use, past 12 months",23.9,percent,percent,,2023/2024,2021A000259,Percent,239,units,0,v1807215198,95.1.1.15.4,,,1
2019/2020,2019,British Columbia,Both sexes,"Total, 18 years and over",Heavy drinking,18.7,percent,percent,,2019/2020,2021A000259,Percent,239,units,0,v1807215226,95.1.1.19.4,,,1
2021/2022,2021,British Columbia,Both sexes,"Total, 18 years and over",Heavy drinking,18.0,percent,percent,,2021/2022,2021A000259,Percent,239,units,0,v1807215226,95.1.1.19.4,,,1
2023/2024,2023,British Columbia,Both sexes,"Total, 18 years and over",Heavy drinking,19.0,percent,percent,,2023/2024,2021A000259,Percent,239,units,0,v1807215226,95.1.1.19.4,,,1
2019/2020,2019,British Columbia,Both sexes,"Total, 18 years and over","Sense of belonging to local community, somewhat strong or very strong",69.5,percent,percent,,2019/2020,2021A000259,Percent,239,units,0,v1807215254,95.1.1.23.4,,,1
2021/2022,2021,British Columbia,Both sexes,"Total, 18 years and over","Sense of belonging to local community, somewhat strong or very strong",67.3,percent,percent,,2021/2022,2021A000259,Percent,239,units,0,v1807215254,95.1.1.23.4,,,1
2023/2024,2023,British Columbia,Both sexes,"Total, 18 years and over","Sense of belonging to local community, somewhat strong or very strong",61.3,percent,percent,,2023/2024,2021A000259,Percent,239,units,0,v1807215254,95.1.1.23.4,,,1
2019/2020,2019,British Columbia,Males,"Total, 18 years and over","Perceived mental health, very good or excellent",65.9,percent,percent,,2019/2020,2021A000259,Percent,239,units,0,v1807215289,95.1.2.3.4,,,1
2021/2022,2021,British Columbia,Males,"Total, 18 years and over","Perceived mental health, very good or excellent",57.1,percent,percent,,2021/2022,2021A000259,Percent,239,units,0,v1807215289,95.1.2.3.4,,,1
2023/2024,2023,British Columbia,Males,"Total, 18 years and over","Perceived mental health, very good or excellent",51.4,percent,percent,,2023/2024,2021A000259,Percent,239,units,0,v1807215289,95.1.2.3.4,,,1
2019/2020,2019,British Columbia,Males,"Total, 18 years and over","Perceived mental health, fair or poor",8.9,percent,percent,,2019/2020,2021A000259,Percent,239,units,0,v1807215296,95.1.2.4.4,,,1
2021/2022,2021,British Columbia,Males,"Total, 18 years and over","Perceived mental health, fair or poor",13.5,percent,percent,,2021/2022,2021A000259,Percent,239,units,0,v1807215296,95.1.2.4.4,,,1
2023/2024,2023,British Columbia,Males,"Total, 18 years and over","Perceived mental health, fair or poor",17.2,percent,percent,,2023/2024,2021A000259,Percent,239,units,0,v1807215296,95.1.2.4.4,,,1
2019/2020,2019,British Columbia,Males,"Total, 18 years and over","Perceived life stress, most days quite a bit or extremely stressful",21.4,percent,percent,,2019/2020,2021A000259,Percent,239,units,0,v1807215303,95.1.2.5.4,,,1
2021/2022,2021,British Columbia,Males,"Total, 18 years and over","Perceived life stress, most days quite a bit or extremely stressful",19.6,percent,percent,,2021/2022,2021A000259,Percent,239,units,0,v1807215303,95.1.2.5.4,,,1
2023/2024,2023,British Columbia,Males,"Total, 18 years and over","Perceived life stress, most days quite a bit or extremely stressful",21.3,percent,percent,,2023/2024,2021A000259,Percent,239,units,0,v1807215303,95.1.2.5.4,,,1
2019/2020,2019,British Columbia,Males,"Total, 18 years and over",Mood disorder,7.6,percent,percent,,2019/2020,2021A000259,Percent,239,units,0,v1807215345,95.1.2.11.4,,,1
2021/2022,2021,British Columbia,Males,"Total, 18 years and over",Mood disorder,9.4,percent,percent,,2021/2022,2021A000259,Percent,239,units,0,v1807215345,95.1.2.11.4,,,1
2023/2024,2023,British Columbia,Males,"Total, 18 years and over",Mood disorder,11.4,percent,percent,,2023/2024,2021A000259,Percent,239,units,0,v1807215345,95.1.2.11.4,,,1
2019/2020,2019,British Columbia,Males,"Total, 18 years and over",Anxiety disorder,7.1,percent,percent,,2019/2020,2021A000259,Percent,239,units,0,v1807215352,95.1.2.12.4,,,1
2021/2022,2021,British Columbia,Males,"Total, 18 years and over",Anxiety disorder,8.1,percent,percent,,2021/2022,2021A000259,Percent,239,units,0,v1807215352,95.1.2.12.4,,,1
2023/2024,2023,British Columbia,Males,"Total, 18 years and over",Anxiety disorder,,percent,percent,..,2023/2024,2021A000259,Percent,239,units,0,v1807215352,95.1.2.12.4,,,1
2019/2020,2019,British Columbia,Males,"Total, 18 years and over","Cannabis use, past 12 months",28.2,percent,percent,,2019/2020,2021A000259,Percent,239,units,0,v1807215373,95.1.2.15.4,,,1
2021/2022,2021,British Columbia,Males,"Total, 18 years and over","Cannabis use, past 12 months",29.3,percent,percent,,2021/2022,2021A000259,Percent,239,units,0,v1807215373,95.1.2.15.4,,,1
2023/2024,2023,British Columbia,Males,"Total, 18 years and over","Cannabis use, past 12 months",27.4,percent,percent,,2023/2024,2021A000259,Percent,239,units,0,v1807215373,95.1.2.15.4,,,1
2019/2020,2019,British Columbia,Males,"Total, 18 years and over",Heavy drinking,21.9,percent,percent,,2019/2020,2021A000259,Percent,239,units,0,v1807215401,95.1.2.19.4,,,1
2021/2022,2021,British Columbia,Males,"Total, 18 years and over",Heavy drinking,21.2,percent,percent,,2021/2022,2021A000259,Percent,239,units,0,v1807215401,95.1.2.19.4,,,1
2023/2024,2023,British Columbia,Males,"Total, 18 years and over",Heavy drinking,21.1,percent,percent,,2023/2024,2021A000259,Percent,239,units,0,v1807215401,95.1.2.19.4,,,1
2019/2020,2019,British Columbia,Males,"Total, 18 years and over","Sense of belonging to local community, somewhat strong or very strong",67.7,percent,percent,,2019/2020,2021A000259,Percent,239,units,0,v1807215415,95.1.2.23.4,,,1
2021/2022,2021,British Columbia,Males,"Total, 18 years and over","Sense of belonging to local community, somewhat strong or very strong",65.3,percent,percent,,2021/2022,2021A000259,Percent,239,units,0,v1807215415,95.1.2.23.4,,,1
2023/2024,2023,British Columbia,Males,"Total, 18 years and over","Sense of belonging to local community, somewhat strong or very strong",60.2,percent,percent,,2023/2024,2021A000259,Percent,239,units,0,v1807215415,95.1.2.23.4,,,1
2019/2020,2019,British Columbia,Females,"Total, 18 years and over","Perceived mental health, very good or excellent",59.2,percent,percent,,2019/2020,2021A000259,Percent,239,units,0,v1807215450,95.1.3.3.4,,,1
2021/2022,2021,British Columbia,Females,"Total, 18 years and over","Perceived mental health, very good or excellent",49.2,percent,percent,,2021/2022,2021A000259,Percent,239,units,0,v1807215450,95.1.3.3.4,,,1
2023/2024,2023,British Columbia,Females,"Total, 18 years and over","Perceived mental health, very good or excellent",46.8,percent,percent,,2023/2024,2021A000259,Percent,239,units,0,v1807215450,95.1.3.3.4,,,1
2019/2020,2019,British Columbia,Females,"Total, 18 years and over","Perceived mental health, fair or poor",10.6,percent,percent,,2019/2020,2021A000259,Percent,239,units,0,v1807215457,95.1.3.4.4,,,1
2021/2022,2021,British Columbia,Females,"Total, 18 years and over","Perceived mental health, fair or poor",18.4,percent,percent,,2021/2022,2021A000259,Percent,239,units,0,v1807215457,95.1.3.4.4,,,1
2023/2024,2023,British Columbia,Females,"Total, 18 years and over","Perceived mental health, fair or poor",18.1,percent,percent,,2023/2024,2021A000259,Percent,239,units,0,v1807215457,95.1.3.4.4,,,1
2019/2020,2019,British Columbia,Females,"Total, 18 years and over","Perceived life stress, most days quite a bit or extremely stressful",21.0,percent,percent,,2019/2020,2021A000259,Percent,239,units,0,v1807215464,95.1.3.5.4,,,1
2021/2022,2021,British Columbia,Females,"Total, 18 years and over","Perceived life stress, most days quite a bit or extremely stressful",23.0,percent,percent,,2021/2022,2021A000259,Percent,239,units,0,v1807215464,95.1.3.5.4,,,1
2023/2024,2023,British Columbia,Females,"Total, 18 years and over","Perceived life stress, most days quite a bit or extremely stressful",25.8,percent,percent,,2023/2024,2021A000259,Percent,239,units,0,v1807215464,95.1.3.5.4,,,1
2019/2020,2019,British Columbia,Females,"Total, 18 years and over",Mood disorder,12.0,percent,percent,,2019/2020,2021A000259,Percent,239,units,0,v1807215506,95.1.3.11.4,,,1
2021/2022,2021,British Columbia,Females,"Total, 18 years and over",Mood disorder,15.2,percent,percent,,2021/2022,2021A000259,Percent,239,units,0,v1807215506,95.1.3.11.4,,,1
2023/2024,2023,British Columbia,Females,"Total, 18 years and over",Mood disorder,17.3,percent,percent,,2023/2024,2021A000259,Percent,239,units,0,v1807215506,95.1.3.11.4,,,1
2019/2020,2019,British Columbia,Females,"Total, 18 years and over",Anxiety disorder,11.6,percent,percent,,2019/2020,2021A000259,Percent,239,units,0,v1807215513,95.1.3.12.4,,,1
2021/2022,2021,British Columbia,Females,"Total, 18 years and over",Anxiety disorder,16.3,percent,percent,,2021/2022,2021A000259,Percent,239,units,0,v1807215513,95.1.3.12.4,,,1
2023/2024,2023,British Columbia,Females,"Total, 18 years and over",Anxiety disorder,,percent,percent,..,2023/2024,2021A000259,Percent,239,units,0,v1807215513,95.1.3.12.4,,,1
2019/2020,2019,British Columbia,Females,"Total, 18 years and over","Cannabis use, past 12 months",19.9,percent,percent,,2019/2020,2021A000259,Percent,239,units,0,v1807215534,95.1.3.15.4,,,1
2021/2022,2021,British Columbia,Females,"Total, 18 years and over","Cannabis use, past 12 months",23.3,percent,percent,,2021/2022,2021A000259,Percent,239,units,0,v1807215534,95.1.3.15.4,,,1
2023/2024,2023,British Columbia,Females,"Total, 18 years and over","Cannabis use, past 12 months",20.6,percent,percent,,2023/2024,2021A000259,Percent,239,units,0,v1807215534,95.1.3.15.4,,,1
2019/2020,2019,British Columbia,Females,"Total, 18 years and over",Heavy drinking,15.6,percent,percent,,2019/2020,2021A000259,Percent,239,units,0,v1807215562,95.1.3.19.4,,,1
2021/2022,2021,British Columbia,Females,"Total, 18 years and over",Heavy drinking,14.9,percent,percent,,2021/2022,2021A000259,Percent,239,units,0,v1807215562,95.1.3.19.4,,,1
2023/2024,2023,British Columbia,Females,"Total, 18 years and over",Heavy drinking,17.0,percent,percent,,2023/2024,2021A000259,Percent,239,units,0,v1807215562,95.1.3.19.4,,,1
2019/2020,2019,British Columbia,Females,"Total, 18 years and over","Sense of belonging to local community, somewhat strong or very strong",71.2,percent,percent,,2019/2020,2021A000259,Percent,239,units,0,v1807215590,95.1.3.23.4,,,1
2021/2022,2021,British Columbia,Females,"Total, 18 years and over","Sense of belonging to local community, somewhat strong or very strong",69.2,percent,percent,,2021/2022,2021A000259,Percent,239,units,0,v1807215590,95.1.3.23.4,,,1
2023/2024,2023,British Columbia,Females,"Total, 18 years and over","Sense of belonging to local community, somewhat strong or very strong",62.4,percent,percent,,2023/2024,2021A000259,Percent,239,units,0,v1807215590,95.1.3.23.4,,,1
2019/2020,2019,Yukon,Both sexes,"Total, 18 years and over","Perceived mental health, very good or excellent",65.8,percent,percent,,2019/2020,2021A000260,Percent,239,units,0,v1807264389,112.1.1.3.4,,,1
2021/2022,2021,Yukon,Both sexes,"Total, 18 years and over","Perceived mental health, very good or excellent",47.1,percent,percent,,2021/2022,2021A000260,Percent,239,units,0,v1807264389,112.1.1.3.4,,,1
2023/2024,2023,Yukon,Both sexes,"Total, 18 years and over","Perceived mental health, very good or excellent",51.0,percent,percent,,2023/2024,2021A000260,Percent,239,units,0,v1807264389,112.1.1.3.4,,,1
2019/2020,2019,Yukon,Both sexes,"Total, 18 years and over","Perceived mental health, fair or poor",8.4,percent,percent,,2019/2020,2021A000260,Percent,239,units,0,v1807264396,112.1.1.4.4,,,1
2021/2022,2021,Yukon,Both sexes,"Total, 18 years and over","Perceived mental health, fair or poor",15.4,percent,percent,,2021/2022,2021A000260,Percent,239,units,0,v1807264396,112.1.1.4.4,,,1
2023/2024,2023,Yukon,Both sexes,"Total, 18 years and over","Perceived mental health, fair or poor",15.0,percent,percent,,2023/2024,2021A000260,Percent,239,units,0,v1807264396,112.1.1.4.4,,,1
2019/2020,2019,Yukon,Both sexes,"Total, 18 years and over","Perceived life stress, most days quite a bit or extremely stressful",17.0,percent,percent,,2019/2020,2021A000260,Percent,239,units,0,v1807264403,112.1.1.5.4,,,1
2021/2022,2021,Yukon,Both sexes,"Total, 18 years and over","Perceived life stress, most days quite a bit or extremely stressful",25.3,percent,percent,,2021/2022,2021A000260,Percent,239,units,0,v1807264403,112.1.1.5.4,,,1
2023/2024,2023,Yukon,Both sexes,"Total, 18 years and over","Perceived life stress, most days quite a bit or extremely stressful",21.1,percent,percent,,2023/2024,2021A000260,Percent,239,units,0,v1807264403,112.1.1.5.4,,,1
2019/2020,2019,Yukon,Both sexes,"Total, 18 years and over",Mood disorder,8.4,percent,percent,,2019/2020,2021A000260,Percent,239,units,0,v1807264445,112.1.1.11.4,,,1
2021/2022,2021,Yukon,Both sexes,"Total, 18 years and over",Mood disorder,17.2,percent,percent,,2021/2022,2021A000260,Percent,239,units,0,v1807264445,112.1.1.11.4,,,1
2023/2024,2023,Yukon,Both sexes,"Total, 18 years and over",Mood disorder,12.8,percent,percent,,2023/2024,2021A000260,Percent,239,units,0,v1807264445,112.1.1.11.4,,,1
2019/2020,2019,Yukon,Both sexes,"Total, 18 years and over",Anxiety disorder,6.8,percent,percent,,2019/2020,2021A000260,Percent,239,units,0,v1807264452,112.1.1.12.4,,,1
2021/2022,2021,Yukon,Both sexes,"Total, 18 years and over",Anxiety disorder,14.8,percent,percent,,2021/2022,2021A000260,Percent,239,units,0,v1807264452,112.1.1.12.4,,,1
2023/2024,2023,Yukon,Both sexes,"Total, 18 years and over",Anxiety disorder,13.7,percent,percent,,2023/2024,2021A000260,Percent,239,units,0,v1807264452,112.1.1.12.4,,,1
2019/2020,2019,Yukon,Both sexes,"Total, 18 years and over","Cannabis use, past 12 months",34.1,percent,percent,,2019/2020,2021A000260,Percent,239,units,0,v1807264473,112.1.1.15.4,,,1
2021/2022,2021,Yukon,Both sexes,"Total, 18 years and over","Cannabis use, past 12 months",41.0,percent,percent,,2021/2022,2021A000260,Percent,239,units,0,v1807264473,112.1.1.15.4,,,1
2023/2024,2023,Yukon,Both sexes,"Total, 18 years and over","Cannabis use, past 12 months",31.1,percent,percent,,2023/2024,2021A000260,Percent,239,units,0,v1807264473,112.1.1.15.4,,,1
2019/2020,2019,Yukon,Both sexes,"Total, 18 years and over",Heavy drinking,22.1,percent,percent,,2019/2020,2021A000260,Percent,239,units,0,v1807264501,112.1.1.19.4,,,1
2021/2022,2021,Yukon,Both sexes,"Total, 18 years and over",Heavy drinking,29.2,percent,percent,,2021/2022,2021A000260,Percent,239,units,0,v1807264501,112.1.1.19.4,,,1
2023/2024,2023,Yukon,Both sexes,"Total, 18 years and over",Heavy drinking,21.3,percent,percent,,2023/2024,2021A000260,Percent,239,units,0,v1807264501,112.1.1.19.4,,,1
2019/2020,2019,Yukon,Both sexes,"Total, 18 years and over","Sense of belonging to local community, somewhat strong or very strong",83.6,percent,percent,,2019/2020,2021A000260,Percent,239,units,0,v1807264529,112.1.1.23.4,,,1
2021/2022,2021,Yukon,Both sexes,"Total, 18 years and over","Sense of belonging to local community, somewhat strong or very strong",76.7,percent,percent,,2021/2022,2021A000260,Percent,239,units,0,v1807264529,112.1.1.23.4,,,1
2023/2024,2023,Yukon,Both sexes,"Total, 18 years and over","Sense of belonging to local community, somewhat strong or very strong",72.4,percent,percent,,2023/2024,2021A000260,Percent,239,units,0,v1807264529,112.1.1.23.4,,,1
2019/2020,2019,Yukon,Males,"Total, 18 years and over","Perceived mental health, very good or excellent",67.9,percent,percent,,2019/2020,2021A000260,Percent,239,units,0,v1807264564,112.1.2.3.4,,,1
2021/2022,2021,Yukon,Males,"Total, 18 years and over","Perceived mental health, very good or excellent",56.3,percent,percent,,2021/2022,2021A000260,Percent,239,units,0,v1807264564,112.1.2.3.4,,,1
2023/2024,2023,Yukon,Males,"Total, 18 years and over","Perceived mental health, very good or excellent",53.6,percent,percent,,2023/2024,2021A000260,Percent,239,units,0,v1807264564,112.1.2.3.4,,,1
2019/2020,2019,Yukon,Males,"Total, 18 years and over","Perceived mental health, fair or poor",7.2,percent,percent,,2019/2020,2021A000260,Percent,239,units,0,v1807264571,112.1.2.4.4,,,1
2021/2022,2021,Yukon,Males,"Total, 18 years and over","Perceived mental health, fair or poor",12.0,percent,percent,,2021/2022,2021A000260,Percent,239,units,0,v1807264571,112.1.2.4.4,,,1
2023/2024,2023,Yukon,Males,"Total, 18 years and over","Perceived mental health, fair or poor",13.5,percent,percent,,2023/2024,2021A000260,Percent,239,units,0,v1807264571,112.1.2.4.4,,,1
2019/2020,2019,Yukon,Males,"Total, 18 years and over","Perceived life stress, most days quite a bit or extremely stressful",16.1,percent,percent,,2019/2020,2021A000260,Percent,239,units,0,v1807264578,112.1.2.5.4,,,1
2021/2022,2021,Yukon,Males,"Total, 18 years and over","Perceived life stress, most days quite a bit or extremely stressful",23.1,percent,percent,,2021/2022,2021A000260,Percent,239,units,0,v1807264578,112.1.2.5.4,,,1
2023/2024,2023,Yukon,Males,"Total, 18 years and over","Perceived life stress, most days quite a bit or extremely stressful",19.6,percent,percent,,2023/2024,2021A000260,Percent,239,units,0,v1807264578,112.1.2.5.4,,,1
2019/2020,2019,Yukon,Males,"Total, 18 years and over",Mood disorder,5.8,percent,percent,,2019/2020,2021A000260,Percent,239,units,0,v1807264620,112.1.2.11.4,,,1
2021/2022,2021,Yukon,Males,"Total, 18 years and over",Mood disorder,13.1,percent,percent,,2021/2022,2021A000260,Percent,239,units,0,v1807264620,112.1.2.11.4,,,1
2023/2024,2023,Yukon,Males,"Total, 18 years and over",Mood disorder,6.3,percent,percent,,2023/2024,2021A000260,Percent,239,units,0,v1807264620,112.1.2.11.4,,,1
2019/2020,2019,Yukon,Males,"Total, 18 years and over",Anxiety disorder,3.1,percent,percent,,2019/2020,2021A000260,Percent,239,units,0,v1807264627,112.1.2.12.4,,,1
2021/2022,2021,Yukon,Males,"Total, 18 years and over",Anxiety disorder,8.2,percent,percent,,2021/2022,2021A000260,Percent,239,units,0,v1807264627,112.1.2.12.4,,,1
2023/2024,2023,Yukon,Males,"Total, 18 years and over",Anxiety disorder,7.0,percent,percent,,2023/2024,2021A000260,Percent,239,units,0,v1807264627,112.1.2.12.4,,,1
2019/2020,2019,Yukon,Males,"Total, 18 years and over","Cannabis use, past 12 months",40.0,percent,percent,,2019/2020,2021A000260,Percent,239,units,0,v1807264648,112.1.2.15.4,,,1
2021/2022,2021,Yukon,Males,"Total, 18 years and over","Cannabis use, past 12 months",47.1,percent,percent,,2021/2022,2021A000260,Percent,239,units,0,v1807264648,112.1.2.15.4,,,1
2023/2024,2023,Yukon,Males,"Total, 18 years and over","Cannabis use, past 12 months",32.6,percent,percent,,2023/2024,2021A000260,Percent,239,units,0,v1807264648,112.1.2.15.4,,,1
2019/2020,2019,Yukon,Males,"Total, 18 years and over",Heavy drinking,24.8,percent,percent,,2019/2020,2021A000260,Percent,239,units,0,v1807264676,112.1.2.19.4,,,1
2021/2022,2021,Yukon,Males,"Total, 18 years and over",Heavy drinking,34.6,percent,percent,,2021/2022,2021A000260,Percent,239,units,0,v1807264676,112.1.2.19.4,,,1
2023/2024,2023,Yukon,Males,"Total, 18 years and over",Heavy drinking,24.5,percent,percent,,2023/2024,2021A000260,Percent,239,units,0,v1807264676,112.1.2.19.4,,,1
2019/2020,2019,Yukon,Males,"Total, 18 years and over","Sense of belonging to local community, somewhat strong or very strong",81.3,percent,percent,,2019/2020,2021A000260,Percent,239,units,0,v1807264690,112.1.2.23.4,,,1
2021/2022,2021,Yukon,Males,"Total, 18 years and over","Sense of belonging to local community, somewhat strong or very strong",79.0,percent,percent,,2021/2022,2021A000260,Percent,239,units,0,v1807264690,112.1.2.23.4,,,1
2023/2024,2023,Yukon,Males,"Total, 18 years and over","Sense of belonging to local community, somewhat strong or very strong",72.4,percent,percent,,2023/2024,2021A000260,Percent,239,units,0,v1807264690,112.1.2.23.4,,,1
2019/2020,2019,Yukon,Females,"Total, 18 years and over","Perceived mental health, very good or excellent",63.8,percent,percent,,2019/2020,2021A000260,Percent,239,units,0,v1807264725,112.1.3.3.4,,,1
2021/2022,2021,Yukon,Females,"Total, 18 years and over","Perceived mental health, very good or excellent",37.8,percent,percent,,2021/2022,2021A000260,Percent,239,units,0,v1807264725,112.1.3.3.4,,,1
2023/2024,2023,Yukon,Females,"Total, 18 years and over","Perceived mental health, very good or excellent",48.4,percent,percent,,2023/2024,2021A000260,Percent,239,units,0,v1807264725,112.1.3.3.4,,,1
2019/2020,2019,Yukon,Females,"Total, 18 years and over","Perceived mental health, fair or poor",9.6,percent,percent,,2019/2020,2021A000260,Percent,239,units,0,v1807264732,112.1.3.4.4,,,1
2021/2022,2021,Yukon,Females,"Total, 18 years and over","Perceived mental health, fair or poor",18.7,percent,percent,,2021/2022,2021A000260,Percent,239,units,0,v1807264732,112.1.3.4.4,,,1
2023/2024,2023,Yukon,Females,"Total, 18 years and over","Perceived mental health, fair or poor",16.4,percent,percent,,2023/2024,2021A000260,Percent,239,units,0,v1807264732,112.1.3.4.4,,,1
2019/2020,2019,Yukon,Females,"Total, 18 years and over","Perceived life stress, most days quite a bit or extremely stressful",18.0,percent,percent,,2019/2020,2021A000260,Percent,239,units,0,v1807264739,112.1.3.5.4,,,1
2021/2022,2021,Yukon,Females,"Total, 18 years and over","Perceived life stress, most days quite a bit or extremely stressful",27.5,percent,percent,,2021/2022,2021A000260,Percent,239,units,0,v1807264739,112.1.3.5.4,,,1
2023/2024,2023,Yukon,Females,"Total, 18 years and over","Perceived life stress, most days quite a bit or extremely stressful",22.6,percent,percent,,2023/2024,2021A000260,Percent,239,units,0,v1807264739,112.1.3.5.4,,,1
2019/2020,2019,Yukon,Females,"Total, 18 years and over",Mood disorder,11.2,percent,percent,,2019/2020,2021A000260,Percent,239,units,0,v1807264781,112.1.3.11.4,,,1
2021/2022,2021,Yukon,Females,"Total, 18 years and over",Mood disorder,21.4,percent,percent,,2021/2022,2021A000260,Percent,239,units,0,v1807264781,112.1.3.11.4,,,1
2023/2024,2023,Yukon,Females,"Total, 18 years and over",Mood disorder,19.1,percent,percent,,2023/2024,2021A000260,Percent,239,units,0,v1807264781,112.1.3.11.4,,,1
2019/2020,2019,Yukon,Females,"Total, 18 years and over",Anxiety disorder,10.5,percent,percent,,2019/2020,2021A000260,Percent,239,units,0,v1807264788,112.1.3.12.4,,,1
2021/2022,2021,Yukon,Females,"Total, 18 years and over",Anxiety disorder,21.5,percent,percent,,2021/2022,2021A000260,Percent,239,units,0,v1807264788,112.1.3.12.4,,,1
2023/2024,2023,Yukon,Females,"Total, 18 years and over",Anxiety disorder,20.3,percent,percent,,2023/2024,2021A000260,Percent,239,units,0,v1807264788,112.1.3.12.4,,,1
2019/2020,2019,Yukon,Females,"Total, 18 years and over","Cannabis use, past 12 months",28.3,percent,percent,,2019/2020,2021A000260,Percent,239,units,0,v1807264809,112.1.3.15.4,,,1
2021/2022,2021,Yukon,Females,"Total, 18 years and over","Cannabis use, past 12 months",34.8,percent,percent,,2021/2022,2021A000260,Percent,239,units,0,v1807264809,112.1.3.15.4,,,1
2023/2024,2023,Yukon,Females,"Total, 18 years and over","Cannabis use, past 12 months",29.6,percent,percent,,2023/2024,2021A000260,Percent,239,units,0,v1807264809,112.1.3.15.4,,,1
2019/2020,2019,Yukon,Females,"Total, 18 years and over",Heavy drinking,19.3,percent,percent,,2019/2020,2021A000260,Percent,239,units,0,v1807264837,112.1.3.19.4,,,1
2021/2022,2021,Yukon,Females,"Total, 18 years and over",Heavy drinking,23.8,percent,percent,,2021/2022,2021A000260,Percent,239,units,0,v1807264837,112.1.3.19.4,,,1
2023/2024,2023,Yukon,Females,"Total, 18 years and over",Heavy drinking,18.3,percent,percent,,2023/2024,2021A000260,Percent,239,units,0,v1807264837,112.1.3.19.4,,,1
2019/2020,2019,Yukon,Females,"Total, 18 years and over","Sense of belonging to local community, somewhat strong or very strong",85.8,percent,percent,,2019/2020,2021A000260,Percent,239,units,0,v1807264865,112.1.3.23.4,,,1
2021/2022,2021,Yukon,Females,"Total, 18 years and over","Sense of belonging to local community, somewhat strong or very strong",74.3,percent,percent,,2021/2022,2021A000260,Percent,239,units,0,v1807264865,112.1.3.23.4,,,1
2023/2024,2023,Yukon,Females,"Total, 18 years and over","Sense of belonging to local community, somewhat strong or very strong",72.3,percent,percent,,2023/2024,2021A000260,Percent,239,units,0,v1807264865,112.1.3.23.4,,,1
2019/2020,2019,Northwest Territories,Both sexes,"Total, 18 years and over","Perceived mental health, very good or excellent",58.7,percent,percent,,2019/2020,2021A000261,Percent,239,units,0,v1807269499,114.1.1.3.4,,,1
2021/2022,2021,Northwest Territories,Both sexes,"Total, 18 years and over","Perceived mental health, very good or excellent",41.4,percent,percent,,2021/2022,2021A000261,Percent,239,units,0,v1807269499,114.1.1.3.4,,,1
2023/2024,2023,Northwest Territories,Both sexes,"Total, 18 years and over","Perceived mental health, very good or excellent",46.1,percent,percent,,2023/2024,2021A000261,Percent,239,units,0,v1807269499,114.1.1.3.4,,,1
2019/2020,2019,Northwest Territories,Both sexes,"Total, 18 years and over","Perceived mental health, fair or poor",13.2,percent,percent,,2019/2020,2021A000261,Percent,239,units,0,v1807269506,114.1.1.4.4,,,1
2021/2022,2021,Northwest Territories,Both sexes,"Total, 18 years and over","Perceived mental health, fair or poor",17.7,percent,percent,,2021/2022,2021A000261,Percent,239,units,0,v1807269506,114.1.1.4.4,,,1
2023/2024,2023,Northwest Territories,Both sexes,"Total, 18 years and over","Perceived mental health, fair or poor",18.1,percent,percent,,2023/2024,2021A000261,Percent,239,units,0,v1807269506,114.1.1.4.4,,,1
2019/2020,2019,Northwest Territories,Both sexes,"Total, 18 years and over","Perceived life stress, most days quite a bit or extremely stressful",20.5,percent,percent,,2019/2020,2021A000261,Percent,239,units,0,v1807269513,114.1.1.5.4,,,1
2021/2022,2021,Northwest Territories,Both sexes,"Total, 18 years and over","Perceived life stress, most days quite a bit or extremely stressful",20.4,percent,percent,,2021/2022,2021A000261,Percent,239,units,0,v1807269513,114.1.1.5.4,,,1
2023/2024,2023,Northwest Territories,Both sexes,"Total, 18 years and over","Perceived life stress, most days quite a bit or extremely stressful",22.6,percent,percent,,2023/2024,2021A000261,Percent,239,units,0,v1807269513,114.1.1.5.4,,,1
2019/2020,2019,Northwest Territories,Both sexes,"Total, 18 years and over",Mood disorder,8.9,percent,percent,,2019/2020,2021A000261,Percent,239,units,0,v1807269555,114.1.1.11.4,,,1
2021/2022,2021,Northwest Territories,Both sexes,"Total, 18 years and over",Mood disorder,12.0,percent,percent,,2021/2022,2021A000261,Percent,239,units,0,v1807269555,114.1.1.11.4,,,1
2023/2024,2023,Northwest Territories,Both sexes,"Total, 18 years and over",Mood disorder,14.0,percent,percent,,2023/2024,2021A000261,Percent,239,units,0,v1807269555,114.1.1.11.4,,,1
2019/2020,2019,Northwest Territories,Both sexes,"Total, 18 years and over",Anxiety disorder,7.7,percent,percent,,2019/2020,2021A000261,Percent,239,units,0,v1807269562,114.1.1.12.4,,,1
2021/2022,2021,Northwest Territories,Both sexes,"Total, 18 years and over",Anxiety disorder,14.7,percent,percent,,2021/2022,2021A000261,Percent,239,units,0,v1807269562,114.1.1.12.4,,,1
2023/2024,2023,Northwest Territories,Both sexes,"Total, 18 years and over",Anxiety disorder,15.9,percent,percent,,2023/2024,2021A000261,Percent,239,units,0,v1807269562,114.1.1.12.4,,,1
2019/2020,2019,Northwest Territories,Both sexes,"Total, 18 years and over","Cannabis use, past 12 months",34.7,percent,percent,,2019/2020,2021A000261,Percent,239,units,0,v1807269583,114.1.1.15.4,,,1
2021/2022,2021,Northwest Territories,Both sexes,"Total, 18 years and over","Cannabis use, past 12 months",38.6,percent,percent,,2021/2022,2021A000261,Percent,239,units,0,v1807269583,114.1.1.15.4,,,1
2023/2024,2023,Northwest Territories,Both sexes,"Total, 18 years and over","Cannabis use, past 12 months",35.2,percent,percent,,2023/2024,2021A000261,Percent,239,units,0,v1807269583,114.1.1.15.4,,,1
2019/2020,2019,Northwest Territories,Both sexes,"Total, 18 years and over",Heavy drinking,31.1,percent,percent,,2019/2020,2021A000261,Percent,239,units,0,v1807269611,114.1.1.19.4,,,1
2021/2022,2021,Northwest Territories,Both sexes,"Total, 18 years and over",Heavy drinking,31.7,percent,percent,,2021/2022,2021A000261,Percent,239,units,0,v1807269611,114.1.1.19.4,,,1
2023/2024,2023,Northwest Territories,Both sexes,"Total, 18 years and over",Heavy drinking,24.8,percent,percent,,2023/2024,2021A000261,Percent,239,units,0,v1807269611,114.1.1.19.4,,,1
2019/2020,2019,Northwest Territories,Both sexes,"Total, 18 years and over","Sense of belonging to local community, somewhat strong or very strong",79.3,percent,percent,,2019/2020,2021A000261,Percent,239,units,0,v1807269639,114.1.1.23.4,,,1
2021/2022,2021,Northwest Territories,Both sexes,"Total, 18 years and over","Sense of belonging to local community, somewhat strong or very strong",75.3,percent,percent,,2021/2022,2021A000261,Percent,239,units,0,v1807269639,114.1.1.23.4,,,1
2023/2024,2023,Northwest Territories,Both sexes,"Total, 18 years and over","Sense of belonging to local community, somewhat strong or very strong",71.6,percent,percent,,2023/2024,2021A000261,Percent,239,units,0,v1807269639,114.1.1.23.4,,,1
2019/2020,2019,Northwest Territories,Males,"Total, 18 years and over","Perceived mental health, very good or excellent",63.5,percent,percent,,2019/2020,2021A000261,Percent,239,units,0,v1807269674,114.1.2.3.4,,,1
2021/2022,2021,Northwest Territories,Males,"Total, 18 years and over","Perceived mental health, very good or excellent",47.1,percent,percent,,2021/2022,2021A000261,Percent,239,units,0,v1807269674,114.1.2.3.4,,,1
2023/2024,2023,Northwest Territories,Males,"Total, 18 years and over","Perceived mental health, very good or excellent",51.9,percent,percent,,2023/2024,2021A000261,Percent,239,units,0,v1807269674,114.1.2.3.4,,,1
2019/2020,2019,Northwest Territories,Males,"Total, 18 years and over","Perceived mental health, fair or poor",12.8,percent,percent,,2019/2020,2021A000261,Percent,239,units,0,v1807269681,114.1.2.4.4,,,1
2021/2022,2021,Northwest Territories,Males,"Total, 18 years and over","Perceived mental health, fair or poor",14.0,percent,percent,,2021/2022,2021A000261,Percent,239,units,0,v1807269681,114.1.2.4.4,,,1
2023/2024,2023,Northwest Territories,Males,"Total, 18 years and over","Perceived mental health, fair or poor",14.3,percent,percent,,2023/2024,2021A000261,Percent,239,units,0,v1807269681,114.1.2.4.4,,,1
2019/2020,2019,Northwest Territories,Males,"Total, 18 years and over","Perceived life stress, most days quite a bit or extremely stressful",14.3,percent,percent,,2019/2020,2021A000261,Percent,239,units,0,v1807269688,114.1.2.5.4,,,1
2021/2022,2021,Northwest Territories,Males,"Total, 18 years and over","Perceived life stress, most days quite a bit or extremely stressful",16.3,percent,percent,,2021/2022,2021A000261,Percent,239,units,0,v1807269688,114.1.2.5.4,,,1
2023/2024,2023,Northwest Territories,Males,"Total, 18 years and over","Perceived life stress, most days quite a bit or extremely stressful",20.5,percent,percent,,2023/2024,2021A000261,Percent,239,units,0,v1807269688,114.1.2.5.4,,,1
2019/2020,2019,Northwest Territories,Males,"Total, 18 years and over",Mood disorder,8.5,percent,percent,,2019/2020,2021A000261,Percent,239,units,0,v1807269730,114.1.2.11.4,,,1
2021/2022,2021,Northwest Territories,Males,"Total, 18 years and over",Mood disorder,6.7,percent,percent,,2021/2022,2021A000261,Percent,239,units,0,v1807269730,114.1.2.11.4,,,1
2023/2024,2023,Northwest Territories,Males,"Total, 18 years and over",Mood disorder,10.6,percent,percent,,2023/2024,2021A000261,Percent,239,units,0,v1807269730,114.1.2.11.4,,,1
2019/2020,2019,Northwest Territories,Males,"Total, 18 years and over",Anxiety disorder,4.6,percent,percent,,2019/2020,2021A000261,Percent,239,units,0,v1807269737,114.1.2.12.4,,,1
2021/2022,2021,Northwest Territories,Males,"Total, 18 years and over",Anxiety disorder,8.1,percent,percent,,2021/2022,2021A000261,Percent,239,units,0,v1807269737,114.1.2.12.4,,,1
2023/2024,2023,Northwest Territories,Males,"Total, 18 years and over",Anxiety disorder,10.5,percent,percent,,2023/2024,2021A000261,Percent,239,units,0,v1807269737,114.1.2.12.4,,,1
2019/2020,2019,Northwest Territories,Males,"Total, 18 years and over","Cannabis use, past 12 months",38.4,percent,percent,,2019/2020,2021A000261,Percent,239,units,0,v1807269758,114.1.2.15.4,,,1
2021/2022,2021,Northwest Territories,Males,"Total, 18 years and over","Cannabis use, past 12 months",45.1,percent,percent,,2021/2022,2021A000261,Percent,239,units,0,v1807269758,114.1.2.15.4,,,1
2023/2024,2023,Northwest Territories,Males,"Total, 18 years and over","Cannabis use, past 12 months",35.8,percent,percent,,2023/2024,2021A000261,Percent,239,units,0,v1807269758,114.1.2.15.4,,,1
2019/2020,2019,Northwest Territories,Males,"Total, 18 years and over",Heavy drinking,34.9,percent,percent,,2019/2020,2021A000261,Percent,239,units,0,v1807269786,114.1.2.19.4,,,1
2021/2022,2021,Northwest Territories,Males,"Total, 18 years and over",Heavy drinking,37.2,percent,percent,,2021/2022,2021A000261,Percent,239,units,0,v1807269786,114.1.2.19.4,,,1
2023/2024,2023,Northwest Territories,Males,"Total, 18 years and over",Heavy drinking,25.9,percent,percent,,2023/2024,2021A000261,Percent,239,units,0,v1807269786,114.1.2.19.4,,,1
2019/2020,2019,Northwest Territories,Males,"Total, 18 years and over","Sense of belonging to local community, somewhat strong or very strong",72.2,percent,percent,,2019/2020,2021A000261,Percent,239,units,0,v1807269800,114.1.2.23.4,,,1
2021/2022,2021,Northwest Territories,Males,"Total, 18 years and over","Sense of belonging to local community, somewhat strong or very strong",77.6,percent,percent,,2021/2022,2021A000261,Percent,239,units,0,v1807269800,114.1.2.23.4,,,1
2023/2024,2023,Northwest Territories,Males,"Total, 18 years and over","Sense of belonging to local community, somewhat strong or very strong",71.4,percent,percent,,2023/2024,2021A000261,Percent,239,units,0,v1807269800,114.1.2.23.4,,,1
2019/2020,2019,Northwest Territories,Females,"Total, 18 years and over","Perceived mental health, very good or excellent",53.8,percent,percent,,2019/2020,2021A000261,Percent,239,units,0,v1807269835,114.1.3.3.4,,,1
2021/2022,2021,Northwest Territories,Females,"Total, 18 years and over","Perceived mental health, very good or excellent",35.6,percent,percent,,2021/2022,2021A000261,Percent,239,units,0,v1807269835,114.1.3.3.4,,,1
2023/2024,2023,Northwest Territories,Females,"Total, 18 years and over","Perceived mental health, very good or excellent",40.3,percent,percent,,2023/2024,2021A000261,Percent,239,units,0,v1807269835,114.1.3.3.4,,,1
2019/2020,2019,Northwest Territories,Females,"Total, 18 years and over","Perceived mental health, fair or poor",13.6,percent,percent,,2019/2020,2021A000261,Percent,239,units,0,v1807269842,114.1.3.4.4,,,1
2021/2022,2021,Northwest Territories,Females,"Total, 18 years and over","Perceived mental health, fair or poor",21.5,percent,percent,,2021/2022,2021A000261,Percent,239,units,0,v1807269842,114.1.3.4.4,,,1
2023/2024,2023,Northwest Territories,Females,"Total, 18 years and over","Perceived mental health, fair or poor",21.9,percent,percent,,2023/2024,2021A000261,Percent,239,units,0,v1807269842,114.1.3.4.4,,,1
2019/2020,2019,Northwest Territories,Females,"Total, 18 years and over","Perceived life stress, most days quite a bit or extremely stressful",26.9,percent,percent,,2019/2020,2021A000261,Percent,239,units,0,v1807269849,114.1.3.5.4,,,1
2021/2022,2021,Northwest Territories,Females,"Total, 18 years and over","Perceived life stress, most days quite a bit or extremely stressful",24.8,percent,percent,,2021/2022,2021A000261,Percent,239,units,0,v1807269849,114.1.3.5.4,,,1
2023/2024,2023,Northwest Territories,Females,"Total, 18 years and over","Perceived life stress, most days quite a bit or extremely stressful",24.6,percent,percent,,2023/2024,2021A000261,Percent,239,units,0,v1807269849,114.1.3.5.4,,,1
2019/2020,2019,Northwest Territories,Females,"Total, 18 years and over",Mood disorder,9.3,percent,percent,,2019/2020,2021A000261,Percent,239,units,0,v1807269891,114.1.3.11.4,,,1
2021/2022,2021,Northwest Territories,Females,"Total, 18 years and over",Mood disorder,17.5,percent,percent,,2021/2022,2021A000261,Percent,239,units,0,v1807269891,114.1.3.11.4,,,1
2023/2024,2023,Northwest Territories,Females,"Total, 18 years and over",Mood disorder,17.5,percent,percent,,2023/2024,2021A000261,Percent,239,units,0,v1807269891,114.1.3.11.4,,,1
2019/2020,2019,Northwest Territories,Females,"Total, 18 years and over",Anxiety disorder,11.0,percent,percent,,2019/2020,2021A000261,Percent,239,units,0,v1807269898,114.1.3.12.4,,,1
2021/2022,2021,Northwest Territories,Females,"Total, 18 years and over",Anxiety disorder,21.6,percent,percent,,2021/2022,2021A000261,Percent,239,units,0,v1807269898,114.1.3.12.4,,,1
2023/2024,2023,Northwest Territories,Females,"Total, 18 years and over",Anxiety disorder,21.5,percent,percent,,2023/2024,2021A000261,Percent,239,units,0,v1807269898,114.1.3.12.4,,,1
2019/2020,2019,Northwest Territories,Females,"Total, 18 years and over","Cannabis use, past 12 months",31.0,percent,percent,,2019/2020,2021A000261,Percent,239,units,0,v1807269919,114.1.3.15.4,,,1
2021/2022,2021,Northwest Territories,Females,"Total, 18 years and over","Cannabis use, past 12 months",31.9,percent,percent,,2021/2022,2021A000261,Percent,239,units,0,v1807269919,114.1.3.15.4,,,1
2023/2024,2023,Northwest Territories,Females,"Total, 18 years and over","Cannabis use, past 12 months",34.5,percent,percent,,2023/2024,2021A000261,Percent,239,units,0,v1807269919,114.1.3.15.4,,,1
2019/2020,2019,Northwest Territories,Females,"Total, 18 years and over",Heavy drinking,27.2,percent,percent,,2019/2020,2021A000261,Percent,239,units,0,v1807269947,114.1.3.19.4,,,1
2021/2022,2021,Northwest Territories,Females,"Total, 18 years and over",Heavy drinking,26.0,percent,percent,,2021/2022,2021A000261,Percent,239,units,0,v1807269947,114.1.3.19.4,,,1
2023/2024,2023,Northwest Territories,Females,"Total, 18 years and over",Heavy drinking,23.7,percent,percent,,2023/2024,2021A000261,Percent,239,units,0,v1807269947,114.1.3.19.4,,,1
2019/2020,2019,Northwest Territories,Females,"Total, 18 years and over","Sense of belonging to local community, somewhat strong or very strong",86.5,percent,percent,,2019/2020,2021A000261,Percent,239,units,0,v1807269975,114.1.3.23.4,,,1
2021/2022,2021,Northwest Territories,Females,"Total, 18 years and over","Sense of belonging to local community, somewhat strong or very strong",72.9,percent,percent,,2021/2022,2021A000261,Percent,239,units,0,v1807269975,114.1.3.23.4,,,1
2023/2024,2023,Northwest Territories,Females,"Total, 18 years and over","Sense of belonging to local community, somewhat strong or very strong",71.8,percent,percent,,2023/2024,2021A000261,Percent,239,units,0,v1807269975,114.1.3.23.4,,,1
2019/2020,2019,Nunavut,Both sexes,"Total, 18 years and over","Perceived mental health, very good or excellent",48.7,percent,percent,E,2019/2020,2021A000262,Percent,239,units,0,v1807274609,116.1.1.3.4,,,1
2021/2022,2021,Nunavut,Both sexes,"Total, 18 years and over","Perceived mental health, very good or excellent",44.8,percent,percent,,2021/2022,2021A000262,Percent,239,units,0,v1807274609,116.1.1.3.4,,,1
2023/2024,2023,Nunavut,Both sexes,"Total, 18 years and over","Perceived mental health, very good or excellent",42.6,percent,percent,,2023/2024,2021A000262,Percent,239,units,0,v1807274609,116.1.1.3.4,,,1
2019/2020,2019,Nunavut,Both sexes,"Total, 18 years and over","Perceived mental health, fair or poor",8.2,percent,percent,E,2019/2020,2021A000262,Percent,239,units,0,v1807274616,116.1.1.4.4,,,1
2021/2022,2021,Nunavut,Both sexes,"Total, 18 years and over","Perceived mental health, fair or poor",16.9,percent,percent,,2021/2022,2021A000262,Percent,239,units,0,v1807274616,116.1.1.4.4,,,1
2023/2024,2023,Nunavut,Both sexes,"Total, 18 years and over","Perceived mental health, fair or poor",15.2,percent,percent,,2023/2024,2021A000262,Percent,239,units,0,v1807274616,116.1.1.4.4,,,1
2019/2020,2019,Nunavut,Both sexes,"Total, 18 years and over","Perceived life stress, most days quite a bit or extremely stressful",13.9,percent,percent,,2019/2020,2021A000262,Percent,239,units,0,v1807274623,116.1.1.5.4,,,1
2021/2022,2021,Nunavut,Both sexes,"Total, 18 years and over","Perceived life stress, most days quite a bit or extremely stressful",19.1,percent,percent,,2021/2022,2021A000262,Percent,239,units,0,v1807274623,116.1.1.5.4,,,1
2023/2024,2023,Nunavut,Both sexes,"Total, 18 years and over","Perceived life stress, most days quite a bit or extremely stressful",15.4,percent,percent,,2023/2024,2021A000262,Percent,239,units,0,v1807274623,116.1.1.5.4,,,1
2019/2020,2019,Nunavut,Both sexes,"Total, 18 years and over",Mood disorder,7.3,percent,percent,,2019/2020,2021A000262,Percent,239,units,0,v1807274665,116.1.1.11.4,,,1
2021/2022,2021,Nunavut,Both sexes,"Total, 18 years and over",Mood disorder,14.2,percent,percent,,2021/2022,2021A000262,Percent,239,units,0,v1807274665,116.1.1.11.4,,,1
2023/2024,2023,Nunavut,Both sexes,"Total, 18 years and over",Mood disorder,14.6,percent,percent,,2023/2024,2021A000262,Percent,239,units,0,v1807274665,116.1.1.11.4,,,1
2019/2020,2019,Nunavut,Both sexes,"Total, 18 years and over",Anxiety disorder,7.6,percent,percent,,2019/2020,2021A000262,Percent,239,units,0,v1807274672,116.1.1.12.4,,,1
2021/2022,2021,Nunavut,Both sexes,"Total, 18 years and over",Anxiety disorder,9.6,percent,percent,,2021/2022,2021A000262,Percent,239,units,0,v1807274672,116.1.1.12.4,,,1
2023/2024,2023,Nunavut,Both sexes,"Total, 18 years and over",Anxiety disorder,,percent,percent,..,2023/2024,2021A000262,Percent,239,units,0,v1807274672,116.1.1.12.4,,,1
2019/2020,2019,Nunavut,Both sexes,"Total, 18 years and over","Cannabis use, past 12 months",43.0,percent,percent,,2019/2020,2021A000262,Percent,239,units,0,v1807274693,116.1.1.15.4,,,1
2021/2022,2021,Nunavut,Both sexes,"Total, 18 years and over","Cannabis use, past 12 months",47.7,percent,percent,,2021/2022,2021A000262,Percent,239,units,0,v1807274693,116.1.1.15.4,,,1
2023/2024,2023,Nunavut,Both sexes,"Total, 18 years and over","Cannabis use, past 12 months",46.5,percent,percent,,2023/2024,2021A000262,Percent,239,units,0,v1807274693,116.1.1.15.4,,,1
2019/2020,2019,Nunavut,Both sexes,"Total, 18 years and over",Heavy drinking,21.8,percent,percent,,2019/2020,2021A000262,Percent,239,units,0,v1807274721,116.1.1.19.4,,,1
2021/2022,2021,Nunavut,Both sexes,"Total, 18 years and over",Heavy drinking,26.4,percent,percent,,2021/2022,2021A000262,Percent,239,units,0,v1807274721,116.1.1.19.4,,,1
2023/2024,2023,Nunavut,Both sexes,"Total, 18 years and over",Heavy drinking,21.0,percent,percent,,2023/2024,2021A000262,Percent,239,units,0,v1807274721,116.1.1.19.4,,,1
2019/2020,2019,Nunavut,Both sexes,"Total, 18 years and over","Sense of belonging to local community, somewhat strong or very strong",83.7,percent,percent,,2019/2020,2021A000262,Percent,239,units,0,v1807274749,116.1.1.23.4,,,1
2021/2022,2021,Nunavut,Both sexes,"Total, 18 years and over","Sense of belonging to local community, somewhat strong or very strong",85.8,percent,percent,,2021/2022,2021A000262,Percent,239,units,0,v1807274749,116.1.1.23.4,,,1
2023/2024,2023,Nunavut,Both sexes,"Total, 18 years and over","Sense of belonging to local community, somewhat strong or very strong",83.2,percent,percent,,2023/2024,2021A000262,Percent,239,units,0,v1807274749,116.1.1.23.4,,,1
2019/2020,2019,Nunavut,Males,"Total, 18 years and over","Perceived mental health, very good or excellent",,percent,percent,F,2019/2020,2021A000262,Percent,239,units,0,v1807274784,116.1.2.3.4,,,1
2021/2022,2021,Nunavut,Males,"Total, 18 years and over","Perceived mental health, very good or excellent",49.8,percent,percent,,2021/2022,2021A000262,Percent,239,units,0,v1807274784,116.1.2.3.4,,,1
2023/2024,2023,Nunavut,Males,"Total, 18 years and over","Perceived mental health, very good or excellent",46.2,percent,percent,,2023/2024,2021A000262,Percent,239,units,0,v1807274784,116.1.2.3.4,,,1
2019/2020,2019,Nunavut,Males,"Total, 18 years and over","Perceived mental health, fair or poor",8.9,percent,percent,E,2019/2020,2021A000262,Percent,239,units,0,v1807274791,116.1.2.4.4,,,1
2021/2022,2021,Nunavut,Males,"Total, 18 years and over","Perceived mental health, fair or poor",13.1,percent,percent,,2021/2022,2021A000262,Percent,239,units,0,v1807274791,116.1.2.4.4,,,1
2023/2024,2023,Nunavut,Males,"Total, 18 years and over","Perceived mental health, fair or poor",12.6,percent,percent,,2023/2024,2021A000262,Percent,239,units,0,v1807274791,116.1.2.4.4,,,1
2019/2020,2019,Nunavut,Males,"Total, 18 years and over","Perceived life stress, most days quite a bit or extremely stressful",12.7,percent,percent,,2019/2020,2021A000262,Percent,239,units,0,v1807274798,116.1.2.5.4,,,1
2021/2022,2021,Nunavut,Males,"Total, 18 years and over","Perceived life stress, most days quite a bit or extremely stressful",17.7,percent,percent,,2021/2022,2021A000262,Percent,239,units,0,v1807274798,116.1.2.5.4,,,1
2023/2024,2023,Nunavut,Males,"Total, 18 years and over","Perceived life stress, most days quite a bit or extremely stressful",13.8,percent,percent,,2023/2024,2021A000262,Percent,239,units,0,v1807274798,116.1.2.5.4,,,1
2019/2020,2019,Nunavut,Males,"Total, 18 years and over",Mood disorder,8.0,percent,percent,,2019/2020,2021A000262,Percent,239,units,0,v1807274840,116.1.2.11.4,,,1
2021/2022,2021,Nunavut,Males,"Total, 18 years and over",Mood disorder,13.5,percent,percent,,2021/2022,2021A000262,Percent,239,units,0,v1807274840,116.1.2.11.4,,,1
2023/2024,2023,Nunavut,Males,"Total, 18 years and over",Mood disorder,11.0,percent,percent,,2023/2024,2021A000262,Percent,239,units,0,v1807274840,116.1.2.11.4,,,1
2019/2020,2019,Nunavut,Males,"Total, 18 years and over",Anxiety disorder,6.0,percent,percent,,2019/2020,2021A000262,Percent,239,units,0,v1807274847,116.1.2.12.4,,,1
2021/2022,2021,Nunavut,Males,"Total, 18 years and over",Anxiety disorder,5.2,percent,percent,,2021/2022,2021A000262,Percent,239,units,0,v1807274847,116.1.2.12.4,,,1
2023/2024,2023,Nunavut,Males,"Total, 18 years and over",Anxiety disorder,,percent,percent,..,2023/2024,2021A000262,Percent,239,units,0,v1807274847,116.1.2.12.4,,,1
2019/2020,2019,Nunavut,Males,"Total, 18 years and over","Cannabis use, past 12 months",57.9,percent,percent,E,2019/2020,2021A000262,Percent,239,units,0,v1807274868,116.1.2.15.4,,,1
2021/2022,2021,Nunavut,Males,"Total, 18 years and over","Cannabis use, past 12 months",59.6,percent,percent,,2021/2022,2021A000262,Percent,239,units,0,v1807274868,116.1.2.15.4,,,1
2023/2024,2023,Nunavut,Males,"Total, 18 years and over","Cannabis use, past 12 months",55.8,percent,percent,,2023/2024,2021A000262,Percent,239,units,0,v1807274868,116.1.2.15.4,,,1
2019/2020,2019,Nunavut,Males,"Total, 18 years and over",Heavy drinking,27.0,percent,percent,E,2019/2020,2021A000262,Percent,239,units,0,v1807274896,116.1.2.19.4,,,1
2021/2022,2021,Nunavut,Males,"Total, 18 years and over",Heavy drinking,32.4,percent,percent,,2021/2022,2021A000262,Percent,239,units,0,v1807274896,116.1.2.19.4,,,1
2023/2024,2023,Nunavut,Males,"Total, 18 years and over",Heavy drinking,21.1,percent,percent,,2023/2024,2021A000262,Percent,239,units,0,v1807274896,116.1.2.19.4,,,1
2019/2020,2019,Nunavut,Males,"Total, 18 years and over","Sense of belonging to local community, somewhat strong or very strong",85.7,percent,percent,,2019/2020,2021A000262,Percent,239,units,0,v1807274910,116.1.2.23.4,,,1
2021/2022,2021,Nunavut,Males,"Total, 18 years and over","Sense of belonging to local community, somewhat strong or very strong",85.7,percent,percent,,2021/2022,2021A000262,Percent,239,units,0,v1807274910,116.1.2.23.4,,,1
2023/2024,2023,Nunavut,Males,"Total, 18 years and over","Sense of belonging to local community, somewhat strong or very strong",82.4,percent,percent,,2023/2024,2021A000262,Percent,239,units,0,v1807274910,116.1.2.23.4,,,1
2019/2020,2019,Nunavut,Females,"Total, 18 years and over","Perceived mental health, very good or excellent",,percent,percent,F,2019/2020,2021A000262,Percent,239,units,0,v1807274945,116.1.3.3.4,,,1
2021/2022,2021,Nunavut,Females,"Total, 18 years and over","Perceived mental health, very good or excellent",39.6,percent,percent,,2021/2022,2021A000262,Percent,239,units,0,v1807274945,116.1.3.3.4,,,1
2023/2024,2023,Nunavut,Females,"Total, 18 years and over","Perceived mental health, very good or excellent",38.9,percent,percent,,2023/2024,2021A000262,Percent,239,units,0,v1807274945,116.1.3.3.4,,,1
2019/2020,2019,Nunavut,Females,"Total, 18 years and over","Perceived mental health, fair or poor",7.5,percent,percent,E,2019/2020,2021A000262,Percent,239,units,0,v1807274952,116.1.3.4.4,,,1
2021/2022,2021,Nunavut,Females,"Total, 18 years and over","Perceived mental health, fair or poor",20.9,percent,percent,E,2021/2022,2021A000262,Percent,239,units,0,v1807274952,116.1.3.4.4,,,1
2023/2024,2023,Nunavut,Females,"Total, 18 years and over","Perceived mental health, fair or poor",17.9,percent,percent,,2023/2024,2021A000262,Percent,239,units,0,v1807274952,116.1.3.4.4,,,1
2019/2020,2019,Nunavut,Females,"Total, 18 years and over","Perceived life stress, most days quite a bit or extremely stressful",15.1,percent,percent,,2019/2020,2021A000262,Percent,239,units,0,v1807274959,116.1.3.5.4,,,1
2021/2022,2021,Nunavut,Females,"Total, 18 years and over","Perceived life stress, most days quite a bit or extremely stressful",20.5,percent,percent,,2021/2022,2021A000262,Percent,239,units,0,v1807274959,116.1.3.5.4,,,1
2023/2024,2023,Nunavut,Females,"Total, 18 years and over","Perceived life stress, most days quite a bit or extremely stressful",17.0,percent,percent,,2023/2024,2021A000262,Percent,239,units,0,v1807274959,116.1.3.5.4,,,1
2019/2020,2019,Nunavut,Females,"Total, 18 years and over",Mood disorder,6.6,percent,percent,,2019/2020,2021A000262,Percent,239,units,0,v1807275001,116.1.3.11.4,,,1
2021/2022,2021,Nunavut,Females,"Total, 18 years and over",Mood disorder,14.9,percent,percent,,2021/2022,2021A000262,Percent,239,units,0,v1807275001,116.1.3.11.4,,,1
2023/2024,2023,Nunavut,Females,"Total, 18 years and over",Mood disorder,18.3,percent,percent,,2023/2024,2021A000262,Percent,239,units,0,v1807275001,116.1.3.11.4,,,1
2019/2020,2019,Nunavut,Females,"Total, 18 years and over",Anxiety disorder,9.3,percent,percent,E,2019/2020,2021A000262,Percent,239,units,0,v1807275008,116.1.3.12.4,,,1
2021/2022,2021,Nunavut,Females,"Total, 18 years and over",Anxiety disorder,14.0,percent,percent,,2021/2022,2021A000262,Percent,239,units,0,v1807275008,116.1.3.12.4,,,1
2023/2024,2023,Nunavut,Females,"Total, 18 years and over",Anxiety disorder,,percent,percent,..,2023/2024,2021A000262,Percent,239,units,0,v1807275008,116.1.3.12.4,,,1
2019/2020,2019,Nunavut,Females,"Total, 18 years and over","Cannabis use, past 12 months",27.5,percent,percent,,2019/2020,2021A000262,Percent,239,units,0,v1807275029,116.1.3.15.4,,,1
2021/2022,2021,Nunavut,Females,"Total, 18 years and over","Cannabis use, past 12 months",35.4,percent,percent,E,2021/2022,2021A000262,Percent,239,units,0,v1807275029,116.1.3.15.4,,,1
2023/2024,2023,Nunavut,Females,"Total, 18 years and over","Cannabis use, past 12 months",37.0,percent,percent,,2023/2024,2021A000262,Percent,239,units,0,v1807275029,116.1.3.15.4,,,1
2019/2020,2019,Nunavut,Females,"Total, 18 years and over",Heavy drinking,16.3,percent,percent,E,2019/2020,2021A000262,Percent,239,units,0,v1807275057,116.1.3.19.4,,,1
2021/2022,2021,Nunavut,Females,"Total, 18 years and over",Heavy drinking,20.3,percent,percent,,2021/2022,2021A000262,Percent,239,units,0,v1807275057,116.1.3.19.4,,,1
2023/2024,2023,Nunavut,Females,"Total, 18 years and over",Heavy drinking,20.8,percent,percent,,2023/2024,2021A000262,Percent,239,units,0,v1807275057,116.1.3.19.4,,,1
2019/2020,2019,Nunavut,Females,"Total, 18 years and over","Sense of belonging to local community, somewhat strong or very strong",81.6,percent,percent,E,2019/2020,2021A000262,Percent,239,units,0,v1807275085,116.1.3.23.4,,,1
2021/2022,2021,Nunavut,Females,"Total, 18 years and over","Sense of belonging to local community, somewhat strong or very strong",85.8,percent,percent,E,2021/2022,2021A000262,Percent,239,units,0,v1807275085,116.1.3.23.4,,,1
2023/2024,2023,Nunavut,Females,"Total, 18 years and over","Sense of belonging to local community, somewhat strong or very strong",84.1,percent,percent,,2023/2024,2021A000262,Percent,239,units,0,v1807275085,116.1.3.23.4,,,1
